caseyear,state,st_case,statename,ve_total,ve_forms,pvh_invl,peds,pernotmvit,permvit,persons,county,countyname,city,cityname,day,month,monthname,year,day_week,day_weekname,hour,hourname,minute,minutename,nhs,nhsname,rur_urb,rur_urbname,func_sys,func_sysname,rd_owner,rd_ownername,route,routename,tway_id,tway_id2,milept,mileptname,latitude,latitudename,longitud,longitudname,sp_jur,sp_jurname,harm_ev,harm_evname,man_coll,man_collname,reljct1,reljct1name,reljct2,reljct2name,typ_int,typ_intname,wrk_zone,wrk_zonename,road_fnc,road_fncname,rel_road,rel_roadname,lgt_cond,lgt_condname,weather1,weather1name,weather2,weather2name,weather,weathername,sch_bus,sch_busname,rail,railname,not_hour,not_hourname,not_min,not_minname,arr_hour,arr_hourname,arr_min,arr_minname,hosp_hr,hosp_hrname,hosp_mn,hosp_mnname,cf1,cf1name,cf2,cf2name,cf3,cf3name,fatals,drunk_dr
2014,1,10073,Alabama,2,2,0,0,0,2,2,123,TALLAPOOSA (123),0,NOT APPLICABLE,4,2,February,2014,3,Tuesday,8,8:00am-8:59am,45,45,0,This section IS NOT on the NHS,,,,,,,3,State Highway,SR-22,,1101,1101,32.90754167,32.90754167,-86.004630560,-86.004630560,0,No Special Jurisdiction,12,"Motor Vehicle In-Transport ",2,Front-to-Front,0,No,1,Non-Junction,1,Not an Intersection,0,None,3,Rural-Minor Arterial,1,On Roadway,1,Daylight,10,Cloudy,0,No Additional Atmospheric Conditions,10,Cloudy,0,No,0000000,Not Applicable,99,Unknown,99,Unknown,8,8:00am-8:59am,55,55,88,"Not Applicable (Not Transported) ",88,Not Applicable (Not Transported),0,None,0,None,0,None,1,0
2014,1,10074,Alabama,1,1,0,1,1,1,1,125,TUSCALOOSA (125),3050,TUSCALOOSA,5,2,February,2014,4,Wednesday,0,0:00am-0:59am,58,58,1,This section IS ON the NHS,,,,,,,3,State Highway,SR-69,,0,None,33.16575556,33.16575556,-87.550638890,-87.550638890,0,No Special Jurisdiction,8,Pedestrian,0,Not a Collision with Motor Vehicle In-Transport,0,No,1,Non-Junction,1,Not an Intersection,0,None,11,Urban-Principal Arterial-Interstate,1,On Roadway,3,Dark - Lighted,10,Cloudy,0,No Additional Atmospheric Conditions,10,Cloudy,0,No,0000000,Not Applicable,99,Unknown,99,Unknown,1,1:00am-1:59am,2,2,88,"Not Applicable (Not Transported) ",88,Not Applicable (Not Transported),0,None,0,None,0,None,1,0
2014,1,10075,Alabama,2,2,0,0,0,2,2,89,MADISON (89),1730,HUNTSVILLE,5,2,February,2014,4,Wednesday,22,10:00pm-10:59pm,0,0,1,This section IS ON the NHS,,,,,,,3,State Highway,SR-53,,3238,3238,34.78423889,34.78423889,-86.661522220,-86.661522220,0,No Special Jurisdiction,12,"Motor Vehicle In-Transport ",1,"Front-to-Rear ",0,No,1,Non-Junction,1,Not an Intersection,0,None,13,Urban-Other Principal Arterial,1,On Roadway,3,Dark - Lighted,8,Other,0,No Additional Atmospheric Conditions,8,Other,0,No,0000000,Not Applicable,99,Unknown,99,Unknown,22,10:00pm-10:59pm,4,4,88,"Not Applicable (Not Transported) ",88,Not Applicable (Not Transported),0,None,0,None,0,None,1,0
2014,1,10076,Alabama,1,1,0,0,0,1,1,101,MONTGOMERY (101),2130,MONTGOMERY,5,2,February,2014,4,Wednesday,8,8:00am-8:59am,20,20,0,This section IS NOT on the NHS,,,,,,,6,Local Street - Municipality,BROADWAY ST,,0,None,32.41271667,32.41271667,-86.275666670,-86.275666670,0,No Special Jurisdiction,33,Curb,0,Not a Collision with Motor Vehicle In-Transport,0,No,1,Non-Junction,1,Not an Intersection,0,None,16,Urban-Local Road or Street,4,On Roadside,1,Daylight,10,Cloudy,0,No Additional Atmospheric Conditions,10,Cloudy,0,No,0000000,Not Applicable,99,Unknown,99,Unknown,8,8:00am-8:59am,24,24,99,Unknown,99,Unknown EMS Hospital Arrival Time,0,None,0,None,0,None,1,1
2014,1,10077,Alabama,1,1,0,0,0,1,1,1,AUTAUGA (1),0,NOT APPLICABLE,8,2,February,2014,7,Saturday,4,4:00am-4:59am,55,55,1,This section IS ON the NHS,,,,,,,1,Interstate,I-65,,1860,1860,32.54638889,32.54638889,-86.454258330,-86.454258330,0,No Special Jurisdiction,34,Ditch,0,Not a Collision with Motor Vehicle In-Transport,0,No,1,Non-Junction,1,Not an Intersection,0,None,1,Rural-Principal Arterial-Interstate,4,On Roadside,2,Dark - Not Lighted,1,Clear,0,No Additional Atmospheric Conditions,1,Clear,0,No,0000000,Not Applicable,99,Unknown,99,Unknown,5,5:00am-5:59am,2,2,88,"Not Applicable (Not Transported) ",88,Not Applicable (Not Transported),0,None,0,None,0,None,1,1
2014,1,10078,Alabama,1,1,0,0,0,1,1,113,RUSSELL (113),0,NOT APPLICABLE,8,2,February,2014,7,Saturday,15,3:00pm-3:59pm,46,46,0,This section IS NOT on the NHS,,,,,,,4,County Road,CR-SHADY GROVE ROAD,,0,None,32.27925556,32.27925556,-85.384694440,-85.384694440,0,No Special Jurisdiction,1,Rollover/Overturn,0,Not a Collision with Motor Vehicle In-Transport,0,No,1,Non-Junction,1,Not an Intersection,0,None,6,Rural-Local Road or Street,1,On Roadway,1,Daylight,1,Clear,0,No Additional Atmospheric Conditions,1,Clear,0,No,0000000,Not Applicable,99,Unknown,99,Unknown,16,4:00pm-4:59pm,3,3,88,"Not Applicable (Not Transported) ",88,Not Applicable (Not Transported),0,None,0,None,0,None,1,1
2014,1,10079,Alabama,2,2,0,0,0,2,2,3,BALDWIN (3),0,NOT APPLICABLE,8,2,February,2014,7,Saturday,18,6:00pm-6:59pm,50,50,0,This section IS NOT on the NHS,,,,,,,3,State Highway,SR-59,,690,690,31.16600556,31.16600556,-87.787594440,-87.787594440,0,No Special Jurisdiction,12,"Motor Vehicle In-Transport ",8,Sideswipe - Opposite Direction,0,No,1,Non-Junction,1,Not an Intersection,1,Construction,6,Rural-Local Road or Street,1,On Roadway,2,Dark - Not Lighted,1,Clear,0,No Additional Atmospheric Conditions,1,Clear,0,No,0000000,Not Applicable,99,Unknown,99,Unknown,19,7:00pm-7:59pm,20,20,88,"Not Applicable (Not Transported) ",88,Not Applicable (Not Transported),0,None,0,None,0,None,1,1
2014,1,10080,Alabama,1,1,0,0,0,1,1,79,LAWRENCE (79),0,NOT APPLICABLE,9,2,February,2014,1,Sunday,17,5:00pm-5:59pm,15,15,1,This section IS ON the NHS,,,,,,,3,State Highway,SR-157,,309,309,34.42932222,34.42932222,-87.184405560,-87.184405560,0,No Special Jurisdiction,24,Guardrail Face,0,Not a Collision with Motor Vehicle In-Transport,0,No,1,Non-Junction,1,Not an Intersection,0,None,2,Rural-Principal Arterial-Other,4,On Roadside,1,Daylight,1,Clear,0,No Additional Atmospheric Conditions,1,Clear,0,No,0000000,Not Applicable,99,Unknown,99,Unknown,17,5:00pm-5:59pm,20,20,88,"Not Applicable (Not Transported) ",88,Not Applicable (Not Transported),0,None,0,None,0,None,1,1
2014,1,10081,Alabama,2,2,0,2,2,3,3,1,AUTAUGA (1),0,NOT APPLICABLE,9,2,February,2014,1,Sunday,23,11:00pm-11:59pm,0,0,1,This section IS ON the NHS,,,,,,,1,Interstate,I-65,,1890,1890,32.59652778,32.59652778,-86.477700000,-86.477700000,0,No Special Jurisdiction,12,"Motor Vehicle In-Transport ",1,"Front-to-Rear ",0,No,1,Non-Junction,1,Not an Intersection,0,None,1,Rural-Principal Arterial-Interstate,1,On Roadway,2,Dark - Not Lighted,1,Clear,0,No Additional Atmospheric Conditions,1,Clear,0,No,0000000,Not Applicable,99,Unknown,99,Unknown,23,11:00pm-11:59pm,18,18,99,Unknown,99,Unknown EMS Hospital Arrival Time,23,Indication of a Stalled/Disabled Vehicle,15,"Non-occupant struck by falling cargo, or something that came loose from, or something that was set in motion by a vehicle",0,None,2,0
2014,1,10082,Alabama,1,1,0,1,1,1,1,21,CHILTON (21),0,NOT APPLICABLE,13,2,February,2014,5,Thursday,17,5:00pm-5:59pm,0,0,1,This section IS ON the NHS,,,,,,,1,Interstate,I-65,,2236,2236,33.03509444,33.03509444,-86.723372220,-86.723372220,0,No Special Jurisdiction,8,Pedestrian,0,Not a Collision with Motor Vehicle In-Transport,0,No,1,Non-Junction,1,Not an Intersection,0,None,1,Rural-Principal Arterial-Interstate,1,On Roadway,5,Dusk,1,Clear,0,No Additional Atmospheric Conditions,1,Clear,0,No,0000000,Not Applicable,99,Unknown,99,Unknown,17,5:00pm-5:59pm,15,15,88,"Not Applicable (Not Transported) ",88,Not Applicable (Not Transported),23,Indication of a Stalled/Disabled Vehicle,0,None,0,None,1,0
2014,1,10083,Alabama,2,2,0,0,0,2,2,125,TUSCALOOSA (125),0,NOT APPLICABLE,13,2,February,2014,5,Thursday,18,6:00pm-6:59pm,0,0,0,This section IS NOT on the NHS,,,,,,,3,State Highway,SR-69,,1706,1706,33.52215556,33.52215556,-87.484733330,-87.484733330,0,No Special Jurisdiction,12,"Motor Vehicle In-Transport ",6,"Angle ",0,No,1,Non-Junction,1,Not an Intersection,0,None,3,Rural-Minor Arterial,1,On Roadway,2,Dark - Not Lighted,10,Cloudy,0,No Additional Atmospheric Conditions,10,Cloudy,0,No,0000000,Not Applicable,99,Unknown,99,Unknown,18,6:00pm-6:59pm,15,15,88,"Not Applicable (Not Transported) ",88,Not Applicable (Not Transported),0,None,0,None,0,None,1,0
2014,1,10084,Alabama,1,1,0,0,0,3,3,103,MORGAN (103),0,NOT APPLICABLE,13,2,February,2014,5,Thursday,21,9:00pm-9:59pm,30,30,0,This section IS NOT on the NHS,,,,,,,4,County Road,CR-PLEASANT VIEW ROAD,,0,None,34.33486944,34.33486944,-87.058500000,-87.058500000,0,No Special Jurisdiction,1,Rollover/Overturn,0,Not a Collision with Motor Vehicle In-Transport,0,No,1,Non-Junction,1,Not an Intersection,0,None,6,Rural-Local Road or Street,4,On Roadside,2,Dark - Not Lighted,1,Clear,0,No Additional Atmospheric Conditions,1,Clear,0,No,0000000,Not Applicable,99,Unknown,99,Unknown,22,10:00pm-10:59pm,26,26,99,Unknown,99,Unknown EMS Hospital Arrival Time,0,None,0,None,0,None,1,1
2014,1,10085,Alabama,1,1,0,0,0,1,1,117,SHELBY (117),0,NOT APPLICABLE,15,2,February,2014,7,Saturday,7,7:00am-7:59am,15,15,0,This section IS NOT on the NHS,,,,,,,4,County Road,CR-12,,0,None,33.17149722,33.17149722,-86.803841670,-86.803841670,0,No Special Jurisdiction,42,Tree (Standing Only),0,Not a Collision with Motor Vehicle In-Transport,0,No,1,Non-Junction,1,Not an Intersection,0,None,4,Rural-Major Collector,4,On Roadside,1,Daylight,1,Clear,0,No Additional Atmospheric Conditions,1,Clear,0,No,0000000,Not Applicable,99,Unknown,99,Unknown,7,7:00am-7:59am,32,32,88,"Not Applicable (Not Transported) ",88,Not Applicable (Not Transported),0,None,0,None,0,None,1,1
2014,1,10086,Alabama,1,1,0,0,0,1,1,43,CULLMAN (43),0,NOT APPLICABLE,17,2,February,2014,2,Monday,18,6:00pm-6:59pm,15,15,0,This section IS NOT on the NHS,,,,,,,4,County Road,CR-1354,,0,None,34.26750556,34.26750556,-86.820863890,-86.820863890,0,No Special Jurisdiction,42,Tree (Standing Only),0,Not a Collision with Motor Vehicle In-Transport,0,No,1,Non-Junction,1,Not an Intersection,0,None,6,Rural-Local Road or Street,4,On Roadside,2,Dark - Not Lighted,2,Rain,0,No Additional Atmospheric Conditions,2,Rain,0,No,0000000,Not Applicable,99,Unknown,99,Unknown,18,6:00pm-6:59pm,45,45,88,"Not Applicable (Not Transported) ",88,Not Applicable (Not Transported),0,None,0,None,0,None,1,1
2014,1,10087,Alabama,2,2,0,1,1,2,2,73,JEFFERSON (73),350,BIRMINGHAM,18,2,February,2014,3,Tuesday,11,11:00am-11:59am,30,30,1,This section IS ON the NHS,,,,,,,1,Interstate,I-59,,1280,1280,33.56219722,33.56219722,-86.734475000,-86.734475000,0,No Special Jurisdiction,8,Pedestrian,0,Not a Collision with Motor Vehicle In-Transport,0,No,1,Non-Junction,1,Not an Intersection,0,None,11,Urban-Principal Arterial-Interstate,1,On Roadway,1,Daylight,1,Clear,0,No Additional Atmospheric Conditions,1,Clear,0,No,0000000,Not Applicable,99,Unknown,99,Unknown,11,11:00am-11:59am,41,41,88,"Not Applicable (Not Transported) ",88,Not Applicable (Not Transported),0,None,0,None,0,None,1,0
2014,1,10088,Alabama,1,1,0,0,0,1,1,101,MONTGOMERY (101),2130,MONTGOMERY,19,2,February,2014,4,Wednesday,20,8:00pm-8:59pm,35,35,0,This section IS NOT on the NHS,,,,,,,4,County Road,CR-VAUGHN ROAD,,0,None,32.34329722,32.34329722,-86.114791670,-86.114791670,0,No Special Jurisdiction,32,Culvert,0,Not a Collision with Motor Vehicle In-Transport,0,No,1,Non-Junction,1,Not an Intersection,0,None,14,Urban-Minor Arterial,4,On Roadside,2,Dark - Not Lighted,10,Cloudy,0,No Additional Atmospheric Conditions,10,Cloudy,0,No,0000000,Not Applicable,99,Unknown,99,Unknown,20,8:00pm-8:59pm,45,45,88,"Not Applicable (Not Transported) ",88,Not Applicable (Not Transported),0,None,0,None,0,None,1,1
2014,1,10089,Alabama,2,2,0,0,0,2,2,97,MOBILE (97),2100,MOBILE,21,2,February,2014,6,Friday,3,3:00am-3:59am,19,19,1,This section IS ON the NHS,,,,,,,6,Local Street - Municipality,AIRPORT BLVD,RIDGEFIELD RD,0,None,30.67612500,30.67612500,-88.179975000,-88.179975000,0,No Special Jurisdiction,12,"Motor Vehicle In-Transport ",1,"Front-to-Rear ",0,No,2,Intersection,2,Four-Way Intersection,0,None,13,Urban-Other Principal Arterial,1,On Roadway,3,Dark - Lighted,2,Rain,0,No Additional Atmospheric Conditions,2,Rain,0,No,0000000,Not Applicable,99,Unknown,99,Unknown,3,3:00am-3:59am,31,31,99,Unknown,99,Unknown EMS Hospital Arrival Time,0,None,0,None,0,None,1,1
2014,1,10090,Alabama,2,2,0,0,0,3,3,97,MOBILE (97),807,CREOLA,1,2,February,2014,7,Saturday,16,4:00pm-4:59pm,49,49,1,This section IS ON the NHS,,,,,,,2,U.S. Highway,US-SR 13,DEAD LAKE RD,116,116,30.89243056,30.89243056,-88.039597220,-88.039597220,0,No Special Jurisdiction,12,"Motor Vehicle In-Transport ",6,"Angle ",0,No,2,Intersection,3,T-Intersection,0,None,13,Urban-Other Principal Arterial,1,On Roadway,1,Daylight,1,Clear,0,No Additional Atmospheric Conditions,1,Clear,0,No,0000000,Not Applicable,99,Unknown,99,Unknown,17,5:00pm-5:59pm,6,6,99,Unknown,99,Unknown EMS Hospital Arrival Time,0,None,0,None,0,None,1,0
2014,1,10091,Alabama,2,2,0,0,0,5,5,111,RANDOLPH (111),3230,WEDOWEE,5,2,February,2014,4,Wednesday,7,7:00am-7:59am,29,29,1,This section IS ON the NHS,,,,,,,2,U.S. Highway,US-SR 1,NORTH MAIN ST,1944,1944,33.31273333,33.31273333,-85.484936110,-85.484936110,0,No Special Jurisdiction,12,"Motor Vehicle In-Transport ",6,"Angle ",0,No,2,Intersection,2,Four-Way Intersection,0,None,2,Rural-Principal Arterial-Other,1,On Roadway,1,Daylight,10,Cloudy,0,No Additional Atmospheric Conditions,10,Cloudy,0,No,0000000,Not Applicable,99,Unknown,99,Unknown,7,7:00am-7:59am,37,37,99,Unknown,99,Unknown EMS Hospital Arrival Time,0,None,0,None,0,None,1,0
2014,1,10092,Alabama,3,3,0,1,1,5,5,113,RUSSELL (113),2440,PHENIX CITY,11,2,February,2014,3,Tuesday,20,8:00pm-8:59pm,57,57,1,This section IS ON the NHS,,,,,,,6,Local Street - Municipality,SEALE ROAD,,0,None,32.46111111,32.46111111,-85.001652780,-85.001652780,0,No Special Jurisdiction,8,Pedestrian,0,Not a Collision with Motor Vehicle In-Transport,0,No,1,Non-Junction,1,Not an Intersection,0,None,13,Urban-Other Principal Arterial,1,On Roadway,3,Dark - Lighted,2,Rain,0,No Additional Atmospheric Conditions,2,Rain,0,No,0000000,Not Applicable,99,Unknown,99,Unknown,21,9:00pm-9:59pm,7,7,88,"Not Applicable (Not Transported) ",88,Not Applicable (Not Transported),0,None,0,None,0,None,1,0
2014,1,10093,Alabama,1,1,0,0,0,1,1,15,CALHOUN (15),2370,OXFORD,16,2,February,2014,1,Sunday,8,8:00am-8:59am,45,45,0,This section IS NOT on the NHS,,,,,,,6,Local Street - Municipality,FRANCES BLVD,,0,None,33.59625556,33.59625556,-85.894836110,-85.894836110,0,No Special Jurisdiction,32,Culvert,0,Not a Collision with Motor Vehicle In-Transport,0,No,1,Non-Junction,1,Not an Intersection,0,None,14,Urban-Minor Arterial,4,On Roadside,1,Daylight,1,Clear,0,No Additional Atmospheric Conditions,1,Clear,0,No,0000000,Not Applicable,99,Unknown,99,Unknown,9,9:00am-9:59am,0,0,88,"Not Applicable (Not Transported) ",88,Not Applicable (Not Transported),0,None,0,None,0,None,1,1
2014,1,10094,Alabama,1,1,0,0,0,1,1,97,MOBILE (97),2100,MOBILE,23,2,February,2014,1,Sunday,3,3:00am-3:59am,8,8,1,This section IS ON the NHS,,,,,,,1,Interstate,I-65,I-10,0,None,30.62955556,30.62955556,-88.116611110,-88.116611110,0,No Special Jurisdiction,30,Utility Pole/Light Support,0,Not a Collision with Motor Vehicle In-Transport,0,No,1,Non-Junction,1,Not an Intersection,0,None,11,Urban-Principal Arterial-Interstate,4,On Roadside,3,Dark - Lighted,2,Rain,0,No Additional Atmospheric Conditions,2,Rain,0,No,0000000,Not Applicable,99,Unknown,99,Unknown,3,3:00am-3:59am,14,14,88,"Not Applicable (Not Transported) ",88,Not Applicable (Not Transported),0,None,0,None,0,None,1,1
2014,1,10095,Alabama,3,3,0,0,0,3,3,73,JEFFERSON (73),1315,GARDENDALE,3,1,January,2014,6,Friday,18,6:00pm-6:59pm,10,10,0,This section IS NOT on the NHS,,,,,,,2,U.S. Highway,US-SR 3,,2834,2834,33.63524167,33.63524167,-86.806305560,-86.806305560,0,No Special Jurisdiction,12,"Motor Vehicle In-Transport ",2,Front-to-Front,0,No,1,Non-Junction,1,Not an Intersection,0,None,13,Urban-Other Principal Arterial,1,On Roadway,2,Dark - Not Lighted,10,Cloudy,0,No Additional Atmospheric Conditions,10,Cloudy,0,No,0000000,Not Applicable,99,Unknown,99,Unknown,18,6:00pm-6:59pm,26,26,99,Unknown,99,Unknown EMS Hospital Arrival Time,0,None,0,None,0,None,1,0
2014,1,10096,Alabama,1,1,0,1,1,3,3,81,LEE (81),0,NOT APPLICABLE,8,2,February,2014,7,Saturday,19,7:00pm-7:59pm,1,1,1,This section IS ON the NHS,,,,,,,2,U.S. Highway,US-SR 1,,1284,1284,32.59496944,32.59496944,-85.218761110,-85.218761110,0,No Special Jurisdiction,8,Pedestrian,0,Not a Collision with Motor Vehicle In-Transport,0,No,1,Non-Junction,1,Not an Intersection,0,None,2,Rural-Principal Arterial-Other,1,On Roadway,2,Dark - Not Lighted,1,Clear,0,No Additional Atmospheric Conditions,1,Clear,0,No,0000000,Not Applicable,99,Unknown,99,Unknown,19,7:00pm-7:59pm,8,8,99,Unknown,99,Unknown EMS Hospital Arrival Time,0,None,0,None,0,None,1,0
2014,1,10097,Alabama,1,1,0,0,0,1,1,47,DALLAS (47),0,NOT APPLICABLE,13,2,February,2014,5,Thursday,21,9:00pm-9:59pm,0,0,0,This section IS NOT on the NHS,,,,,,,4,County Road,CR-56,,0,None,32.37304722,32.37304722,-86.994102780,-86.994102780,0,No Special Jurisdiction,1,Rollover/Overturn,0,Not a Collision with Motor Vehicle In-Transport,0,No,1,Non-Junction,1,Not an Intersection,0,None,4,Rural-Major Collector,1,On Roadway,2,Dark - Not Lighted,1,Clear,0,No Additional Atmospheric Conditions,1,Clear,0,No,0000000,Not Applicable,99,Unknown,99,Unknown,21,9:00pm-9:59pm,25,25,99,Unknown,99,Unknown EMS Hospital Arrival Time,0,None,0,None,0,None,1,1
2014,1,10098,Alabama,3,3,0,0,0,6,6,97,MOBILE (97),0,NOT APPLICABLE,15,2,February,2014,7,Saturday,23,11:00pm-11:59pm,5,5,1,This section IS ON the NHS,,,,,,,2,U.S. Highway,US-SR 42,,71,71,30.80138611,30.80138611,-88.333119440,-88.333119440,0,No Special Jurisdiction,12,"Motor Vehicle In-Transport ",2,Front-to-Front,0,No,1,Non-Junction,1,Not an Intersection,0,None,2,Rural-Principal Arterial-Other,1,On Roadway,2,Dark - Not Lighted,1,Clear,0,No Additional Atmospheric Conditions,1,Clear,0,No,0000000,Not Applicable,99,Unknown,99,Unknown,23,11:00pm-11:59pm,15,15,99,Unknown,99,Unknown EMS Hospital Arrival Time,0,None,0,None,0,None,3,1
2014,1,10099,Alabama,1,1,0,0,0,4,4,101,MONTGOMERY (101),0,NOT APPLICABLE,17,2,February,2014,2,Monday,21,9:00pm-9:59pm,50,50,1,This section IS ON the NHS,,,,,,,2,U.S. Highway,US-SR 6,,1655,1655,32.28472500,32.28472500,-86.184502780,-86.184502780,0,No Special Jurisdiction,34,Ditch,0,Not a Collision with Motor Vehicle In-Transport,0,No,1,Non-Junction,1,Not an Intersection,0,None,13,Urban-Other Principal Arterial,3,On Median,2,Dark - Not Lighted,1,Clear,0,No Additional Atmospheric Conditions,1,Clear,0,No,0000000,Not Applicable,99,Unknown,99,Unknown,22,10:00pm-10:59pm,15,15,99,Unknown,99,Unknown EMS Hospital Arrival Time,0,None,0,None,0,None,1,0
2014,1,10100,Alabama,1,1,0,1,1,1,1,101,MONTGOMERY (101),2130,MONTGOMERY,17,2,February,2014,2,Monday,17,5:00pm-5:59pm,43,43,0,This section IS NOT on the NHS,,,,,,,2,U.S. Highway,US-SR 6,,0,None,32.32633056,32.32633056,-86.327908330,-86.327908330,0,No Special Jurisdiction,8,Pedestrian,0,Not a Collision with Motor Vehicle In-Transport,0,No,1,Non-Junction,1,Not an Intersection,0,None,14,Urban-Minor Arterial,1,On Roadway,3,Dark - Lighted,10,Cloudy,0,No Additional Atmospheric Conditions,10,Cloudy,0,No,0000000,Not Applicable,99,Unknown,99,Unknown,17,5:00pm-5:59pm,52,52,99,Unknown,99,Unknown EMS Hospital Arrival Time,0,None,0,None,0,None,1,0
2014,1,10101,Alabama,2,1,1,0,0,1,1,81,LEE (81),0,NOT APPLICABLE,20,2,February,2014,5,Thursday,13,1:00pm-1:59pm,30,30,0,This section IS NOT on the NHS,,,,,,,2,U.S. Highway,US-SR 15,,1969,1969,32.69640000,32.69640000,-85.268986110,-85.268986110,0,No Special Jurisdiction,14,"Parked Motor Vehicle ",0,Not a Collision with Motor Vehicle In-Transport,0,No,1,Non-Junction,1,Not an Intersection,0,None,4,Rural-Major Collector,5,Outside Trafficway,1,Daylight,10,Cloudy,0,No Additional Atmospheric Conditions,10,Cloudy,0,No,0000000,Not Applicable,99,Unknown,99,Unknown,13,1:00pm-1:59pm,50,50,99,Unknown,99,Unknown EMS Hospital Arrival Time,0,None,0,None,0,None,1,0
2014,1,10102,Alabama,2,2,0,0,0,8,8,97,MOBILE (97),0,NOT APPLICABLE,21,2,February,2014,6,Friday,18,6:00pm-6:59pm,10,10,1,This section IS ON the NHS,,,,,,,2,U.S. Highway,US-SR 17,,259,259,31.00690000,31.00690000,-88.233641670,-88.233641670,0,No Special Jurisdiction,12,"Motor Vehicle In-Transport ",8,Sideswipe - Opposite Direction,0,No,1,Non-Junction,1,Not an Intersection,0,None,2,Rural-Principal Arterial-Other,1,On Roadway,5,Dusk,1,Clear,0,No Additional Atmospheric Conditions,1,Clear,0,No,0000000,Not Applicable,99,Unknown,99,Unknown,18,6:00pm-6:59pm,25,25,88,"Not Applicable (Not Transported) ",88,Not Applicable (Not Transported),0,None,0,None,0,None,1,1
2014,1,10103,Alabama,2,2,0,0,0,5,5,47,DALLAS (47),0,NOT APPLICABLE,21,2,February,2014,6,Friday,22,10:00pm-10:59pm,45,45,1,This section IS ON the NHS,,,,,,,2,U.S. Highway,US-SR 8,,875,875,32.37167500,32.37167500,-87.006697220,-87.006697220,0,No Special Jurisdiction,12,"Motor Vehicle In-Transport ",6,"Angle ",0,No,1,Non-Junction,1,Not an Intersection,0,None,2,Rural-Principal Arterial-Other,1,On Roadway,3,Dark - Lighted,1,Clear,0,No Additional Atmospheric Conditions,1,Clear,0,No,0000000,Not Applicable,99,Unknown,99,Unknown,23,11:00pm-11:59pm,0,0,99,Unknown,99,Unknown EMS Hospital Arrival Time,0,None,0,None,0,None,1,1
2014,1,10104,Alabama,1,1,0,0,0,1,1,81,LEE (81),0,NOT APPLICABLE,22,2,February,2014,7,Saturday,7,7:00am-7:59am,55,55,0,This section IS NOT on the NHS,,,,,,,4,County Road,CR-146,,0,None,32.56369444,32.56369444,-85.388736110,-85.388736110,0,No Special Jurisdiction,17,Boulder,0,Not a Collision with Motor Vehicle In-Transport,0,No,1,Non-Junction,1,Not an Intersection,0,None,4,Rural-Major Collector,4,On Roadside,1,Daylight,1,Clear,0,No Additional Atmospheric Conditions,1,Clear,0,No,0000000,Not Applicable,99,Unknown,99,Unknown,8,8:00am-8:59am,15,15,99,Unknown,99,Unknown EMS Hospital Arrival Time,0,None,0,None,0,None,1,0
2014,1,10105,Alabama,2,2,0,0,0,5,5,101,MONTGOMERY (101),0,NOT APPLICABLE,23,2,February,2014,1,Sunday,12,12:00pm-12:59pm,17,17,1,This section IS ON the NHS,,,,,,,1,Interstate,I-85,,137,137,32.36591944,32.36591944,-86.092644440,-86.092644440,0,No Special Jurisdiction,34,Ditch,0,Not a Collision with Motor Vehicle In-Transport,0,No,1,Non-Junction,1,Not an Intersection,0,None,11,Urban-Principal Arterial-Interstate,3,On Median,1,Daylight,10,Cloudy,0,No Additional Atmospheric Conditions,10,Cloudy,0,No,0000000,Not Applicable,99,Unknown,99,Unknown,12,12:00pm-12:59pm,30,30,99,Unknown,99,Unknown EMS Hospital Arrival Time,0,None,0,None,0,None,2,0
2014,1,10106,Alabama,1,1,0,0,0,1,1,43,CULLMAN (43),0,NOT APPLICABLE,23,2,February,2014,1,Sunday,21,9:00pm-9:59pm,0,0,1,This section IS ON the NHS,,,,,,,2,U.S. Highway,US-SR 74,,906,906,34.17478333,34.17478333,-86.650097220,-86.650097220,0,No Special Jurisdiction,42,Tree (Standing Only),0,Not a Collision with Motor Vehicle In-Transport,0,No,1,Non-Junction,1,Not an Intersection,0,None,2,Rural-Principal Arterial-Other,4,On Roadside,2,Dark - Not Lighted,1,Clear,0,No Additional Atmospheric Conditions,1,Clear,0,No,0000000,Not Applicable,99,Unknown,99,Unknown,21,9:00pm-9:59pm,24,24,88,"Not Applicable (Not Transported) ",88,Not Applicable (Not Transported),0,None,0,None,0,None,1,0
2014,1,10107,Alabama,1,1,0,0,0,5,5,39,COVINGTON (39),0,NOT APPLICABLE,23,2,February,2014,1,Sunday,22,10:00pm-10:59pm,0,0,0,This section IS NOT on the NHS,,,,,,,4,County Road,CR-31,,0,None,31.15366111,31.15366111,-86.484552780,-86.484552780,0,No Special Jurisdiction,34,Ditch,0,Not a Collision with Motor Vehicle In-Transport,0,No,1,Non-Junction,1,Not an Intersection,0,None,4,Rural-Major Collector,4,On Roadside,2,Dark - Not Lighted,2,Rain,0,No Additional Atmospheric Conditions,2,Rain,0,No,0000000,Not Applicable,99,Unknown,99,Unknown,22,10:00pm-10:59pm,25,25,88,"Not Applicable (Not Transported) ",88,Not Applicable (Not Transported),0,None,0,None,0,None,3,1