caseyear,state,st_case,statename,ve_total,ve_forms,pvh_invl,peds,pernotmvit,permvit,persons,county,countyname,city,cityname,day,month,monthname,year,day_week,day_weekname,hour,hourname,minute,minutename,nhs,nhsname,rur_urb,rur_urbname,func_sys,func_sysname,rd_owner,rd_ownername,route,routename,tway_id,tway_id2,milept,mileptname,latitude,latitudename,longitud,longitudname,sp_jur,sp_jurname,harm_ev,harm_evname,man_coll,man_collname,reljct1,reljct1name,reljct2,reljct2name,typ_int,typ_intname,wrk_zone,wrk_zonename,road_fnc,road_fncname,rel_road,rel_roadname,lgt_cond,lgt_condname,weather1,weather1name,weather2,weather2name,weather,weathername,sch_bus,sch_busname,rail,railname,not_hour,not_hourname,not_min,not_minname,arr_hour,arr_hourname,arr_min,arr_minname,hosp_hr,hosp_hrname,hosp_mn,hosp_mnname,cf1,cf1name,cf2,cf2name,cf3,cf3name,fatals,drunk_dr
2014,1,10144,Alabama,2,2,0,0,0,2,2,101,MONTGOMERY (101),2130,MONTGOMERY,17,3,March,2014,2,Monday,6,6:00am-6:59am,19,19,1,This section IS ON the NHS,,,,,,,6,Local Street - Municipality,BIRMINGHAM HWY,,0,None,32.36778056,32.36778056,-86.373411110,-86.373411110,0,No Special Jurisdiction,12,"Motor Vehicle In-Transport ",2,Front-to-Front,0,No,1,Non-Junction,1,Not an Intersection,0,None,13,Urban-Other Principal Arterial,1,On Roadway,2,Dark - Not Lighted,2,Rain,0,No Additional Atmospheric Conditions,2,Rain,0,No,0000000,Not Applicable,99,Unknown,99,Unknown,6,6:00am-6:59am,28,28,99,Unknown,99,Unknown EMS Hospital Arrival Time,0,None,0,None,0,None,1,0
2014,1,10145,Alabama,1,1,0,0,0,1,1,61,GENEVA (61),0,NOT APPLICABLE,20,3,March,2014,5,Thursday,19,7:00pm-7:59pm,10,10,0,This section IS NOT on the NHS,,,,,,,4,County Road,CR-64,,0,None,31.17379167,31.17379167,-85.798683330,-85.798683330,0,No Special Jurisdiction,32,Culvert,0,Not a Collision with Motor Vehicle In-Transport,0,No,1,Non-Junction,1,Not an Intersection,0,None,4,Rural-Major Collector,4,On Roadside,2,Dark - Not Lighted,1,Clear,0,No Additional Atmospheric Conditions,1,Clear,0,No,0000000,Not Applicable,99,Unknown,99,Unknown,19,7:00pm-7:59pm,25,25,99,Unknown,99,Unknown EMS Hospital Arrival Time,0,None,0,None,0,None,1,0
2014,1,10146,Alabama,1,1,0,0,0,1,1,59,FRANKLIN (59),0,NOT APPLICABLE,21,3,March,2014,6,Friday,7,7:00am-7:59am,50,50,0,This section IS NOT on the NHS,,,,,,,4,County Road,CR-23,,0,None,34.40958333,34.40958333,-88.035547220,-88.035547220,0,No Special Jurisdiction,42,Tree (Standing Only),0,Not a Collision with Motor Vehicle In-Transport,0,No,1,Non-Junction,1,Not an Intersection,0,None,4,Rural-Major Collector,4,On Roadside,1,Daylight,1,Clear,0,No Additional Atmospheric Conditions,1,Clear,0,No,0000000,Not Applicable,99,Unknown,99,Unknown,8,8:00am-8:59am,6,6,99,Unknown,99,Unknown EMS Hospital Arrival Time,0,None,0,None,0,None,1,0
2014,1,10147,Alabama,1,1,0,0,0,1,1,81,LEE (81),2340,OPELIKA,21,3,March,2014,6,Friday,7,7:00am-7:59am,45,45,1,This section IS ON the NHS,,,,,,,1,Interstate,I-85,,596,596,32.62387222,32.62387222,-85.387877780,-85.387877780,0,No Special Jurisdiction,1,Rollover/Overturn,0,Not a Collision with Motor Vehicle In-Transport,1,Yes,18,Through Roadway,1,Not an Intersection,0,None,11,Urban-Principal Arterial-Interstate,1,On Roadway,1,Daylight,1,Clear,0,No Additional Atmospheric Conditions,1,Clear,0,No,0000000,Not Applicable,99,Unknown,99,Unknown,7,7:00am-7:59am,53,53,99,Unknown,99,Unknown EMS Hospital Arrival Time,0,None,0,None,0,None,1,0
2014,1,10148,Alabama,1,1,0,0,0,3,3,43,CULLMAN (43),0,NOT APPLICABLE,22,3,March,2014,7,Saturday,1,1:00am-1:59am,45,45,0,This section IS NOT on the NHS,,,,,,,4,County Road,CR-463,,0,None,34.16446667,34.16446667,-86.894002780,-86.894002780,0,No Special Jurisdiction,42,Tree (Standing Only),0,Not a Collision with Motor Vehicle In-Transport,0,No,1,Non-Junction,1,Not an Intersection,0,None,6,Rural-Local Road or Street,4,On Roadside,2,Dark - Not Lighted,1,Clear,0,No Additional Atmospheric Conditions,1,Clear,0,No,0000000,Not Applicable,99,Unknown,99,Unknown,1,1:00am-1:59am,55,55,99,Unknown,99,Unknown EMS Hospital Arrival Time,0,None,0,None,0,None,1,1
2014,1,10149,Alabama,1,1,0,1,1,1,1,89,MADISON (89),1730,HUNTSVILLE,22,3,March,2014,7,Saturday,23,11:00pm-11:59pm,8,8,0,This section IS NOT on the NHS,,,,,,,6,Local Street - Municipality,UNIVERSITY DR,JULIA ST,0,None,34.73506389,34.73506389,-86.620119440,-86.620119440,0,No Special Jurisdiction,8,Pedestrian,0,Not a Collision with Motor Vehicle In-Transport,0,No,3,"Intersection-Related ",3,T-Intersection,0,None,16,Urban-Local Road or Street,1,On Roadway,3,Dark - Lighted,1,Clear,0,No Additional Atmospheric Conditions,1,Clear,0,No,0000000,Not Applicable,99,Unknown,99,Unknown,23,11:00pm-11:59pm,32,32,99,Unknown,99,Unknown EMS Hospital Arrival Time,0,None,0,None,0,None,1,0
2014,1,10150,Alabama,3,3,0,0,0,4,4,81,LEE (81),200,AUBURN,25,3,March,2014,3,Tuesday,7,7:00am-7:59am,58,58,1,This section IS ON the NHS,,,,,,,3,State Highway,SR-267,,0,None,32.58191111,32.58191111,-85.501580560,-85.501580560,0,No Special Jurisdiction,12,"Motor Vehicle In-Transport ",7,Sideswipe - Same Direction,0,No,1,Non-Junction,1,Not an Intersection,0,None,13,Urban-Other Principal Arterial,1,On Roadway,1,Daylight,1,Clear,0,No Additional Atmospheric Conditions,1,Clear,0,No,0000000,Not Applicable,99,Unknown,99,Unknown,8,8:00am-8:59am,6,6,99,Unknown,99,Unknown EMS Hospital Arrival Time,0,None,0,None,0,None,2,0
2014,1,10151,Alabama,1,1,0,0,0,1,1,9,BLOUNT (9),0,NOT APPLICABLE,25,3,March,2014,3,Tuesday,19,7:00pm-7:59pm,15,15,0,This section IS NOT on the NHS,,,,,,,4,County Road,CR-8,,0,None,33.85488333,33.85488333,-86.854666670,-86.854666670,0,No Special Jurisdiction,42,Tree (Standing Only),0,Not a Collision with Motor Vehicle In-Transport,0,No,1,Non-Junction,1,Not an Intersection,0,None,4,Rural-Major Collector,4,On Roadside,2,Dark - Not Lighted,1,Clear,0,No Additional Atmospheric Conditions,1,Clear,0,No,0000000,Not Applicable,99,Unknown,99,Unknown,19,7:00pm-7:59pm,30,30,88,"Not Applicable (Not Transported) ",88,Not Applicable (Not Transported),0,None,0,None,0,None,1,0
2014,1,10152,Alabama,1,1,0,0,0,1,1,83,LIMESTONE (83),0,NOT APPLICABLE,1,2,February,2014,7,Saturday,3,3:00am-3:59am,40,40,0,This section IS NOT on the NHS,,,,,,,4,County Road,CR-OLD HWY 20,,0,None,34.67144444,34.67144444,-86.873111110,-86.873111110,0,No Special Jurisdiction,23,Bridge Rail (Includes parapet),0,Not a Collision with Motor Vehicle In-Transport,0,No,1,Non-Junction,1,Not an Intersection,0,None,4,Rural-Major Collector,4,On Roadside,2,Dark - Not Lighted,10,Cloudy,0,No Additional Atmospheric Conditions,10,Cloudy,0,No,0000000,Not Applicable,88,Not Applicable (Not Notified),88,Not Applicable (Not Notified),88,"Not Applicable ",88,Not Applicable,88,"Not Applicable (Not Transported) ",88,Not Applicable (Not Transported),0,None,0,None,0,None,1,0
2014,1,10153,Alabama,1,1,0,0,0,2,2,3,BALDWIN (3),0,NOT APPLICABLE,22,3,March,2014,7,Saturday,13,1:00pm-1:59pm,35,35,1,This section IS ON the NHS,,,,,,,2,U.S. Highway,US-SR 3,,127,127,30.77141944,30.77141944,-87.783150000,-87.783150000,0,No Special Jurisdiction,1,Rollover/Overturn,0,Not a Collision with Motor Vehicle In-Transport,0,No,1,Non-Junction,1,Not an Intersection,0,None,2,Rural-Principal Arterial-Other,4,On Roadside,1,Daylight,1,Clear,0,No Additional Atmospheric Conditions,1,Clear,0,No,0000000,Not Applicable,99,Unknown,99,Unknown,13,1:00pm-1:59pm,48,48,99,Unknown,99,Unknown EMS Hospital Arrival Time,0,None,0,None,0,None,1,1
2014,1,10154,Alabama,1,1,0,0,0,2,2,97,MOBILE (97),0,NOT APPLICABLE,22,3,March,2014,7,Saturday,19,7:00pm-7:59pm,35,35,0,This section IS NOT on the NHS,,,,,,,4,County Road,CR-GRAND BAY WILMER ROAD,,0,None,30.65603333,30.65603333,-88.396136110,-88.396136110,0,No Special Jurisdiction,42,Tree (Standing Only),0,Not a Collision with Motor Vehicle In-Transport,0,No,1,Non-Junction,1,Not an Intersection,0,None,4,Rural-Major Collector,4,On Roadside,2,Dark - Not Lighted,1,Clear,0,No Additional Atmospheric Conditions,1,Clear,0,No,0000000,Not Applicable,99,Unknown,99,Unknown,19,7:00pm-7:59pm,49,49,88,"Not Applicable (Not Transported) ",88,Not Applicable (Not Transported),0,None,0,None,0,None,2,1
2014,1,10155,Alabama,1,1,0,0,0,2,2,125,TUSCALOOSA (125),0,NOT APPLICABLE,22,3,March,2014,7,Saturday,22,10:00pm-10:59pm,18,18,0,This section IS NOT on the NHS,,,,,,,4,County Road,CR-BEAR CREEK ROAD,,0,None,33.12085556,33.12085556,-87.492566670,-87.492566670,0,No Special Jurisdiction,42,Tree (Standing Only),0,Not a Collision with Motor Vehicle In-Transport,0,No,1,Non-Junction,1,Not an Intersection,0,None,4,Rural-Major Collector,4,On Roadside,2,Dark - Not Lighted,1,Clear,0,No Additional Atmospheric Conditions,1,Clear,0,No,0000000,Not Applicable,99,Unknown,99,Unknown,22,10:00pm-10:59pm,40,40,99,Unknown,99,Unknown EMS Hospital Arrival Time,0,None,0,None,0,None,1,0
2014,1,10156,Alabama,1,1,0,0,0,3,3,3,BALDWIN (3),0,NOT APPLICABLE,22,3,March,2014,7,Saturday,23,11:00pm-11:59pm,25,25,0,This section IS NOT on the NHS,,,,,,,4,County Road,CR-PAUL CEMETERY ROAD,,0,None,31.04458333,31.04458333,-87.723283330,-87.723283330,0,No Special Jurisdiction,1,Rollover/Overturn,0,Not a Collision with Motor Vehicle In-Transport,0,No,1,Non-Junction,1,Not an Intersection,0,None,6,Rural-Local Road or Street,4,On Roadside,2,Dark - Not Lighted,1,Clear,0,No Additional Atmospheric Conditions,1,Clear,0,No,0000000,Not Applicable,99,Unknown,99,Unknown,99,Unknown EMS Scene Arrival Hour,99,Unknown EMS Scene Arrival Minutes,99,Unknown,99,Unknown EMS Hospital Arrival Time,0,None,0,None,0,None,1,1
2014,1,10157,Alabama,1,1,0,0,0,3,3,125,TUSCALOOSA (125),3050,TUSCALOOSA,30,3,March,2014,1,Sunday,13,1:00pm-1:59pm,48,48,1,This section IS ON the NHS,,,,,,,3,State Highway,SR-13,,0,None,33.20889167,33.20889167,-87.569447220,-87.569447220,0,No Special Jurisdiction,25,Concrete Traffic Barrier,0,Not a Collision with Motor Vehicle In-Transport,0,No,1,Non-Junction,1,Not an Intersection,0,None,13,Urban-Other Principal Arterial,4,On Roadside,1,Daylight,1,Clear,0,No Additional Atmospheric Conditions,1,Clear,0,No,0000000,Not Applicable,99,Unknown,99,Unknown,13,1:00pm-1:59pm,54,54,99,Unknown,99,Unknown EMS Hospital Arrival Time,0,None,0,None,0,None,1,1
2014,1,10158,Alabama,2,2,0,0,0,2,2,97,MOBILE (97),0,NOT APPLICABLE,31,3,March,2014,2,Monday,17,5:00pm-5:59pm,49,49,0,This section IS NOT on the NHS,,,,,,,4,County Road,CR-MCDONALD RD,BELMONT PARK DR,0,None,30.57433889,30.57433889,-88.241555560,-88.241555560,0,No Special Jurisdiction,12,"Motor Vehicle In-Transport ",6,"Angle ",0,No,3,"Intersection-Related ",3,T-Intersection,0,None,3,Rural-Minor Arterial,1,On Roadway,1,Daylight,1,Clear,0,No Additional Atmospheric Conditions,1,Clear,0,No,0000000,Not Applicable,99,Unknown,99,Unknown,17,5:00pm-5:59pm,55,55,99,Unknown,99,Unknown EMS Hospital Arrival Time,0,None,0,None,0,None,1,0
2014,1,10159,Alabama,2,2,0,0,0,3,3,115,ST. CLAIR (115),0,NOT APPLICABLE,31,3,March,2014,2,Monday,19,7:00pm-7:59pm,10,10,1,This section IS ON the NHS,,,,,,,1,Interstate,I-59,,1691,1691,33.88863333,33.88863333,-86.250241670,-86.250241670,0,No Special Jurisdiction,12,"Motor Vehicle In-Transport ",1,"Front-to-Rear ",1,Yes,18,Through Roadway,1,Not an Intersection,0,None,1,Rural-Principal Arterial-Interstate,1,On Roadway,2,Dark - Not Lighted,1,Clear,0,No Additional Atmospheric Conditions,1,Clear,0,No,0000000,Not Applicable,99,Unknown,99,Unknown,19,7:00pm-7:59pm,30,30,99,Unknown,99,Unknown EMS Hospital Arrival Time,0,None,0,None,0,None,2,1
2014,1,10160,Alabama,1,1,0,0,0,1,1,89,MADISON (89),0,NOT APPLICABLE,2,4,April,2014,4,Wednesday,16,4:00pm-4:59pm,25,25,0,This section IS NOT on the NHS,,,,,,,4,County Road,CR-OLD RAILROAD BED RD,,0,None,34.91226111,34.91226111,-86.730863890,-86.730863890,0,No Special Jurisdiction,42,Tree (Standing Only),0,Not a Collision with Motor Vehicle In-Transport,0,No,1,Non-Junction,1,Not an Intersection,0,None,6,Rural-Local Road or Street,4,On Roadside,1,Daylight,1,Clear,0,No Additional Atmospheric Conditions,1,Clear,0,No,0000000,Not Applicable,99,Unknown,99,Unknown,16,4:00pm-4:59pm,40,40,88,"Not Applicable (Not Transported) ",88,Not Applicable (Not Transported),0,None,0,None,0,None,1,1
2014,1,10161,Alabama,2,2,0,0,0,4,4,101,MONTGOMERY (101),2130,MONTGOMERY,1,4,April,2014,3,Tuesday,12,12:00pm-12:59pm,47,47,0,This section IS NOT on the NHS,,,,,,,6,Local Street - Municipality,HUNTER LOOP ROAD,,0,None,32.35823889,32.35823889,-86.391847220,-86.391847220,0,No Special Jurisdiction,12,"Motor Vehicle In-Transport ",6,"Angle ",0,No,1,Non-Junction,1,Not an Intersection,0,None,16,Urban-Local Road or Street,1,On Roadway,1,Daylight,1,Clear,0,No Additional Atmospheric Conditions,1,Clear,0,No,0000000,Not Applicable,99,Unknown,99,Unknown,13,1:00pm-1:59pm,9,9,99,Unknown,99,Unknown EMS Hospital Arrival Time,0,None,0,None,0,None,1,0
2014,1,10162,Alabama,2,2,0,0,0,2,2,131,WILCOX (131),540,CAMDEN,3,2,February,2014,2,Monday,14,2:00pm-2:59pm,30,30,0,This section IS NOT on the NHS,,,,,,,4,County Road,CR-CLIFTON ST,WASHINGTON DR,0,None,31.99209722,31.99209722,-87.311502780,-87.311502780,0,No Special Jurisdiction,12,"Motor Vehicle In-Transport ",1,"Front-to-Rear ",0,No,3,"Intersection-Related ",3,T-Intersection,0,None,4,Rural-Major Collector,1,On Roadway,1,Daylight,1,Clear,0,No Additional Atmospheric Conditions,1,Clear,0,No,0000000,Not Applicable,99,Unknown,99,Unknown,14,2:00pm-2:59pm,35,35,99,Unknown,99,Unknown EMS Hospital Arrival Time,0,None,0,None,0,None,1,0
2014,1,10163,Alabama,1,1,0,2,2,1,1,3,BALDWIN (3),1493,GULF SHORES,21,3,March,2014,6,Friday,1,1:00am-1:59am,45,45,0,This section IS NOT on the NHS,,,,,,,3,State Highway,SR-182,,0,None,30.24269722,30.24269722,-87.727808330,-87.727808330,0,No Special Jurisdiction,8,Pedestrian,0,Not a Collision with Motor Vehicle In-Transport,0,No,1,Non-Junction,1,Not an Intersection,0,None,15,Urban-Collector,4,On Roadside,3,Dark - Lighted,1,Clear,0,No Additional Atmospheric Conditions,1,Clear,0,No,0000000,Not Applicable,99,Unknown,99,Unknown,1,1:00am-1:59am,56,56,99,Unknown,99,Unknown EMS Hospital Arrival Time,0,None,0,None,0,None,1,1
2014,1,10164,Alabama,2,2,0,0,0,3,3,63,GREENE (63),0,NOT APPLICABLE,22,3,March,2014,7,Saturday,3,3:00am-3:59am,55,55,1,This section IS ON the NHS,,,,,,,1,Interstate,I-59,,547,547,33.01031944,33.01031944,-87.758433330,-87.758433330,0,No Special Jurisdiction,24,Guardrail Face,0,Not a Collision with Motor Vehicle In-Transport,0,No,1,Non-Junction,1,Not an Intersection,0,None,1,Rural-Principal Arterial-Interstate,4,On Roadside,2,Dark - Not Lighted,1,Clear,0,No Additional Atmospheric Conditions,1,Clear,0,No,0000000,Not Applicable,99,Unknown,99,Unknown,4,4:00am-4:59am,19,19,88,"Not Applicable (Not Transported) ",88,Not Applicable (Not Transported),0,None,0,None,0,None,1,1
2014,1,10165,Alabama,1,1,0,0,0,1,1,131,WILCOX (131),0,NOT APPLICABLE,22,3,March,2014,7,Saturday,20,8:00pm-8:59pm,10,10,0,This section IS NOT on the NHS,,,,,,,4,County Road,CR-6,,0,None,31.84298611,31.84298611,-87.355761110,-87.355761110,0,No Special Jurisdiction,42,Tree (Standing Only),0,Not a Collision with Motor Vehicle In-Transport,0,No,1,Non-Junction,1,Not an Intersection,0,None,4,Rural-Major Collector,4,On Roadside,2,Dark - Not Lighted,1,Clear,0,No Additional Atmospheric Conditions,1,Clear,0,No,0000000,Not Applicable,99,Unknown,99,Unknown,20,8:00pm-8:59pm,45,45,88,"Not Applicable (Not Transported) ",88,Not Applicable (Not Transported),0,None,0,None,0,None,1,1
2014,1,10166,Alabama,1,1,0,1,1,1,1,15,CALHOUN (15),2370,OXFORD,23,3,March,2014,1,Sunday,21,9:00pm-9:59pm,15,15,0,This section IS NOT on the NHS,,,,,,,6,Local Street - Municipality,BARRY ST,,0,None,33.60101944,33.60101944,-85.842538890,-85.842538890,0,No Special Jurisdiction,8,Pedestrian,0,Not a Collision with Motor Vehicle In-Transport,0,No,1,Non-Junction,1,Not an Intersection,0,None,15,Urban-Collector,1,On Roadway,3,Dark - Lighted,1,Clear,0,No Additional Atmospheric Conditions,1,Clear,0,No,0000000,Not Applicable,99,Unknown,99,Unknown,21,9:00pm-9:59pm,21,21,88,"Not Applicable (Not Transported) ",88,Not Applicable (Not Transported),0,None,0,None,0,None,1,0
2014,1,10167,Alabama,1,1,0,0,0,2,2,55,ETOWAH (55),1280,GADSDEN,26,3,March,2014,4,Wednesday,22,10:00pm-10:59pm,38,38,1,This section IS ON the NHS,,,,,,,2,U.S. Highway,US-SR 1,,0,None,34.01354167,34.01354167,-85.997152780,-85.997152780,0,No Special Jurisdiction,5,Fell/Jumped from Vehicle,0,Not a Collision with Motor Vehicle In-Transport,0,No,1,Non-Junction,1,Not an Intersection,0,None,13,Urban-Other Principal Arterial,1,On Roadway,3,Dark - Lighted,1,Clear,0,No Additional Atmospheric Conditions,1,Clear,0,No,0000000,Not Applicable,99,Unknown,99,Unknown,22,10:00pm-10:59pm,40,40,99,Unknown,99,Unknown EMS Hospital Arrival Time,0,None,0,None,0,None,1,1
2014,1,10168,Alabama,1,1,0,0,0,1,1,91,MARENGO (91),0,NOT APPLICABLE,26,3,March,2014,4,Wednesday,22,10:00pm-10:59pm,0,0,0,This section IS NOT on the NHS,,,,,,,4,County Road,CR-20,,0,None,31.99232500,31.99232500,-87.927269440,-87.927269440,0,No Special Jurisdiction,32,Culvert,0,Not a Collision with Motor Vehicle In-Transport,0,No,1,Non-Junction,1,Not an Intersection,0,None,4,Rural-Major Collector,4,On Roadside,2,Dark - Not Lighted,1,Clear,0,No Additional Atmospheric Conditions,1,Clear,0,No,0000000,Not Applicable,99,Unknown,99,Unknown,22,10:00pm-10:59pm,35,35,88,"Not Applicable (Not Transported) ",88,Not Applicable (Not Transported),0,None,0,None,0,None,1,1
2014,1,10169,Alabama,1,1,0,0,0,1,1,17,CHAMBERS (17),0,NOT APPLICABLE,27,3,March,2014,5,Thursday,19,7:00pm-7:59pm,5,5,0,This section IS NOT on the NHS,,,,,,,3,State Highway,SR-50,,347,347,32.83883611,32.83883611,-85.495280560,-85.495280560,0,No Special Jurisdiction,42,Tree (Standing Only),0,Not a Collision with Motor Vehicle In-Transport,0,No,1,Non-Junction,1,Not an Intersection,0,None,4,Rural-Major Collector,4,On Roadside,5,Dusk,1,Clear,0,No Additional Atmospheric Conditions,1,Clear,0,No,0000000,Not Applicable,99,Unknown,99,Unknown,19,7:00pm-7:59pm,20,20,88,"Not Applicable (Not Transported) ",88,Not Applicable (Not Transported),0,None,0,None,0,None,1,1
2014,1,10170,Alabama,1,1,0,0,0,1,1,51,ELMORE (51),0,NOT APPLICABLE,28,3,March,2014,6,Friday,21,9:00pm-9:59pm,20,20,0,This section IS NOT on the NHS,,,,,,,3,State Highway,SR-229,,162,162,32.63431667,32.63431667,-85.954175000,-85.954175000,0,No Special Jurisdiction,42,Tree (Standing Only),0,Not a Collision with Motor Vehicle In-Transport,0,No,1,Non-Junction,1,Not an Intersection,0,None,3,Rural-Minor Arterial,4,On Roadside,2,Dark - Not Lighted,10,Cloudy,0,No Additional Atmospheric Conditions,10,Cloudy,0,No,0000000,Not Applicable,99,Unknown,99,Unknown,21,9:00pm-9:59pm,40,40,88,"Not Applicable (Not Transported) ",88,Not Applicable (Not Transported),0,None,0,None,0,None,1,1
2014,1,10171,Alabama,1,1,0,0,0,1,1,127,WALKER (127),0,NOT APPLICABLE,30,3,March,2014,1,Sunday,3,3:00am-3:59am,10,10,0,This section IS NOT on the NHS,,,,,,,3,State Highway,SR-18,,544,544,33.70505278,33.70505278,-87.499916670,-87.499916670,0,No Special Jurisdiction,42,Tree (Standing Only),0,Not a Collision with Motor Vehicle In-Transport,0,No,1,Non-Junction,1,Not an Intersection,0,None,4,Rural-Major Collector,4,On Roadside,2,Dark - Not Lighted,10,Cloudy,0,No Additional Atmospheric Conditions,10,Cloudy,0,No,0000000,Not Applicable,88,Not Applicable (Not Notified),88,Not Applicable (Not Notified),88,"Not Applicable ",88,Not Applicable,88,"Not Applicable (Not Transported) ",88,Not Applicable (Not Transported),0,None,0,None,0,None,1,0
2014,1,10172,Alabama,1,1,0,0,0,2,2,49,DEKALB (49),0,NOT APPLICABLE,30,3,March,2014,1,Sunday,8,8:00am-8:59am,10,10,1,This section IS ON the NHS,,,,,,,1,Interstate,I-59,,2137,2137,34.37818333,34.37818333,-85.797530560,-85.797530560,0,No Special Jurisdiction,42,Tree (Standing Only),0,Not a Collision with Motor Vehicle In-Transport,0,No,1,Non-Junction,1,Not an Intersection,0,None,1,Rural-Principal Arterial-Interstate,4,On Roadside,1,Daylight,1,Clear,0,No Additional Atmospheric Conditions,1,Clear,0,No,0000000,Not Applicable,99,Unknown,99,Unknown,8,8:00am-8:59am,18,18,99,Unknown,99,Unknown EMS Hospital Arrival Time,0,None,0,None,0,None,1,1
2014,1,10173,Alabama,1,1,0,0,0,1,1,43,CULLMAN (43),0,NOT APPLICABLE,30,3,March,2014,1,Sunday,22,10:00pm-10:59pm,45,45,0,This section IS NOT on the NHS,,,,,,,4,County Road,CR-35,,0,None,33.87422500,33.87422500,-86.926094440,-86.926094440,0,No Special Jurisdiction,42,Tree (Standing Only),0,Not a Collision with Motor Vehicle In-Transport,0,No,1,Non-Junction,1,Not an Intersection,0,None,6,Rural-Local Road or Street,4,On Roadside,2,Dark - Not Lighted,1,Clear,0,No Additional Atmospheric Conditions,1,Clear,0,No,0000000,Not Applicable,99,Unknown,99,Unknown,23,11:00pm-11:59pm,17,17,88,"Not Applicable (Not Transported) ",88,Not Applicable (Not Transported),0,None,0,None,0,None,1,0
2014,1,10174,Alabama,3,3,0,0,0,5,5,81,LEE (81),200,AUBURN,30,3,March,2014,1,Sunday,17,5:00pm-5:59pm,11,11,0,This section IS NOT on the NHS,,,,,,,6,Local Street - Municipality,E SAMFORD AVE,GREEN ST,0,None,32.59889167,32.59889167,-85.458558330,-85.458558330,0,No Special Jurisdiction,12,"Motor Vehicle In-Transport ",6,"Angle ",0,No,2,Intersection,2,Four-Way Intersection,0,None,14,Urban-Minor Arterial,1,On Roadway,1,Daylight,1,Clear,0,No Additional Atmospheric Conditions,1,Clear,0,No,0000000,Not Applicable,99,Unknown,99,Unknown,17,5:00pm-5:59pm,24,24,99,Unknown,99,Unknown EMS Hospital Arrival Time,0,None,0,None,0,None,1,0
2014,1,10175,Alabama,2,2,0,0,0,2,2,55,ETOWAH (55),0,NOT APPLICABLE,31,3,March,2014,2,Monday,2,2:00am-2:59am,30,30,1,This section IS ON the NHS,,,,,,,1,Interstate,I-59,,1788,1788,33.97025833,33.97025833,-86.117977780,-86.117977780,0,No Special Jurisdiction,12,"Motor Vehicle In-Transport ",2,Front-to-Front,0,No,1,Non-Junction,1,Not an Intersection,0,None,11,Urban-Principal Arterial-Interstate,1,On Roadway,2,Dark - Not Lighted,1,Clear,0,No Additional Atmospheric Conditions,1,Clear,0,No,0000000,Not Applicable,99,Unknown,99,Unknown,2,2:00am-2:59am,49,49,88,"Not Applicable (Not Transported) ",88,Not Applicable (Not Transported),0,None,0,None,0,None,1,1
2014,1,10176,Alabama,1,1,0,0,0,1,1,73,JEFFERSON (73),3080,TRUSSVILLE,7,4,April,2014,2,Monday,99,Unknown Hours,99,Unknown Minutes,0,This section IS NOT on the NHS,,,,,,,4,County Road,CR-ROPER RD,,0,None,33.60738611,33.60738611,-86.581747220,-86.581747220,0,No Special Jurisdiction,42,Tree (Standing Only),0,Not a Collision with Motor Vehicle In-Transport,0,No,1,Non-Junction,1,Not an Intersection,0,None,16,Urban-Local Road or Street,4,On Roadside,9,Unknown,99,Unknown,0,No Additional Atmospheric Conditions,99,Unknown,0,No,0000000,Not Applicable,99,Unknown,99,Unknown,8,8:00am-8:59am,51,51,88,"Not Applicable (Not Transported) ",88,Not Applicable (Not Transported),0,None,0,None,0,None,1,0
2014,1,10177,Alabama,1,1,0,0,0,1,1,97,MOBILE (97),2100,MOBILE,3,4,April,2014,5,Thursday,3,3:00am-3:59am,45,45,1,This section IS ON the NHS,,,,,,,3,State Highway,SR-AIRPORT BLVD,WILLOW BROOK RUN,170,170,30.67999444,30.67999444,-88.194144440,-88.194144440,0,No Special Jurisdiction,30,Utility Pole/Light Support,0,Not a Collision with Motor Vehicle In-Transport,0,No,3,"Intersection-Related ",2,Four-Way Intersection,0,None,13,Urban-Other Principal Arterial,4,On Roadside,3,Dark - Lighted,1,Clear,0,No Additional Atmospheric Conditions,1,Clear,0,No,0000000,Not Applicable,99,Unknown,99,Unknown,3,3:00am-3:59am,50,50,88,"Not Applicable (Not Transported) ",88,Not Applicable (Not Transported),0,None,0,None,0,None,1,1
2014,1,10178,Alabama,1,1,0,0,0,1,1,97,MOBILE (97),690,CITRONELLE,4,4,April,2014,6,Friday,5,5:00am-5:59am,56,56,0,This section IS NOT on the NHS,,,,,,,4,County Road,CR-PRINE ROAD,,0,None,31.07366111,31.07366111,-88.286405560,-88.286405560,0,No Special Jurisdiction,42,Tree (Standing Only),0,Not a Collision with Motor Vehicle In-Transport,0,No,1,Non-Junction,1,Not an Intersection,0,None,6,Rural-Local Road or Street,4,On Roadside,4,Dawn,1,Clear,0,No Additional Atmospheric Conditions,1,Clear,0,No,0000000,Not Applicable,99,Unknown,99,Unknown,6,6:00am-6:59am,30,30,88,"Not Applicable (Not Transported) ",88,Not Applicable (Not Transported),0,None,0,None,0,None,1,1