caseyear,state,st_case,statename,ve_total,ve_forms,pvh_invl,peds,pernotmvit,permvit,persons,county,countyname,city,cityname,day,month,monthname,year,day_week,day_weekname,hour,hourname,minute,minutename,nhs,nhsname,rur_urb,rur_urbname,func_sys,func_sysname,rd_owner,rd_ownername,route,routename,tway_id,tway_id2,milept,mileptname,latitude,latitudename,longitud,longitudname,sp_jur,sp_jurname,harm_ev,harm_evname,man_coll,man_collname,reljct1,reljct1name,reljct2,reljct2name,typ_int,typ_intname,wrk_zone,wrk_zonename,road_fnc,road_fncname,rel_road,rel_roadname,lgt_cond,lgt_condname,weather1,weather1name,weather2,weather2name,weather,weathername,sch_bus,sch_busname,rail,railname,not_hour,not_hourname,not_min,not_minname,arr_hour,arr_hourname,arr_min,arr_minname,hosp_hr,hosp_hrname,hosp_mn,hosp_mnname,cf1,cf1name,cf2,cf2name,cf3,cf3name,fatals,drunk_dr
2014,1,10250,Alabama,1,1,0,1,1,1,1,51,ELMORE (51),2063,MILLBROOK,10,5,May,2014,7,Saturday,22,10:00pm-10:59pm,33,33,0,This section IS NOT on the NHS,,,,,,,4,County Road,CR-DEATSVILLE HWY,,0,None,32.52531944,32.52531944,-86.377441670,-86.377441670,0,No Special Jurisdiction,8,Pedestrian,0,Not a Collision with Motor Vehicle In-Transport,0,No,1,Non-Junction,1,Not an Intersection,0,None,4,Rural-Major Collector,1,On Roadway,3,Dark - Lighted,1,Clear,0,No Additional Atmospheric Conditions,1,Clear,0,No,0000000,Not Applicable,99,Unknown,99,Unknown,22,10:00pm-10:59pm,38,38,99,Unknown,99,Unknown EMS Hospital Arrival Time,0,None,0,None,0,None,1,0
2014,1,10251,Alabama,2,2,0,0,0,6,6,89,MADISON (89),1730,HUNTSVILLE,12,5,May,2014,2,Monday,13,1:00pm-1:59pm,39,39,1,This section IS ON the NHS,,,,,,,6,Local Street - Municipality,OLD HWY 431,AUDUBON LN SE,0,None,34.66026944,34.66026944,-86.473827780,-86.473827780,0,No Special Jurisdiction,12,"Motor Vehicle In-Transport ",6,"Angle ",0,No,2,Intersection,3,T-Intersection,0,None,13,Urban-Other Principal Arterial,1,On Roadway,1,Daylight,1,Clear,0,No Additional Atmospheric Conditions,1,Clear,0,No,0000000,Not Applicable,99,Unknown,99,Unknown,13,1:00pm-1:59pm,51,51,99,Unknown,99,Unknown EMS Hospital Arrival Time,0,None,0,None,0,None,1,0
2014,1,10252,Alabama,2,2,0,0,0,3,3,117,SHELBY (117),9997,Other,12,5,May,2014,2,Monday,14,2:00pm-2:59pm,49,49,0,This section IS NOT on the NHS,,,,,,,3,State Highway,SR-261,WOODDALE DR,50,50,33.34146389,33.34146389,-86.804597220,-86.804597220,0,No Special Jurisdiction,12,"Motor Vehicle In-Transport ",6,"Angle ",0,No,2,Intersection,2,Four-Way Intersection,0,None,14,Urban-Minor Arterial,1,On Roadway,1,Daylight,1,Clear,0,No Additional Atmospheric Conditions,1,Clear,0,No,0000000,Not Applicable,99,Unknown,99,Unknown,14,2:00pm-2:59pm,56,56,99,Unknown,99,Unknown EMS Hospital Arrival Time,0,None,0,None,0,None,1,0
2014,1,10253,Alabama,1,1,0,1,1,1,1,73,JEFFERSON (73),0,NOT APPLICABLE,25,4,April,2014,6,Friday,9,9:00am-9:59am,27,27,1,This section IS ON the NHS,,,,,,,2,U.S. Highway,US-SR 4,,1400,1400,33.57315000,33.57315000,-86.903188890,-86.903188890,0,No Special Jurisdiction,8,Pedestrian,0,Not a Collision with Motor Vehicle In-Transport,0,No,1,Non-Junction,1,Not an Intersection,0,None,13,Urban-Other Principal Arterial,4,On Roadside,1,Daylight,1,Clear,0,No Additional Atmospheric Conditions,1,Clear,0,No,0000000,Not Applicable,99,Unknown,99,Unknown,9,9:00am-9:59am,32,32,88,"Not Applicable (Not Transported) ",88,Not Applicable (Not Transported),0,None,0,None,0,None,1,1
2014,1,10254,Alabama,1,1,0,0,0,1,1,73,JEFFERSON (73),0,NOT APPLICABLE,1,5,May,2014,5,Thursday,6,6:00am-6:59am,56,56,0,This section IS NOT on the NHS,,,,,,,4,County Road,CR-BRADFORD TRAFFORD RD,,0,None,33.80586667,33.80586667,-86.736391670,-86.736391670,0,No Special Jurisdiction,38,Fence,0,Not a Collision with Motor Vehicle In-Transport,0,No,1,Non-Junction,1,Not an Intersection,0,None,4,Rural-Major Collector,4,On Roadside,1,Daylight,1,Clear,0,No Additional Atmospheric Conditions,1,Clear,0,No,0000000,Not Applicable,99,Unknown,99,Unknown,7,7:00am-7:59am,10,10,88,"Not Applicable (Not Transported) ",88,Not Applicable (Not Transported),0,None,0,None,0,None,1,0
2014,1,10255,Alabama,1,1,0,0,0,1,1,73,JEFFERSON (73),0,NOT APPLICABLE,15,5,May,2014,5,Thursday,9,9:00am-9:59am,48,48,0,This section IS NOT on the NHS,,,,,,,4,County Road,CR-WARRIOR JASPER RD,,0,None,33.80375278,33.80375278,-86.864875000,-86.864875000,0,No Special Jurisdiction,32,Culvert,0,Not a Collision with Motor Vehicle In-Transport,0,No,1,Non-Junction,1,Not an Intersection,0,None,4,Rural-Major Collector,4,On Roadside,1,Daylight,10,Cloudy,0,No Additional Atmospheric Conditions,10,Cloudy,0,No,0000000,Not Applicable,99,Unknown,99,Unknown,10,10:00am-10:59am,0,0,88,"Not Applicable (Not Transported) ",88,Not Applicable (Not Transported),0,None,0,None,0,None,1,0
2014,1,10256,Alabama,2,2,0,0,0,2,2,117,SHELBY (117),1570,HARPERSVILLE,29,4,April,2014,3,Tuesday,2,2:00am-2:59am,10,10,1,This section IS ON the NHS,,,,,,,2,U.S. Highway,US-SR 38,,269,269,33.33742222,33.33742222,-86.426891670,-86.426891670,0,No Special Jurisdiction,12,"Motor Vehicle In-Transport ",2,Front-to-Front,0,No,1,Non-Junction,1,Not an Intersection,0,None,2,Rural-Principal Arterial-Other,1,On Roadway,3,Dark - Lighted,2,Rain,0,No Additional Atmospheric Conditions,2,Rain,0,No,0000000,Not Applicable,99,Unknown,99,Unknown,2,2:00am-2:59am,15,15,99,Unknown,99,Unknown EMS Hospital Arrival Time,0,None,0,None,0,None,1,1
2014,1,10257,Alabama,1,1,0,1,1,1,1,73,JEFFERSON (73),1716,HOOVER,2,5,May,2014,6,Friday,3,3:00am-3:59am,42,42,1,This section IS ON the NHS,,,,,,,1,Interstate,I-459,,118,118,33.36612778,33.36612778,-86.839391670,-86.839391670,0,No Special Jurisdiction,8,Pedestrian,0,Not a Collision with Motor Vehicle In-Transport,0,No,1,Non-Junction,1,Not an Intersection,2,Maintenance,11,Urban-Principal Arterial-Interstate,5,Outside Trafficway,2,Dark - Not Lighted,1,Clear,0,No Additional Atmospheric Conditions,1,Clear,0,No,0000000,Not Applicable,99,Unknown,99,Unknown,3,3:00am-3:59am,50,50,88,"Not Applicable (Not Transported) ",88,Not Applicable (Not Transported),0,None,0,None,0,None,1,0
2014,1,10258,Alabama,1,1,0,1,1,4,4,97,MOBILE (97),2550,PRICHARD,3,5,May,2014,7,Saturday,17,5:00pm-5:59pm,32,32,0,This section IS NOT on the NHS,,,,,,,6,Local Street - Municipality,DUNLAP CIRCLE,BARBOUR DR,0,None,30.75185556,30.75185556,-88.078833330,-88.078833330,0,No Special Jurisdiction,9,Pedalcyclist,0,Not a Collision with Motor Vehicle In-Transport,0,No,3,"Intersection-Related ",3,T-Intersection,0,None,16,Urban-Local Road or Street,1,On Roadway,1,Daylight,1,Clear,0,No Additional Atmospheric Conditions,1,Clear,0,No,0000000,Not Applicable,99,Unknown,99,Unknown,17,5:00pm-5:59pm,35,35,88,"Not Applicable (Not Transported) ",88,Not Applicable (Not Transported),0,None,0,None,0,None,1,1
2014,1,10259,Alabama,1,1,0,0,0,3,3,15,CALHOUN (15),2370,OXFORD,3,5,May,2014,7,Saturday,6,6:00am-6:59am,23,23,0,This section IS NOT on the NHS,,,,,,,6,Local Street - Municipality,COLEMAN ROAD,,0,None,33.61623611,33.61623611,-85.803563890,-85.803563890,0,No Special Jurisdiction,10,Railway Vehicle,0,Not a Collision with Motor Vehicle In-Transport,0,No,6,"Railway Grade Crossing ",1,Not an Intersection,0,None,15,Urban-Collector,1,On Roadway,1,Daylight,10,Cloudy,0,No Additional Atmospheric Conditions,10,Cloudy,0,No,727029M,727029M,99,Unknown,99,Unknown,6,6:00am-6:59am,30,30,99,Unknown,99,Unknown EMS Hospital Arrival Time,0,None,0,None,0,None,2,0
2014,1,10260,Alabama,2,2,0,0,0,3,3,33,COLBERT (33),0,NOT APPLICABLE,3,5,May,2014,7,Saturday,15,3:00pm-3:59pm,40,40,1,This section IS ON the NHS,,,,,,,2,U.S. Highway,US-SR 2,HWY 247,178,178,34.72213611,34.72213611,-87.812211110,-87.812211110,0,No Special Jurisdiction,12,"Motor Vehicle In-Transport ",6,"Angle ",0,No,2,Intersection,3,T-Intersection,0,None,2,Rural-Principal Arterial-Other,1,On Roadway,1,Daylight,1,Clear,0,No Additional Atmospheric Conditions,1,Clear,0,No,0000000,Not Applicable,99,Unknown,99,Unknown,15,3:00pm-3:59pm,49,49,99,Unknown,99,Unknown EMS Hospital Arrival Time,0,None,0,None,0,None,2,0
2014,1,10261,Alabama,2,2,0,0,0,2,2,69,HOUSTON (69),0,NOT APPLICABLE,4,5,May,2014,1,Sunday,14,2:00pm-2:59pm,55,55,1,This section IS ON the NHS,,,,,,,2,U.S. Highway,US-SR 1,,47,47,31.06700556,31.06700556,-85.404852780,-85.404852780,0,No Special Jurisdiction,12,"Motor Vehicle In-Transport ",7,Sideswipe - Same Direction,0,No,1,Non-Junction,1,Not an Intersection,0,None,2,Rural-Principal Arterial-Other,1,On Roadway,1,Daylight,1,Clear,0,No Additional Atmospheric Conditions,1,Clear,0,No,0000000,Not Applicable,99,Unknown,99,Unknown,15,3:00pm-3:59pm,10,10,88,"Not Applicable (Not Transported) ",88,Not Applicable (Not Transported),0,None,0,None,0,None,2,0
2014,1,10262,Alabama,2,2,0,0,0,5,5,71,JACKSON (71),0,NOT APPLICABLE,7,5,May,2014,4,Wednesday,7,7:00am-7:59am,35,35,0,This section IS NOT on the NHS,,,,,,,4,County Road,CR-95,,0,None,34.82823056,34.82823056,-85.638733330,-85.638733330,0,No Special Jurisdiction,12,"Motor Vehicle In-Transport ",1,"Front-to-Rear ",0,No,1,Non-Junction,1,Not an Intersection,1,Construction,5,Rural-Minor Collector,1,On Roadway,1,Daylight,1,Clear,0,No Additional Atmospheric Conditions,1,Clear,0,No,0000000,Not Applicable,99,Unknown,99,Unknown,7,7:00am-7:59am,50,50,99,Unknown,99,Unknown EMS Hospital Arrival Time,0,None,0,None,0,None,1,0
2014,1,10263,Alabama,1,1,0,0,0,1,1,51,ELMORE (51),0,NOT APPLICABLE,7,5,May,2014,4,Wednesday,17,5:00pm-5:59pm,40,40,0,This section IS NOT on the NHS,,,,,,,4,County Road,CR-MERCER ROAD,,0,None,32.54850833,32.54850833,-86.327625000,-86.327625000,0,No Special Jurisdiction,1,Rollover/Overturn,0,Not a Collision with Motor Vehicle In-Transport,0,No,1,Non-Junction,1,Not an Intersection,0,None,6,Rural-Local Road or Street,1,On Roadway,1,Daylight,1,Clear,0,No Additional Atmospheric Conditions,1,Clear,0,No,0000000,Not Applicable,99,Unknown,99,Unknown,17,5:00pm-5:59pm,50,50,99,Unknown,99,Unknown EMS Hospital Arrival Time,0,None,0,None,0,None,1,1
2014,1,10264,Alabama,2,2,0,0,0,2,2,53,ESCAMBIA (53),0,NOT APPLICABLE,7,5,May,2014,4,Wednesday,13,1:00pm-1:59pm,10,10,1,This section IS ON the NHS,,,,,,,1,Interstate,I-65,,631,631,31.15055278,31.15055278,-87.394102780,-87.394102780,0,No Special Jurisdiction,12,"Motor Vehicle In-Transport ",1,"Front-to-Rear ",0,No,1,Non-Junction,1,Not an Intersection,0,None,1,Rural-Principal Arterial-Interstate,1,On Roadway,1,Daylight,1,Clear,0,No Additional Atmospheric Conditions,1,Clear,0,No,0000000,Not Applicable,99,Unknown,99,Unknown,13,1:00pm-1:59pm,27,27,88,"Not Applicable (Not Transported) ",88,Not Applicable (Not Transported),0,None,0,None,0,None,1,0
2014,1,10265,Alabama,2,2,0,0,0,2,2,61,GENEVA (61),0,NOT APPLICABLE,8,5,May,2014,5,Thursday,19,7:00pm-7:59pm,15,15,0,This section IS NOT on the NHS,,,,,,,4,County Road,CR-69,MACEDONIA RD,0,None,31.13706111,31.13706111,-85.671677780,-85.671677780,0,No Special Jurisdiction,12,"Motor Vehicle In-Transport ",6,"Angle ",0,No,2,Intersection,3,T-Intersection,0,None,5,Rural-Minor Collector,1,On Roadway,5,Dusk,1,Clear,0,No Additional Atmospheric Conditions,1,Clear,0,No,0000000,Not Applicable,99,Unknown,99,Unknown,19,7:00pm-7:59pm,30,30,88,"Not Applicable (Not Transported) ",88,Not Applicable (Not Transported),0,None,0,None,0,None,1,0
2014,1,10266,Alabama,1,1,0,0,0,1,1,127,WALKER (127),0,NOT APPLICABLE,12,5,May,2014,2,Monday,21,9:00pm-9:59pm,5,5,1,This section IS ON the NHS,,,,,,,4,County Road,CR-OLD BIRMINGHAM HWY,,0,None,33.81837222,33.81837222,-87.162311110,-87.162311110,0,No Special Jurisdiction,34,Ditch,0,Not a Collision with Motor Vehicle In-Transport,0,No,1,Non-Junction,1,Not an Intersection,0,None,2,Rural-Principal Arterial-Other,4,On Roadside,2,Dark - Not Lighted,1,Clear,0,No Additional Atmospheric Conditions,1,Clear,0,No,0000000,Not Applicable,99,Unknown,99,Unknown,21,9:00pm-9:59pm,30,30,88,"Not Applicable (Not Transported) ",88,Not Applicable (Not Transported),0,None,0,None,0,None,1,1
2014,1,10267,Alabama,2,2,0,0,0,2,2,15,CALHOUN (15),0,NOT APPLICABLE,12,5,May,2014,2,Monday,17,5:00pm-5:59pm,55,55,0,This section IS NOT on the NHS,,,,,,,3,State Highway,SR-144,,237,237,33.78335000,33.78335000,-85.950180560,-85.950180560,0,No Special Jurisdiction,12,"Motor Vehicle In-Transport ",2,Front-to-Front,0,No,1,Non-Junction,1,Not an Intersection,0,None,3,Rural-Minor Arterial,1,On Roadway,1,Daylight,1,Clear,0,No Additional Atmospheric Conditions,1,Clear,0,No,0000000,Not Applicable,99,Unknown,99,Unknown,18,6:00pm-6:59pm,8,8,99,Unknown,99,Unknown EMS Hospital Arrival Time,0,None,0,None,0,None,1,0
2014,1,10268,Alabama,2,2,0,0,0,2,2,81,LEE (81),0,NOT APPLICABLE,13,5,May,2014,3,Tuesday,14,2:00pm-2:59pm,36,36,0,This section IS NOT on the NHS,,,,,,,4,County Road,CR-57,,0,None,32.58794722,32.58794722,-85.566369440,-85.566369440,0,No Special Jurisdiction,12,"Motor Vehicle In-Transport ",2,Front-to-Front,0,No,1,Non-Junction,1,Not an Intersection,0,None,6,Rural-Local Road or Street,1,On Roadway,1,Daylight,1,Clear,0,No Additional Atmospheric Conditions,1,Clear,0,No,0000000,Not Applicable,99,Unknown,99,Unknown,15,3:00pm-3:59pm,0,0,99,Unknown,99,Unknown EMS Hospital Arrival Time,0,None,0,None,0,None,1,0
2014,1,10269,Alabama,1,1,0,0,0,1,1,125,TUSCALOOSA (125),0,NOT APPLICABLE,13,5,May,2014,3,Tuesday,20,8:00pm-8:59pm,50,50,0,This section IS NOT on the NHS,,,,,,,4,County Road,CR-MOUNTAIN VIEW LANE,,0,None,33.27670000,33.27670000,-87.202502780,-87.202502780,0,No Special Jurisdiction,35,Embankment,0,Not a Collision with Motor Vehicle In-Transport,0,No,1,Non-Junction,1,Not an Intersection,0,None,4,Rural-Major Collector,4,On Roadside,2,Dark - Not Lighted,1,Clear,0,No Additional Atmospheric Conditions,1,Clear,0,No,0000000,Not Applicable,99,Unknown,99,Unknown,21,9:00pm-9:59pm,15,15,99,Unknown,99,Unknown EMS Hospital Arrival Time,0,None,0,None,0,None,1,1
2014,1,10270,Alabama,2,2,0,0,0,3,3,111,RANDOLPH (111),0,NOT APPLICABLE,16,5,May,2014,6,Friday,18,6:00pm-6:59pm,30,30,0,This section IS NOT on the NHS,,,,,,,3,State Highway,SR-48,,289,289,33.42883333,33.42883333,-85.372036110,-85.372036110,0,No Special Jurisdiction,12,"Motor Vehicle In-Transport ",7,Sideswipe - Same Direction,0,No,1,Non-Junction,1,Not an Intersection,0,None,14,Urban-Minor Arterial,1,On Roadway,1,Daylight,1,Clear,0,No Additional Atmospheric Conditions,1,Clear,0,No,0000000,Not Applicable,99,Unknown,99,Unknown,18,6:00pm-6:59pm,45,45,99,Unknown,99,Unknown EMS Hospital Arrival Time,0,None,0,None,0,None,1,0
2014,1,10271,Alabama,1,1,0,0,0,1,1,89,MADISON (89),1730,HUNTSVILLE,19,5,May,2014,2,Monday,9,9:00am-9:59am,12,12,1,This section IS ON the NHS,,,,,,,2,U.S. Highway,US-SR 53,,3130,3130,34.67851667,34.67851667,-86.576352780,-86.576352780,0,No Special Jurisdiction,25,Concrete Traffic Barrier,0,Not a Collision with Motor Vehicle In-Transport,0,No,1,Non-Junction,1,Not an Intersection,0,None,12,Urban-Principal Arterial-Other Freeways or Expressways,3,On Median,1,Daylight,1,Clear,0,No Additional Atmospheric Conditions,1,Clear,0,No,0000000,Not Applicable,99,Unknown,99,Unknown,9,9:00am-9:59am,15,15,88,"Not Applicable (Not Transported) ",88,Not Applicable (Not Transported),0,None,0,None,0,None,1,0
2014,1,10272,Alabama,1,1,0,1,1,2,2,55,ETOWAH (55),1280,GADSDEN,2,5,May,2014,6,Friday,20,8:00pm-8:59pm,6,6,0,This section IS NOT on the NHS,,,,,,,6,Local Street - Municipality,TIDMORE BEND RD,,0,None,34.02811667,34.02811667,-85.968877780,-85.968877780,0,No Special Jurisdiction,8,Pedestrian,0,Not a Collision with Motor Vehicle In-Transport,0,No,1,Non-Junction,1,Not an Intersection,0,None,15,Urban-Collector,1,On Roadway,3,Dark - Lighted,10,Cloudy,0,No Additional Atmospheric Conditions,10,Cloudy,0,No,0000000,Not Applicable,99,Unknown,99,Unknown,20,8:00pm-8:59pm,12,12,99,Unknown,99,Unknown EMS Hospital Arrival Time,0,None,0,None,0,None,1,0
2014,1,10273,Alabama,2,2,0,0,0,3,3,89,MADISON (89),1508,GURLEY,7,5,May,2014,4,Wednesday,15,3:00pm-3:59pm,15,15,0,This section IS NOT on the NHS,,,,,,,4,County Road,CR-GURLEY PIKE,,0,None,34.71581389,34.71581389,-86.377058330,-86.377058330,0,No Special Jurisdiction,12,"Motor Vehicle In-Transport ",2,Front-to-Front,0,No,1,Non-Junction,1,Not an Intersection,0,None,4,Rural-Major Collector,1,On Roadway,1,Daylight,1,Clear,0,No Additional Atmospheric Conditions,1,Clear,0,No,0000000,Not Applicable,99,Unknown,99,Unknown,15,3:00pm-3:59pm,30,30,99,Unknown,99,Unknown EMS Hospital Arrival Time,0,None,0,None,0,None,1,1
2014,1,10274,Alabama,2,2,0,0,0,4,4,97,MOBILE (97),0,NOT APPLICABLE,9,5,May,2014,6,Friday,16,4:00pm-4:59pm,30,30,0,This section IS NOT on the NHS,,,,,,,3,State Highway,SR-193,,155,155,30.45541389,30.45541389,-88.115616670,-88.115616670,0,No Special Jurisdiction,12,"Motor Vehicle In-Transport ",1,"Front-to-Rear ",0,No,1,Non-Junction,1,Not an Intersection,0,None,5,Rural-Minor Collector,1,On Roadway,1,Daylight,10,Cloudy,0,No Additional Atmospheric Conditions,10,Cloudy,0,No,0000000,Not Applicable,99,Unknown,99,Unknown,16,4:00pm-4:59pm,49,49,99,Unknown,99,Unknown EMS Hospital Arrival Time,0,None,0,None,0,None,1,0
2014,1,10275,Alabama,1,1,0,0,0,1,1,125,TUSCALOOSA (125),0,NOT APPLICABLE,16,5,May,2014,6,Friday,8,8:00am-8:59am,38,38,1,This section IS ON the NHS,,,,,,,2,U.S. Highway,US-SR 6,,697,697,33.03443611,33.03443611,-87.346700000,-87.346700000,0,No Special Jurisdiction,42,Tree (Standing Only),0,Not a Collision with Motor Vehicle In-Transport,0,No,1,Non-Junction,1,Not an Intersection,0,None,2,Rural-Principal Arterial-Other,4,On Roadside,1,Daylight,1,Clear,0,No Additional Atmospheric Conditions,1,Clear,0,No,0000000,Not Applicable,99,Unknown,99,Unknown,9,9:00am-9:59am,10,10,88,"Not Applicable (Not Transported) ",88,Not Applicable (Not Transported),0,None,0,None,0,None,1,0
2014,1,10276,Alabama,2,2,0,0,0,4,4,101,MONTGOMERY (101),2130,MONTGOMERY,17,5,May,2014,7,Saturday,12,12:00pm-12:59pm,52,52,1,This section IS ON the NHS,,,,,,,6,Local Street - Municipality,WEST SOUTH BLVD,,0,None,32.32630833,32.32630833,-86.326533330,-86.326533330,0,No Special Jurisdiction,12,"Motor Vehicle In-Transport ",6,"Angle ",0,No,8,Driveway Access Related,1,Not an Intersection,0,None,13,Urban-Other Principal Arterial,1,On Roadway,1,Daylight,1,Clear,0,No Additional Atmospheric Conditions,1,Clear,0,No,0000000,Not Applicable,99,Unknown,99,Unknown,12,12:00pm-12:59pm,57,57,99,Unknown,99,Unknown EMS Hospital Arrival Time,0,None,0,None,0,None,1,0
2014,1,10277,Alabama,1,1,0,0,0,2,2,87,MACON (87),0,NOT APPLICABLE,18,5,May,2014,1,Sunday,5,5:00am-5:59am,0,0,0,This section IS NOT on the NHS,,,,,,,3,State Highway,SR-8,,1789,1789,32.45945833,32.45945833,-85.617458330,-85.617458330,0,No Special Jurisdiction,1,Rollover/Overturn,0,Not a Collision with Motor Vehicle In-Transport,0,No,1,Non-Junction,1,Not an Intersection,0,None,3,Rural-Minor Arterial,4,On Roadside,2,Dark - Not Lighted,1,Clear,0,No Additional Atmospheric Conditions,1,Clear,0,No,0000000,Not Applicable,99,Unknown,99,Unknown,5,5:00am-5:59am,20,20,99,Unknown,99,Unknown EMS Hospital Arrival Time,0,None,0,None,0,None,1,1
2014,1,10278,Alabama,1,1,0,0,0,1,1,1,AUTAUGA (1),0,NOT APPLICABLE,18,5,May,2014,1,Sunday,20,8:00pm-8:59pm,38,38,0,This section IS NOT on the NHS,,,,,,,4,County Road,CR-10,,0,None,32.49666111,32.49666111,-86.533000000,-86.533000000,0,No Special Jurisdiction,42,Tree (Standing Only),0,Not a Collision with Motor Vehicle In-Transport,0,No,1,Non-Junction,1,Not an Intersection,0,None,4,Rural-Major Collector,4,On Roadside,2,Dark - Not Lighted,1,Clear,0,No Additional Atmospheric Conditions,1,Clear,0,No,0000000,Not Applicable,99,Unknown,99,Unknown,21,9:00pm-9:59pm,0,0,88,"Not Applicable (Not Transported) ",88,Not Applicable (Not Transported),0,None,0,None,0,None,1,0
2014,1,10279,Alabama,1,1,0,0,0,4,4,95,MARSHALL (95),0,NOT APPLICABLE,19,5,May,2014,2,Monday,20,8:00pm-8:59pm,57,57,0,This section IS NOT on the NHS,,,,,,,4,County Road,CR-HIGH POINT ROAD,,0,None,34.24266111,34.24266111,-86.273302780,-86.273302780,0,No Special Jurisdiction,32,Culvert,0,Not a Collision with Motor Vehicle In-Transport,0,No,1,Non-Junction,1,Not an Intersection,0,None,5,Rural-Minor Collector,4,On Roadside,2,Dark - Not Lighted,1,Clear,0,No Additional Atmospheric Conditions,1,Clear,0,No,0000000,Not Applicable,99,Unknown,99,Unknown,21,9:00pm-9:59pm,8,8,99,Unknown,99,Unknown EMS Hospital Arrival Time,0,None,0,None,0,None,1,0
2014,1,10280,Alabama,2,2,0,0,0,2,2,21,CHILTON (21),0,NOT APPLICABLE,20,5,May,2014,3,Tuesday,16,4:00pm-4:59pm,0,0,0,This section IS NOT on the NHS,,,,,,,3,State Highway,SR-145,,81,81,32.94801389,32.94801389,-86.617522220,-86.617522220,0,No Special Jurisdiction,12,"Motor Vehicle In-Transport ",6,"Angle ",0,No,1,Non-Junction,1,Not an Intersection,0,None,3,Rural-Minor Arterial,1,On Roadway,1,Daylight,1,Clear,0,No Additional Atmospheric Conditions,1,Clear,0,No,0000000,Not Applicable,99,Unknown,99,Unknown,16,4:00pm-4:59pm,15,15,99,Unknown,99,Unknown EMS Hospital Arrival Time,0,None,0,None,0,None,1,0
2014,1,10281,Alabama,1,1,0,1,1,0,0,55,ETOWAH (55),190,ATTALLA,20,5,May,2014,3,Tuesday,22,10:00pm-10:59pm,9,9,0,This section IS NOT on the NHS,,,,,,,6,Local Street - Municipality,13TH AVE NW,,0,None,34.02818333,34.02818333,-86.080808330,-86.080808330,0,No Special Jurisdiction,10,Railway Vehicle,0,Not a Collision with Motor Vehicle In-Transport,0,No,6,"Railway Grade Crossing ",1,Not an Intersection,0,None,16,Urban-Local Road or Street,1,On Roadway,3,Dark - Lighted,1,Clear,0,No Additional Atmospheric Conditions,1,Clear,0,No,725277B,725277B,99,Unknown,99,Unknown,22,10:00pm-10:59pm,16,16,99,Unknown,99,Unknown EMS Hospital Arrival Time,15,"Non-occupant struck by falling cargo, or something that came loose from, or something that was set in motion by a vehicle",19,Recent/Previous Crash scene Nearby,0,None,1,0
2014,1,10282,Alabama,1,1,0,0,0,1,1,127,WALKER (127),0,NOT APPLICABLE,21,5,May,2014,4,Wednesday,21,9:00pm-9:59pm,45,45,0,This section IS NOT on the NHS,,,,,,,3,State Highway,SR-269,,320,320,33.69987222,33.69987222,-87.256469440,-87.256469440,0,No Special Jurisdiction,1,Rollover/Overturn,0,Not a Collision with Motor Vehicle In-Transport,0,No,1,Non-Junction,1,Not an Intersection,0,None,4,Rural-Major Collector,4,On Roadside,2,Dark - Not Lighted,1,Clear,0,No Additional Atmospheric Conditions,1,Clear,0,No,0000000,Not Applicable,99,Unknown,99,Unknown,6,6:00am-6:59am,45,45,88,"Not Applicable (Not Transported) ",88,Not Applicable (Not Transported),18,Date of Crash and Date of EMS Notification were not the same day,0,None,0,None,1,0
2014,1,10283,Alabama,1,1,0,0,0,1,1,131,WILCOX (131),0,NOT APPLICABLE,23,5,May,2014,6,Friday,22,10:00pm-10:59pm,50,50,0,This section IS NOT on the NHS,,,,,,,3,State Highway,SR-41,,835,835,31.99428056,31.99428056,-87.280911110,-87.280911110,0,No Special Jurisdiction,35,Embankment,0,Not a Collision with Motor Vehicle In-Transport,0,No,1,Non-Junction,1,Not an Intersection,0,None,3,Rural-Minor Arterial,4,On Roadside,2,Dark - Not Lighted,10,Cloudy,0,No Additional Atmospheric Conditions,10,Cloudy,0,No,0000000,Not Applicable,88,Not Applicable (Not Notified),88,Not Applicable (Not Notified),88,"Not Applicable ",88,Not Applicable,88,"Not Applicable (Not Transported) ",88,Not Applicable (Not Transported),0,None,0,None,0,None,1,0
2014,1,10284,Alabama,1,1,0,0,0,2,2,71,JACKSON (71),0,NOT APPLICABLE,24,5,May,2014,7,Saturday,1,1:00am-1:59am,35,35,0,This section IS NOT on the NHS,,,,,,,4,County Road,CR-357,,0,None,34.72040000,34.72040000,-85.833822220,-85.833822220,0,No Special Jurisdiction,42,Tree (Standing Only),0,Not a Collision with Motor Vehicle In-Transport,0,No,1,Non-Junction,1,Not an Intersection,0,None,6,Rural-Local Road or Street,4,On Roadside,2,Dark - Not Lighted,1,Clear,0,No Additional Atmospheric Conditions,1,Clear,0,No,0000000,Not Applicable,99,Unknown,99,Unknown,1,1:00am-1:59am,46,46,99,Unknown,99,Unknown EMS Hospital Arrival Time,0,None,0,None,0,None,1,1
2014,1,10285,Alabama,2,2,0,0,0,5,5,121,TALLADEGA (121),2910,TALLADEGA,20,5,May,2014,3,Tuesday,16,4:00pm-4:59pm,14,14,0,This section IS NOT on the NHS,,,,,,,3,State Highway,SR-275,JACKSON TRACE ROAD,45,45,33.46040833,33.46040833,-86.102991670,-86.102991670,0,No Special Jurisdiction,12,"Motor Vehicle In-Transport ",6,"Angle ",0,No,2,Intersection,2,Four-Way Intersection,0,None,19,Urban-Unknown Urban,1,On Roadway,1,Daylight,1,Clear,0,No Additional Atmospheric Conditions,1,Clear,0,No,0000000,Not Applicable,99,Unknown,99,Unknown,16,4:00pm-4:59pm,17,17,99,Unknown,99,Unknown EMS Hospital Arrival Time,0,None,0,None,0,None,2,1