caseyear,state,st_case,statename,ve_total,ve_forms,pvh_invl,peds,pernotmvit,permvit,persons,county,countyname,city,cityname,day,month,monthname,year,day_week,day_weekname,hour,hourname,minute,minutename,nhs,nhsname,rur_urb,rur_urbname,func_sys,func_sysname,rd_owner,rd_ownername,route,routename,tway_id,tway_id2,milept,mileptname,latitude,latitudename,longitud,longitudname,sp_jur,sp_jurname,harm_ev,harm_evname,man_coll,man_collname,reljct1,reljct1name,reljct2,reljct2name,typ_int,typ_intname,wrk_zone,wrk_zonename,road_fnc,road_fncname,rel_road,rel_roadname,lgt_cond,lgt_condname,weather1,weather1name,weather2,weather2name,weather,weathername,sch_bus,sch_busname,rail,railname,not_hour,not_hourname,not_min,not_minname,arr_hour,arr_hourname,arr_min,arr_minname,hosp_hr,hosp_hrname,hosp_mn,hosp_mnname,cf1,cf1name,cf2,cf2name,cf3,cf3name,fatals,drunk_dr
2014,1,10286,Alabama,1,1,0,1,1,1,1,125,TUSCALOOSA (125),3050,TUSCALOOSA,7,5,May,2014,4,Wednesday,0,0:00am-0:59am,10,10,0,This section IS NOT on the NHS,,,,,,,6,Local Street - Municipality,18TH ST,,0,None,33.19659444,33.19659444,-87.568597220,-87.568597220,0,No Special Jurisdiction,8,Pedestrian,0,Not a Collision with Motor Vehicle In-Transport,0,No,1,Non-Junction,1,Not an Intersection,0,None,16,Urban-Local Road or Street,1,On Roadway,6,Dark - Unknown Lighting,1,Clear,0,No Additional Atmospheric Conditions,1,Clear,0,No,0000000,Not Applicable,99,Unknown,99,Unknown,0,0:00am-0:59am,18,18,88,"Not Applicable (Not Transported) ",88,Not Applicable (Not Transported),0,None,0,None,0,None,1,0
2014,1,10287,Alabama,1,1,0,0,0,1,1,21,CHILTON (21),1790,JEMISON,23,5,May,2014,6,Friday,1,1:00am-1:59am,15,15,0,This section IS NOT on the NHS,,,,,,,2,U.S. Highway,US-SR 3,,2347,2347,32.99653611,32.99653611,-86.757313890,-86.757313890,0,No Special Jurisdiction,42,Tree (Standing Only),0,Not a Collision with Motor Vehicle In-Transport,0,No,1,Non-Junction,1,Not an Intersection,0,None,3,Rural-Minor Arterial,4,On Roadside,2,Dark - Not Lighted,1,Clear,0,No Additional Atmospheric Conditions,1,Clear,0,No,0000000,Not Applicable,99,Unknown,99,Unknown,1,1:00am-1:59am,28,28,99,Unknown,99,Unknown EMS Hospital Arrival Time,0,None,0,None,0,None,1,0
2014,1,10288,Alabama,3,3,0,0,0,3,3,73,JEFFERSON (73),3125,VESTAVIA HILLS,26,1,January,2014,1,Sunday,5,5:00am-5:59am,40,40,1,This section IS ON the NHS,,,,,,,1,Interstate,I-65,,2520,2520,33.41270278,33.41270278,-86.807558330,-86.807558330,0,No Special Jurisdiction,12,"Motor Vehicle In-Transport ",2,Front-to-Front,1,Yes,18,Through Roadway,1,Not an Intersection,0,None,11,Urban-Principal Arterial-Interstate,1,On Roadway,1,Daylight,1,Clear,0,No Additional Atmospheric Conditions,1,Clear,0,No,0000000,Not Applicable,99,Unknown,99,Unknown,5,5:00am-5:59am,47,47,99,Unknown,99,Unknown EMS Hospital Arrival Time,0,None,0,None,0,None,1,1
2014,1,10289,Alabama,2,2,0,0,0,2,2,35,CONECUH (35),0,NOT APPLICABLE,7,6,June,2014,7,Saturday,8,8:00am-8:59am,55,55,0,This section IS NOT on the NHS,,,,,,,4,County Road,CR-20,CR-15,0,None,31.62621111,31.62621111,-86.825841670,-86.825841670,0,No Special Jurisdiction,12,"Motor Vehicle In-Transport ",6,"Angle ",0,No,2,Intersection,2,Four-Way Intersection,0,None,4,Rural-Major Collector,1,On Roadway,1,Daylight,1,Clear,0,No Additional Atmospheric Conditions,1,Clear,0,No,0000000,Not Applicable,99,Unknown,99,Unknown,9,9:00am-9:59am,10,10,88,"Not Applicable (Not Transported) ",88,Not Applicable (Not Transported),0,None,0,None,0,None,1,0
2014,1,10290,Alabama,1,1,0,0,0,1,1,59,FRANKLIN (59),0,NOT APPLICABLE,7,6,June,2014,7,Saturday,2,2:00am-2:59am,20,20,0,This section IS NOT on the NHS,,,,,,,4,County Road,CR-52,,0,None,34.41095278,34.41095278,-87.802797220,-87.802797220,0,No Special Jurisdiction,53,Mail Box,0,Not a Collision with Motor Vehicle In-Transport,0,No,1,Non-Junction,1,Not an Intersection,0,None,6,Rural-Local Road or Street,4,On Roadside,2,Dark - Not Lighted,10,Cloudy,0,No Additional Atmospheric Conditions,10,Cloudy,0,No,0000000,Not Applicable,99,Unknown,99,Unknown,3,3:00am-3:59am,7,7,88,"Not Applicable (Not Transported) ",88,Not Applicable (Not Transported),0,None,0,None,0,None,1,0
2014,1,10291,Alabama,1,1,0,0,0,1,1,7,BIBB (7),0,NOT APPLICABLE,5,6,June,2014,5,Thursday,0,0:00am-0:59am,30,30,1,This section IS ON the NHS,,,,,,,3,State Highway,SR-5,,963,963,33.08306944,33.08306944,-87.136516670,-87.136516670,0,No Special Jurisdiction,42,Tree (Standing Only),0,Not a Collision with Motor Vehicle In-Transport,0,No,1,Non-Junction,1,Not an Intersection,0,None,2,Rural-Principal Arterial-Other,4,On Roadside,2,Dark - Not Lighted,1,Clear,0,No Additional Atmospheric Conditions,1,Clear,0,No,0000000,Not Applicable,99,Unknown,99,Unknown,1,1:00am-1:59am,10,10,88,"Not Applicable (Not Transported) ",88,Not Applicable (Not Transported),0,None,0,None,0,None,1,0
2014,1,10292,Alabama,1,1,0,0,0,1,1,127,WALKER (127),0,NOT APPLICABLE,4,6,June,2014,4,Wednesday,19,7:00pm-7:59pm,10,10,0,This section IS NOT on the NHS,,,,,,,4,County Road,CR-RUSSELL DAIRY ROAD,,0,None,33.90809444,33.90809444,-87.326888890,-87.326888890,0,No Special Jurisdiction,42,Tree (Standing Only),0,Not a Collision with Motor Vehicle In-Transport,0,No,1,Non-Junction,1,Not an Intersection,0,None,6,Rural-Local Road or Street,4,On Roadside,1,Daylight,1,Clear,0,No Additional Atmospheric Conditions,1,Clear,0,No,0000000,Not Applicable,99,Unknown,99,Unknown,19,7:00pm-7:59pm,20,20,88,"Not Applicable (Not Transported) ",88,Not Applicable (Not Transported),0,None,0,None,0,None,1,1
2014,1,10293,Alabama,1,1,0,0,0,1,1,73,JEFFERSON (73),0,NOT APPLICABLE,4,6,June,2014,4,Wednesday,12,12:00pm-12:59pm,0,0,1,This section IS ON the NHS,,,,,,,1,Interstate,I-459,,173,173,33.51944444,33.51944444,-86.673466670,-86.673466670,0,No Special Jurisdiction,34,Ditch,0,Not a Collision with Motor Vehicle In-Transport,0,No,1,Non-Junction,1,Not an Intersection,0,None,11,Urban-Principal Arterial-Interstate,4,On Roadside,1,Daylight,10,Cloudy,0,No Additional Atmospheric Conditions,10,Cloudy,0,No,0000000,Not Applicable,99,Unknown,99,Unknown,12,12:00pm-12:59pm,19,19,88,"Not Applicable (Not Transported) ",88,Not Applicable (Not Transported),0,None,0,None,0,None,1,0
2014,1,10294,Alabama,1,1,0,0,0,1,1,55,ETOWAH (55),0,NOT APPLICABLE,3,6,June,2014,3,Tuesday,19,7:00pm-7:59pm,15,15,1,This section IS ON the NHS,,,,,,,4,County Road,CR-ROCKLEDGE ROAD,HWY 431,0,None,34.08561111,34.08561111,-86.110397220,-86.110397220,0,No Special Jurisdiction,24,Guardrail Face,0,Not a Collision with Motor Vehicle In-Transport,0,No,3,"Intersection-Related ",3,T-Intersection,0,None,13,Urban-Other Principal Arterial,4,On Roadside,1,Daylight,10,Cloudy,0,No Additional Atmospheric Conditions,10,Cloudy,0,No,0000000,Not Applicable,88,Not Applicable (Not Notified),88,Not Applicable (Not Notified),88,"Not Applicable ",88,Not Applicable,88,"Not Applicable (Not Transported) ",88,Not Applicable (Not Transported),0,None,0,None,0,None,1,1
2014,1,10295,Alabama,1,1,0,0,0,1,1,69,HOUSTON (69),930,DOTHAN,30,5,May,2014,6,Friday,18,6:00pm-6:59pm,57,57,0,This section IS NOT on the NHS,,,,,,,3,State Highway,SR-NORTH BRANNON STAND ROAD,WEST MAIN ST,0,None,31.24038611,31.24038611,-85.480916670,-85.480916670,0,No Special Jurisdiction,59,"Traffic Sign Support ",0,Not a Collision with Motor Vehicle In-Transport,0,No,3,"Intersection-Related ",2,Four-Way Intersection,0,None,14,Urban-Minor Arterial,4,On Roadside,1,Daylight,10,Cloudy,0,No Additional Atmospheric Conditions,10,Cloudy,0,No,0000000,Not Applicable,99,Unknown,99,Unknown,19,7:00pm-7:59pm,2,2,99,Unknown,99,Unknown EMS Hospital Arrival Time,0,None,0,None,0,None,1,0
2014,1,10296,Alabama,2,2,0,2,2,1,1,127,WALKER (127),0,NOT APPLICABLE,2,6,June,2014,2,Monday,15,3:00pm-3:59pm,15,15,0,This section IS NOT on the NHS,,,,,,,3,State Highway,SR-118,,388,388,33.92454722,33.92454722,-87.605147220,-87.605147220,0,No Special Jurisdiction,8,Pedestrian,0,Not a Collision with Motor Vehicle In-Transport,0,No,1,Non-Junction,1,Not an Intersection,0,None,3,Rural-Minor Arterial,1,On Roadway,1,Daylight,10,Cloudy,0,No Additional Atmospheric Conditions,10,Cloudy,0,No,0000000,Not Applicable,99,Unknown,99,Unknown,15,3:00pm-3:59pm,30,30,99,Unknown,99,Unknown EMS Hospital Arrival Time,23,Indication of a Stalled/Disabled Vehicle,0,None,0,None,1,0
2014,1,10297,Alabama,1,1,0,0,0,1,1,19,CHEROKEE (19),0,NOT APPLICABLE,2,6,June,2014,2,Monday,13,1:00pm-1:59pm,10,10,0,This section IS NOT on the NHS,,,,,,,4,County Road,CR-69,,0,None,34.16372500,34.16372500,-85.624691670,-85.624691670,0,No Special Jurisdiction,1,Rollover/Overturn,0,Not a Collision with Motor Vehicle In-Transport,0,No,1,Non-Junction,1,Not an Intersection,0,None,4,Rural-Major Collector,1,On Roadway,1,Daylight,10,Cloudy,0,No Additional Atmospheric Conditions,10,Cloudy,0,No,0000000,Not Applicable,99,Unknown,99,Unknown,13,1:00pm-1:59pm,18,18,88,"Not Applicable (Not Transported) ",88,Not Applicable (Not Transported),0,None,0,None,0,None,1,0
2014,1,10298,Alabama,2,2,0,0,0,2,2,21,CHILTON (21),0,NOT APPLICABLE,1,6,June,2014,1,Sunday,14,2:00pm-2:59pm,5,5,0,This section IS NOT on the NHS,,,,,,,4,County Road,CR-28,,0,None,32.84540278,32.84540278,-86.584769440,-86.584769440,0,No Special Jurisdiction,12,"Motor Vehicle In-Transport ",6,"Angle ",0,No,8,Driveway Access Related,1,Not an Intersection,0,None,4,Rural-Major Collector,1,On Roadway,1,Daylight,10,Cloudy,0,No Additional Atmospheric Conditions,10,Cloudy,0,No,0000000,Not Applicable,99,Unknown,99,Unknown,14,2:00pm-2:59pm,12,12,88,"Not Applicable (Not Transported) ",88,Not Applicable (Not Transported),0,None,0,None,0,None,1,0
2014,1,10299,Alabama,1,1,0,0,0,3,3,9,BLOUNT (9),0,NOT APPLICABLE,1,6,June,2014,1,Sunday,1,1:00am-1:59am,15,15,0,This section IS NOT on the NHS,,,,,,,4,County Road,CR-AIRPORT ROAD,,0,None,33.98180556,33.98180556,-86.340722220,-86.340722220,0,No Special Jurisdiction,42,Tree (Standing Only),0,Not a Collision with Motor Vehicle In-Transport,0,No,1,Non-Junction,1,Not an Intersection,0,None,5,Rural-Minor Collector,4,On Roadside,2,Dark - Not Lighted,10,Cloudy,0,No Additional Atmospheric Conditions,10,Cloudy,0,No,0000000,Not Applicable,99,Unknown,99,Unknown,1,1:00am-1:59am,34,34,99,Unknown,99,Unknown EMS Hospital Arrival Time,0,None,0,None,0,None,1,1
2014,1,10300,Alabama,3,3,0,0,0,4,4,21,CHILTON (21),0,NOT APPLICABLE,1,6,June,2014,1,Sunday,3,3:00am-3:59am,13,13,1,This section IS ON the NHS,,,,,,,1,Interstate,I-65,,2144,2144,32.91794167,32.91794167,-86.645622220,-86.645622220,0,No Special Jurisdiction,34,Ditch,0,Not a Collision with Motor Vehicle In-Transport,0,No,1,Non-Junction,1,Not an Intersection,0,None,1,Rural-Principal Arterial-Interstate,3,On Median,2,Dark - Not Lighted,10,Cloudy,0,No Additional Atmospheric Conditions,10,Cloudy,0,No,0000000,Not Applicable,99,Unknown,99,Unknown,3,3:00am-3:59am,30,30,99,Unknown,99,Unknown EMS Hospital Arrival Time,14,"Motor Vehicle struck by falling cargo,or something that came loose from or something that was set in motion by a vehicle",0,None,0,None,1,0
2014,1,10301,Alabama,2,2,0,0,0,3,3,69,HOUSTON (69),0,NOT APPLICABLE,31,5,May,2014,7,Saturday,10,10:00am-10:59am,5,5,1,This section IS ON the NHS,,,,,,,2,U.S. Highway,US-SR 12,HOLLAND RD,1964,1964,31.24233056,31.24233056,-85.616772220,-85.616772220,0,No Special Jurisdiction,12,"Motor Vehicle In-Transport ",6,"Angle ",0,No,2,Intersection,2,Four-Way Intersection,0,None,2,Rural-Principal Arterial-Other,1,On Roadway,1,Daylight,10,Cloudy,0,No Additional Atmospheric Conditions,10,Cloudy,0,No,0000000,Not Applicable,99,Unknown,99,Unknown,10,10:00am-10:59am,17,17,99,Unknown,99,Unknown EMS Hospital Arrival Time,0,None,0,None,0,None,1,0
2014,1,10302,Alabama,2,2,0,0,0,2,2,109,PIKE (109),0,NOT APPLICABLE,29,5,May,2014,5,Thursday,15,3:00pm-3:59pm,50,50,1,This section IS ON the NHS,,,,,,,2,U.S. Highway,US-SR 53,,600,600,31.63511111,31.63511111,-85.807883330,-85.807883330,0,No Special Jurisdiction,12,"Motor Vehicle In-Transport ",6,"Angle ",0,No,8,Driveway Access Related,1,Not an Intersection,0,None,2,Rural-Principal Arterial-Other,1,On Roadway,1,Daylight,10,Cloudy,0,No Additional Atmospheric Conditions,10,Cloudy,0,No,0000000,Not Applicable,99,Unknown,99,Unknown,16,4:00pm-4:59pm,7,7,99,Unknown,99,Unknown EMS Hospital Arrival Time,0,None,0,None,0,None,1,0
2014,1,10303,Alabama,1,1,0,0,0,2,2,25,CLARKE (25),0,NOT APPLICABLE,28,5,May,2014,4,Wednesday,19,7:00pm-7:59pm,41,41,1,This section IS ON the NHS,,,,,,,2,U.S. Highway,US-SR 43,,726,726,31.65515000,31.65515000,-87.805305560,-87.805305560,0,No Special Jurisdiction,42,Tree (Standing Only),0,Not a Collision with Motor Vehicle In-Transport,0,No,1,Non-Junction,1,Not an Intersection,0,None,2,Rural-Principal Arterial-Other,4,On Roadside,5,Dusk,2,Rain,0,No Additional Atmospheric Conditions,2,Rain,0,No,0000000,Not Applicable,99,Unknown,99,Unknown,19,7:00pm-7:59pm,59,59,99,Unknown,99,Unknown EMS Hospital Arrival Time,0,None,0,None,0,None,1,0
2014,1,10304,Alabama,2,2,0,0,0,2,2,89,MADISON (89),0,NOT APPLICABLE,24,5,May,2014,7,Saturday,13,1:00pm-1:59pm,20,20,0,This section IS NOT on the NHS,,,,,,,4,County Road,CR-MURPHY HILL ROAD,,0,None,34.90600833,34.90600833,-86.633950000,-86.633950000,0,No Special Jurisdiction,12,"Motor Vehicle In-Transport ",2,Front-to-Front,0,No,1,Non-Junction,1,Not an Intersection,0,None,4,Rural-Major Collector,1,On Roadway,1,Daylight,1,Clear,0,No Additional Atmospheric Conditions,1,Clear,0,No,0000000,Not Applicable,99,Unknown,99,Unknown,13,1:00pm-1:59pm,35,35,99,Unknown,99,Unknown EMS Hospital Arrival Time,0,None,0,None,0,None,1,0
2014,1,10305,Alabama,1,1,0,0,0,1,1,117,SHELBY (117),0,NOT APPLICABLE,23,5,May,2014,6,Friday,23,11:00pm-11:59pm,5,5,0,This section IS NOT on the NHS,,,,,,,4,County Road,CR-54,,0,None,33.35025833,33.35025833,-86.537869440,-86.537869440,0,No Special Jurisdiction,42,Tree (Standing Only),0,Not a Collision with Motor Vehicle In-Transport,0,No,1,Non-Junction,1,Not an Intersection,0,None,5,Rural-Minor Collector,4,On Roadside,2,Dark - Not Lighted,1,Clear,0,No Additional Atmospheric Conditions,1,Clear,0,No,0000000,Not Applicable,99,Unknown,99,Unknown,23,11:00pm-11:59pm,11,11,88,"Not Applicable (Not Transported) ",88,Not Applicable (Not Transported),0,None,0,None,0,None,1,1
2014,1,10306,Alabama,2,2,0,1,1,1,1,69,HOUSTON (69),0,NOT APPLICABLE,19,5,May,2014,2,Monday,15,3:00pm-3:59pm,25,25,1,This section IS ON the NHS,,,,,,,2,U.S. Highway,US-SR 1,,20,20,31.02790000,31.02790000,-85.406858330,-85.406858330,0,No Special Jurisdiction,12,"Motor Vehicle In-Transport ",1,"Front-to-Rear ",0,No,1,Non-Junction,1,Not an Intersection,0,None,2,Rural-Principal Arterial-Other,1,On Roadway,1,Daylight,1,Clear,0,No Additional Atmospheric Conditions,1,Clear,0,No,0000000,Not Applicable,99,Unknown,99,Unknown,15,3:00pm-3:59pm,46,46,99,Unknown,99,Unknown EMS Hospital Arrival Time,23,Indication of a Stalled/Disabled Vehicle,15,"Non-occupant struck by falling cargo, or something that came loose from, or something that was set in motion by a vehicle",0,None,1,0
2014,1,10307,Alabama,3,3,0,0,0,3,3,3,BALDWIN (3),0,NOT APPLICABLE,22,5,May,2014,5,Thursday,14,2:00pm-2:59pm,6,6,1,This section IS ON the NHS,,,,,,,1,Interstate,I-65,,277,277,30.93049167,30.93049167,-87.925372220,-87.925372220,0,No Special Jurisdiction,12,"Motor Vehicle In-Transport ",1,"Front-to-Rear ",0,No,1,Non-Junction,1,Not an Intersection,0,None,1,Rural-Principal Arterial-Interstate,1,On Roadway,1,Daylight,1,Clear,0,No Additional Atmospheric Conditions,1,Clear,0,No,0000000,Not Applicable,99,Unknown,99,Unknown,99,Unknown EMS Scene Arrival Hour,99,Unknown EMS Scene Arrival Minutes,99,Unknown,99,Unknown EMS Hospital Arrival Time,14,"Motor Vehicle struck by falling cargo,or something that came loose from or something that was set in motion by a vehicle",0,None,0,None,1,0
2014,1,10308,Alabama,2,2,0,0,0,2,2,43,CULLMAN (43),830,CULLMAN,21,5,May,2014,4,Wednesday,6,6:00am-6:59am,55,55,0,This section IS NOT on the NHS,,,,,,,2,U.S. Highway,US-SR 3,GOLF COURSE ROAD,3242,3242,34.14500833,34.14500833,-86.830727780,-86.830727780,0,No Special Jurisdiction,12,"Motor Vehicle In-Transport ",2,Front-to-Front,0,No,3,"Intersection-Related ",2,Four-Way Intersection,0,None,15,Urban-Collector,1,On Roadway,1,Daylight,1,Clear,0,No Additional Atmospheric Conditions,1,Clear,0,No,0000000,Not Applicable,99,Unknown,99,Unknown,6,6:00am-6:59am,59,59,88,"Not Applicable (Not Transported) ",88,Not Applicable (Not Transported),0,None,0,None,0,None,1,0
2014,1,10309,Alabama,1,1,0,0,0,1,1,73,JEFFERSON (73),350,BIRMINGHAM,18,5,May,2014,1,Sunday,15,3:00pm-3:59pm,18,18,1,This section IS ON the NHS,,,,,,,6,Local Street - Municipality,FORESTDALE BLVD,,0,None,33.54331389,33.54331389,-86.874058330,-86.874058330,0,No Special Jurisdiction,42,Tree (Standing Only),0,Not a Collision with Motor Vehicle In-Transport,0,No,1,Non-Junction,1,Not an Intersection,0,None,13,Urban-Other Principal Arterial,4,On Roadside,1,Daylight,1,Clear,0,No Additional Atmospheric Conditions,1,Clear,0,No,0000000,Not Applicable,99,Unknown,99,Unknown,15,3:00pm-3:59pm,30,30,99,Unknown,99,Unknown EMS Hospital Arrival Time,0,None,0,None,0,None,1,0
2014,1,10310,Alabama,1,1,0,0,0,2,2,125,TUSCALOOSA (125),0,NOT APPLICABLE,12,5,May,2014,2,Monday,22,10:00pm-10:59pm,30,30,0,This section IS NOT on the NHS,,,,,,,3,State Highway,SR-216,,27,27,33.21843333,33.21843333,-87.442219440,-87.442219440,0,No Special Jurisdiction,34,Ditch,0,Not a Collision with Motor Vehicle In-Transport,0,No,1,Non-Junction,1,Not an Intersection,0,None,14,Urban-Minor Arterial,4,On Roadside,2,Dark - Not Lighted,1,Clear,0,No Additional Atmospheric Conditions,1,Clear,0,No,0000000,Not Applicable,99,Unknown,99,Unknown,22,10:00pm-10:59pm,50,50,99,Unknown,99,Unknown EMS Hospital Arrival Time,0,None,0,None,0,None,1,0
2014,1,10311,Alabama,1,1,0,0,0,1,1,3,BALDWIN (3),0,NOT APPLICABLE,2,5,May,2014,6,Friday,10,10:00am-10:59am,30,30,0,This section IS NOT on the NHS,,,,,,,4,County Road,CR-91,,0,None,30.37363056,30.37363056,-87.480536110,-87.480536110,0,No Special Jurisdiction,18,Other Object (not fixed),0,Not a Collision with Motor Vehicle In-Transport,0,No,1,Non-Junction,1,Not an Intersection,1,Construction,5,Rural-Minor Collector,5,Outside Trafficway,1,Daylight,1,Clear,0,No Additional Atmospheric Conditions,1,Clear,0,No,0000000,Not Applicable,99,Unknown,99,Unknown,10,10:00am-10:59am,50,50,88,"Not Applicable (Not Transported) ",88,Not Applicable (Not Transported),0,None,0,None,0,None,1,0
2014,1,10312,Alabama,1,1,0,0,0,1,1,25,CLARKE (25),1260,FULTON,2,5,May,2014,6,Friday,11,11:00am-11:59am,20,20,0,This section IS NOT on the NHS,,,,,,,3,State Highway,SR-178,,13,13,31.79060000,31.79060000,-87.735319440,-87.735319440,0,No Special Jurisdiction,1,Rollover/Overturn,0,Not a Collision with Motor Vehicle In-Transport,0,No,1,Non-Junction,1,Not an Intersection,0,None,4,Rural-Major Collector,4,On Roadside,1,Daylight,1,Clear,0,No Additional Atmospheric Conditions,1,Clear,0,No,0000000,Not Applicable,99,Unknown,99,Unknown,11,11:00am-11:59am,33,33,99,Unknown,99,Unknown EMS Hospital Arrival Time,0,None,0,None,0,None,1,0
2014,1,10313,Alabama,2,2,0,0,0,2,2,3,BALDWIN (3),1210,FOLEY,16,4,April,2014,4,Wednesday,14,2:00pm-2:59pm,25,25,1,This section IS ON the NHS,,,,,,,3,State Highway,SR-59,AZALEA AVE,105,105,30.39941944,30.39941944,-87.683305560,-87.683305560,0,No Special Jurisdiction,12,"Motor Vehicle In-Transport ",6,"Angle ",0,No,2,Intersection,2,Four-Way Intersection,0,None,2,Rural-Principal Arterial-Other,1,On Roadway,1,Daylight,1,Clear,0,No Additional Atmospheric Conditions,1,Clear,0,No,0000000,Not Applicable,99,Unknown,99,Unknown,99,Unknown EMS Scene Arrival Hour,99,Unknown EMS Scene Arrival Minutes,99,Unknown,99,Unknown EMS Hospital Arrival Time,20,Police Pursuit Involved,0,None,0,None,1,1
2014,1,10314,Alabama,3,3,0,1,1,2,2,73,JEFFERSON (73),350,BIRMINGHAM,28,5,May,2014,4,Wednesday,3,3:00am-3:59am,30,30,1,This section IS ON the NHS,,,,,,,1,Interstate,I-59,,1331,1331,33.57557222,33.57557222,-86.715813890,-86.715813890,0,No Special Jurisdiction,8,Pedestrian,0,Not a Collision with Motor Vehicle In-Transport,0,No,1,Non-Junction,1,Not an Intersection,0,None,11,Urban-Principal Arterial-Interstate,1,On Roadway,2,Dark - Not Lighted,1,Clear,0,No Additional Atmospheric Conditions,1,Clear,0,No,0000000,Not Applicable,99,Unknown,99,Unknown,3,3:00am-3:59am,41,41,88,"Not Applicable (Not Transported) ",88,Not Applicable (Not Transported),19,Recent/Previous Crash scene Nearby,0,None,0,None,1,0
2014,1,10315,Alabama,4,4,0,0,0,5,5,73,JEFFERSON (73),350,BIRMINGHAM,29,5,May,2014,5,Thursday,18,6:00pm-6:59pm,50,50,1,This section IS ON the NHS,,,,,,,1,Interstate,I-59,ARKADELPHIA RD,1233,1233,33.52109722,33.52109722,-86.848377780,-86.848377780,0,No Special Jurisdiction,12,"Motor Vehicle In-Transport ",2,Front-to-Front,0,No,1,Non-Junction,1,Not an Intersection,0,None,11,Urban-Principal Arterial-Interstate,1,On Roadway,1,Daylight,1,Clear,0,No Additional Atmospheric Conditions,1,Clear,0,No,0000000,Not Applicable,99,Unknown,99,Unknown,18,6:00pm-6:59pm,58,58,99,Unknown,99,Unknown EMS Hospital Arrival Time,0,None,0,None,0,None,2,1
2014,1,10316,Alabama,3,3,0,0,0,8,8,99,MONROE (99),0,NOT APPLICABLE,31,5,May,2014,7,Saturday,23,11:00pm-11:59pm,5,5,1,This section IS ON the NHS,,,,,,,2,U.S. Highway,US-SR 12,,692,692,31.50786389,31.50786389,-87.448108330,-87.448108330,0,No Special Jurisdiction,12,"Motor Vehicle In-Transport ",8,Sideswipe - Opposite Direction,0,No,1,Non-Junction,1,Not an Intersection,0,None,2,Rural-Principal Arterial-Other,1,On Roadway,2,Dark - Not Lighted,1,Clear,0,No Additional Atmospheric Conditions,1,Clear,0,No,0000000,Not Applicable,99,Unknown,99,Unknown,23,11:00pm-11:59pm,32,32,99,Unknown,99,Unknown EMS Hospital Arrival Time,0,None,0,None,0,None,3,1
2014,1,10317,Alabama,1,1,0,0,0,1,1,91,MARENGO (91),900,DEMOPOLIS,3,6,June,2014,3,Tuesday,12,12:00pm-12:59pm,0,0,1,This section IS ON the NHS,,,,,,,2,U.S. Highway,US-SR 8,,10,10,32.50298056,32.50298056,-87.799541670,-87.799541670,0,No Special Jurisdiction,1,Rollover/Overturn,0,Not a Collision with Motor Vehicle In-Transport,0,No,1,Non-Junction,1,Not an Intersection,0,None,2,Rural-Principal Arterial-Other,3,On Median,9,Unknown,1,Clear,0,No Additional Atmospheric Conditions,1,Clear,0,No,0000000,Not Applicable,88,Not Applicable (Not Notified),88,Not Applicable (Not Notified),88,"Not Applicable ",88,Not Applicable,88,"Not Applicable (Not Transported) ",88,Not Applicable (Not Transported),0,None,0,None,0,None,1,1
2014,1,10318,Alabama,1,1,0,0,0,1,1,1,AUTAUGA (1),0,NOT APPLICABLE,2,6,June,2014,2,Monday,20,8:00pm-8:59pm,30,30,1,This section IS ON the NHS,,,,,,,2,U.S. Highway,US-SR 6,,1171,1171,32.64268056,32.64268056,-86.756822220,-86.756822220,0,No Special Jurisdiction,42,Tree (Standing Only),0,Not a Collision with Motor Vehicle In-Transport,0,No,1,Non-Junction,1,Not an Intersection,0,None,2,Rural-Principal Arterial-Other,4,On Roadside,2,Dark - Not Lighted,1,Clear,0,No Additional Atmospheric Conditions,1,Clear,0,No,0000000,Not Applicable,99,Unknown,99,Unknown,11,11:00am-11:59am,15,15,88,"Not Applicable (Not Transported) ",88,Not Applicable (Not Transported),0,None,0,None,0,None,1,0
2014,1,10319,Alabama,1,1,0,0,0,1,1,73,JEFFERSON (73),330,BESSEMER,13,6,June,2014,6,Friday,20,8:00pm-8:59pm,50,50,1,This section IS ON the NHS,,,,,,,1,Interstate,I-459,,47,47,33.33978889,33.33978889,-86.917455560,-86.917455560,0,No Special Jurisdiction,1,Rollover/Overturn,0,Not a Collision with Motor Vehicle In-Transport,0,No,1,Non-Junction,1,Not an Intersection,0,None,11,Urban-Principal Arterial-Interstate,1,On Roadway,2,Dark - Not Lighted,2,Rain,0,No Additional Atmospheric Conditions,2,Rain,0,No,0000000,Not Applicable,99,Unknown,99,Unknown,20,8:00pm-8:59pm,55,55,88,"Not Applicable (Not Transported) ",88,Not Applicable (Not Transported),0,None,0,None,0,None,1,0