caseyear,state,st_case,statename,ve_total,ve_forms,pvh_invl,peds,pernotmvit,permvit,persons,county,countyname,city,cityname,day,month,monthname,year,day_week,day_weekname,hour,hourname,minute,minutename,nhs,nhsname,rur_urb,rur_urbname,func_sys,func_sysname,rd_owner,rd_ownername,route,routename,tway_id,tway_id2,milept,mileptname,latitude,latitudename,longitud,longitudname,sp_jur,sp_jurname,harm_ev,harm_evname,man_coll,man_collname,reljct1,reljct1name,reljct2,reljct2name,typ_int,typ_intname,wrk_zone,wrk_zonename,road_fnc,road_fncname,rel_road,rel_roadname,lgt_cond,lgt_condname,weather1,weather1name,weather2,weather2name,weather,weathername,sch_bus,sch_busname,rail,railname,not_hour,not_hourname,not_min,not_minname,arr_hour,arr_hourname,arr_min,arr_minname,hosp_hr,hosp_hrname,hosp_mn,hosp_mnname,cf1,cf1name,cf2,cf2name,cf3,cf3name,fatals,drunk_dr
2014,1,10320,Alabama,1,1,0,0,0,1,1,111,RANDOLPH (111),0,NOT APPLICABLE,12,6,June,2014,5,Thursday,0,0:00am-0:59am,10,10,1,This section IS ON the NHS,,,,,,,2,U.S. Highway,US-SR 1,,1860,1860,33.20747222,33.20747222,-85.416680560,-85.416680560,0,No Special Jurisdiction,1,Rollover/Overturn,0,Not a Collision with Motor Vehicle In-Transport,0,No,1,Non-Junction,1,Not an Intersection,0,None,2,Rural-Principal Arterial-Other,4,On Roadside,2,Dark - Not Lighted,10,Cloudy,0,No Additional Atmospheric Conditions,10,Cloudy,0,No,0000000,Not Applicable,99,Unknown,99,Unknown,0,0:00am-0:59am,30,30,88,"Not Applicable (Not Transported) ",88,Not Applicable (Not Transported),0,None,0,None,0,None,1,1
2014,1,10321,Alabama,1,1,0,0,0,1,1,89,MADISON (89),1730,HUNTSVILLE,13,6,June,2014,6,Friday,3,3:00am-3:59am,35,35,0,This section IS NOT on the NHS,,,,,,,6,Local Street - Municipality,ADVENTIST BLVD,SPARKMAN DR,0,None,34.75141667,34.75141667,-86.645091670,-86.645091670,0,No Special Jurisdiction,30,Utility Pole/Light Support,0,Not a Collision with Motor Vehicle In-Transport,0,No,8,Driveway Access Related,1,Not an Intersection,0,None,4,Rural-Major Collector,4,On Roadside,3,Dark - Lighted,1,Clear,0,No Additional Atmospheric Conditions,1,Clear,0,No,0000000,Not Applicable,99,Unknown,99,Unknown,3,3:00am-3:59am,43,43,88,"Not Applicable (Not Transported) ",88,Not Applicable (Not Transported),0,None,0,None,0,None,1,1
2014,1,10322,Alabama,2,2,0,0,0,3,3,37,COOSA (37),0,NOT APPLICABLE,14,6,June,2014,7,Saturday,15,3:00pm-3:59pm,55,55,1,This section IS ON the NHS,,,,,,,2,U.S. Highway,US-SR 38,CR-49,532,532,33.05567222,33.05567222,-86.146486110,-86.146486110,0,No Special Jurisdiction,12,"Motor Vehicle In-Transport ",6,"Angle ",0,No,2,Intersection,2,Four-Way Intersection,0,None,2,Rural-Principal Arterial-Other,1,On Roadway,1,Daylight,1,Clear,0,No Additional Atmospheric Conditions,1,Clear,0,No,0000000,Not Applicable,99,Unknown,99,Unknown,16,4:00pm-4:59pm,21,21,99,Unknown,99,Unknown EMS Hospital Arrival Time,0,None,0,None,0,None,1,0
2014,1,10323,Alabama,1,1,0,1,1,1,1,113,RUSSELL (113),0,NOT APPLICABLE,14,6,June,2014,7,Saturday,23,11:00pm-11:59pm,50,50,0,This section IS NOT on the NHS,,,,,,,2,U.S. Highway,US-SR 2,,295,295,32.38302500,32.38302500,-85.035855560,-85.035855560,0,No Special Jurisdiction,8,Pedestrian,0,Not a Collision with Motor Vehicle In-Transport,0,No,1,Non-Junction,1,Not an Intersection,0,None,3,Rural-Minor Arterial,1,On Roadway,2,Dark - Not Lighted,1,Clear,0,No Additional Atmospheric Conditions,1,Clear,0,No,0000000,Not Applicable,99,Unknown,99,Unknown,0,0:00am-0:59am,7,7,99,Unknown,99,Unknown EMS Hospital Arrival Time,0,None,0,None,0,None,1,0
2014,1,10324,Alabama,1,1,0,0,0,1,1,43,CULLMAN (43),0,NOT APPLICABLE,13,6,June,2014,6,Friday,22,10:00pm-10:59pm,10,10,0,This section IS NOT on the NHS,,,,,,,4,County Road,CR-1763,,0,None,34.27778333,34.27778333,-86.508630560,-86.508630560,0,No Special Jurisdiction,42,Tree (Standing Only),0,Not a Collision with Motor Vehicle In-Transport,0,No,1,Non-Junction,1,Not an Intersection,0,None,5,Rural-Minor Collector,4,On Roadside,2,Dark - Not Lighted,10,Cloudy,0,No Additional Atmospheric Conditions,10,Cloudy,0,No,0000000,Not Applicable,99,Unknown,99,Unknown,22,10:00pm-10:59pm,25,25,99,Unknown,99,Unknown EMS Hospital Arrival Time,0,None,0,None,0,None,1,0
2014,1,10325,Alabama,3,3,0,0,0,3,3,81,LEE (81),200,AUBURN,13,6,June,2014,6,Friday,13,1:00pm-1:59pm,46,46,1,This section IS ON the NHS,,,,,,,6,Local Street - Municipality,SHUG JORDAN PKWY,,0,None,32.59359444,32.59359444,-85.506755560,-85.506755560,0,No Special Jurisdiction,12,"Motor Vehicle In-Transport ",2,Front-to-Front,0,No,1,Non-Junction,1,Not an Intersection,0,None,13,Urban-Other Principal Arterial,1,On Roadway,1,Daylight,1,Clear,0,No Additional Atmospheric Conditions,1,Clear,0,No,0000000,Not Applicable,99,Unknown,99,Unknown,13,1:00pm-1:59pm,54,54,99,Unknown,99,Unknown EMS Hospital Arrival Time,14,"Motor Vehicle struck by falling cargo,or something that came loose from or something that was set in motion by a vehicle",0,None,0,None,1,0
2014,1,10326,Alabama,3,3,0,0,0,4,4,73,JEFFERSON (73),350,BIRMINGHAM,7,6,June,2014,7,Saturday,23,11:00pm-11:59pm,46,46,1,This section IS ON the NHS,,,,,,,1,Interstate,I-59,,1213,1213,33.51199444,33.51199444,-86.875486110,-86.875486110,0,No Special Jurisdiction,12,"Motor Vehicle In-Transport ",6,"Angle ",0,No,1,Non-Junction,1,Not an Intersection,0,None,11,Urban-Principal Arterial-Interstate,1,On Roadway,3,Dark - Lighted,2,Rain,0,No Additional Atmospheric Conditions,2,Rain,0,No,0000000,Not Applicable,99,Unknown,99,Unknown,23,11:00pm-11:59pm,46,46,99,Unknown,99,Unknown EMS Hospital Arrival Time,19,Recent/Previous Crash scene Nearby,0,None,0,None,1,0
2014,1,10327,Alabama,1,1,0,0,0,1,1,87,MACON (87),0,NOT APPLICABLE,2,6,June,2014,2,Monday,16,4:00pm-4:59pm,53,53,1,This section IS ON the NHS,,,,,,,1,Interstate,I-85,,440,440,32.50128333,32.50128333,-85.611797220,-85.611797220,0,No Special Jurisdiction,1,Rollover/Overturn,0,Not a Collision with Motor Vehicle In-Transport,1,Yes,8,Driveway Access Related,1,Not an Intersection,1,Construction,1,Rural-Principal Arterial-Interstate,4,On Roadside,1,Daylight,10,Cloudy,0,No Additional Atmospheric Conditions,10,Cloudy,0,No,0000000,Not Applicable,99,Unknown,99,Unknown,17,5:00pm-5:59pm,21,21,99,Unknown,99,Unknown EMS Hospital Arrival Time,0,None,0,None,0,None,1,0
2014,1,10328,Alabama,1,1,0,0,0,1,1,73,JEFFERSON (73),330,BESSEMER,15,6,June,2014,1,Sunday,9,9:00am-9:59am,15,15,0,This section IS NOT on the NHS,,,,,,,6,Local Street - Municipality,CAROLINA AVE,,0,None,33.40192778,33.40192778,-86.949452780,-86.949452780,0,No Special Jurisdiction,10,Railway Vehicle,0,Not a Collision with Motor Vehicle In-Transport,0,No,6,"Railway Grade Crossing ",1,Not an Intersection,0,None,16,Urban-Local Road or Street,1,On Roadway,1,Daylight,1,Clear,0,No Additional Atmospheric Conditions,1,Clear,0,No,725396K,725396K,99,Unknown,99,Unknown,9,9:00am-9:59am,9,9,88,"Not Applicable (Not Transported) ",88,Not Applicable (Not Transported),0,None,0,None,0,None,1,0
2014,1,10329,Alabama,2,2,0,0,0,3,3,79,LAWRENCE (79),0,NOT APPLICABLE,17,6,June,2014,3,Tuesday,14,2:00pm-2:59pm,10,10,0,This section IS NOT on the NHS,,,,,,,3,State Highway,SR-33,CR-100,226,226,34.43418333,34.43418333,-87.292738890,-87.292738890,0,No Special Jurisdiction,12,"Motor Vehicle In-Transport ",6,"Angle ",0,No,2,Intersection,2,Four-Way Intersection,0,None,4,Rural-Major Collector,1,On Roadway,1,Daylight,1,Clear,0,No Additional Atmospheric Conditions,1,Clear,0,No,0000000,Not Applicable,99,Unknown,99,Unknown,14,2:00pm-2:59pm,22,22,99,Unknown,99,Unknown EMS Hospital Arrival Time,0,None,0,None,0,None,1,0
2014,1,10330,Alabama,1,1,0,0,0,1,1,73,JEFFERSON (73),330,BESSEMER,19,6,June,2014,5,Thursday,17,5:00pm-5:59pm,40,40,0,This section IS NOT on the NHS,,,,,,,6,Local Street - Municipality,PARKWOOD ROAD,,0,None,33.36243889,33.36243889,-86.879733330,-86.879733330,0,No Special Jurisdiction,42,Tree (Standing Only),0,Not a Collision with Motor Vehicle In-Transport,0,No,1,Non-Junction,1,Not an Intersection,0,None,15,Urban-Collector,4,On Roadside,1,Daylight,10,Cloudy,0,No Additional Atmospheric Conditions,10,Cloudy,0,No,0000000,Not Applicable,99,Unknown,99,Unknown,99,Unknown EMS Scene Arrival Hour,99,Unknown EMS Scene Arrival Minutes,99,Unknown,99,Unknown EMS Hospital Arrival Time,0,None,0,None,0,None,1,0
2014,1,10331,Alabama,1,1,0,0,0,1,1,3,BALDWIN (3),0,NOT APPLICABLE,7,6,June,2014,7,Saturday,0,0:00am-0:59am,13,13,1,This section IS ON the NHS,,,,,,,1,Interstate,I-10,,434,434,30.65182778,30.65182778,-87.774630560,-87.774630560,0,No Special Jurisdiction,1,Rollover/Overturn,0,Not a Collision with Motor Vehicle In-Transport,0,No,1,Non-Junction,1,Not an Intersection,0,None,1,Rural-Principal Arterial-Interstate,4,On Roadside,2,Dark - Not Lighted,10,Cloudy,0,No Additional Atmospheric Conditions,10,Cloudy,0,No,0000000,Not Applicable,99,Unknown,99,Unknown,0,0:00am-0:59am,26,26,88,"Not Applicable (Not Transported) ",88,Not Applicable (Not Transported),0,None,0,None,0,None,1,0
2014,1,10332,Alabama,1,1,0,0,0,1,1,83,LIMESTONE (83),170,ATHENS,22,6,June,2014,1,Sunday,8,8:00am-8:59am,17,17,0,This section IS NOT on the NHS,,,,,,,6,Local Street - Municipality,BROWNS FERRY ROAD,,0,None,34.78437778,34.78437778,-87.002800000,-87.002800000,0,No Special Jurisdiction,42,Tree (Standing Only),0,Not a Collision with Motor Vehicle In-Transport,0,No,1,Non-Junction,1,Not an Intersection,0,None,15,Urban-Collector,4,On Roadside,1,Daylight,1,Clear,0,No Additional Atmospheric Conditions,1,Clear,0,No,0000000,Not Applicable,99,Unknown,99,Unknown,8,8:00am-8:59am,23,23,99,Unknown,99,Unknown EMS Hospital Arrival Time,0,None,0,None,0,None,1,0
2014,1,10333,Alabama,2,2,0,0,0,2,2,83,LIMESTONE (83),0,NOT APPLICABLE,31,5,May,2014,7,Saturday,17,5:00pm-5:59pm,34,34,0,This section IS NOT on the NHS,,,,,,,4,County Road,CR-EAST NEW GARDEN ROAD,,0,None,34.89405833,34.89405833,-86.865677780,-86.865677780,0,No Special Jurisdiction,12,"Motor Vehicle In-Transport ",2,Front-to-Front,0,No,1,Non-Junction,1,Not an Intersection,0,None,6,Rural-Local Road or Street,1,On Roadway,1,Daylight,10,Cloudy,0,No Additional Atmospheric Conditions,10,Cloudy,0,No,0000000,Not Applicable,99,Unknown,99,Unknown,17,5:00pm-5:59pm,40,40,88,"Not Applicable (Not Transported) ",88,Not Applicable (Not Transported),0,None,0,None,0,None,1,1
2014,1,10334,Alabama,1,1,0,0,0,1,1,95,MARSHALL (95),0,NOT APPLICABLE,5,6,June,2014,5,Thursday,21,9:00pm-9:59pm,45,45,0,This section IS NOT on the NHS,,,,,,,3,State Highway,SR-79,,766,766,34.48290000,34.48290000,-86.207883330,-86.207883330,0,No Special Jurisdiction,35,Embankment,0,Not a Collision with Motor Vehicle In-Transport,0,No,1,Non-Junction,1,Not an Intersection,0,None,3,Rural-Minor Arterial,4,On Roadside,2,Dark - Not Lighted,10,Cloudy,0,No Additional Atmospheric Conditions,10,Cloudy,0,No,0000000,Not Applicable,99,Unknown,99,Unknown,21,9:00pm-9:59pm,57,57,88,"Not Applicable (Not Transported) ",88,Not Applicable (Not Transported),0,None,0,None,0,None,1,1
2014,1,10335,Alabama,2,2,0,0,0,3,3,97,MOBILE (97),0,NOT APPLICABLE,7,6,June,2014,7,Saturday,2,2:00am-2:59am,20,20,0,This section IS NOT on the NHS,,,,,,,4,County Road,CR-THEODORE DAWES ROAD,,0,None,30.56026389,30.56026389,-88.205847220,-88.205847220,0,No Special Jurisdiction,12,"Motor Vehicle In-Transport ",6,"Angle ",0,No,8,Driveway Access Related,1,Not an Intersection,0,None,13,Urban-Other Principal Arterial,1,On Roadway,3,Dark - Lighted,1,Clear,0,No Additional Atmospheric Conditions,1,Clear,0,No,0000000,Not Applicable,99,Unknown,99,Unknown,2,2:00am-2:59am,31,31,99,Unknown,99,Unknown EMS Hospital Arrival Time,0,None,0,None,0,None,1,1
2014,1,10336,Alabama,1,1,0,0,0,1,1,9,BLOUNT (9),0,NOT APPLICABLE,7,6,June,2014,7,Saturday,20,8:00pm-8:59pm,45,45,1,This section IS ON the NHS,,,,,,,3,State Highway,SR-79,,247,247,33.86378611,33.86378611,-86.655483330,-86.655483330,0,No Special Jurisdiction,1,Rollover/Overturn,0,Not a Collision with Motor Vehicle In-Transport,0,No,1,Non-Junction,1,Not an Intersection,0,None,2,Rural-Principal Arterial-Other,4,On Roadside,2,Dark - Not Lighted,1,Clear,0,No Additional Atmospheric Conditions,1,Clear,0,No,0000000,Not Applicable,99,Unknown,99,Unknown,21,9:00pm-9:59pm,20,20,88,"Not Applicable (Not Transported) ",88,Not Applicable (Not Transported),0,None,0,None,0,None,1,1
2014,1,10337,Alabama,1,1,0,0,0,1,1,3,BALDWIN (3),0,NOT APPLICABLE,8,6,June,2014,1,Sunday,19,7:00pm-7:59pm,21,21,0,This section IS NOT on the NHS,,,,,,,4,County Road,CR-12,,0,None,30.35600833,30.35600833,-87.791119440,-87.791119440,0,No Special Jurisdiction,34,Ditch,0,Not a Collision with Motor Vehicle In-Transport,0,No,1,Non-Junction,1,Not an Intersection,0,None,5,Rural-Minor Collector,4,On Roadside,1,Daylight,1,Clear,0,No Additional Atmospheric Conditions,1,Clear,0,No,0000000,Not Applicable,99,Unknown,99,Unknown,19,7:00pm-7:59pm,35,35,99,Unknown,99,Unknown EMS Hospital Arrival Time,0,None,0,None,0,None,1,1
2014,1,10338,Alabama,1,1,0,0,0,1,1,109,PIKE (109),0,NOT APPLICABLE,18,6,June,2014,4,Wednesday,17,5:00pm-5:59pm,0,0,0,This section IS NOT on the NHS,,,,,,,4,County Road,CR-6618,,0,None,31.85697500,31.85697500,-85.742200000,-85.742200000,0,No Special Jurisdiction,42,Tree (Standing Only),0,Not a Collision with Motor Vehicle In-Transport,0,No,1,Non-Junction,1,Not an Intersection,0,None,4,Rural-Major Collector,4,On Roadside,1,Daylight,1,Clear,0,No Additional Atmospheric Conditions,1,Clear,0,No,0000000,Not Applicable,99,Unknown,99,Unknown,17,5:00pm-5:59pm,23,23,88,"Not Applicable (Not Transported) ",88,Not Applicable (Not Transported),0,None,0,None,0,None,1,0
2014,1,10339,Alabama,1,1,0,0,0,1,1,93,MARION (93),0,NOT APPLICABLE,20,6,June,2014,6,Friday,19,7:00pm-7:59pm,45,45,0,This section IS NOT on the NHS,,,,,,,3,State Highway,SR-19,,232,232,34.31338333,34.31338333,-88.046908330,-88.046908330,0,No Special Jurisdiction,1,Rollover/Overturn,0,Not a Collision with Motor Vehicle In-Transport,0,No,1,Non-Junction,1,Not an Intersection,0,None,4,Rural-Major Collector,4,On Roadside,5,Dusk,1,Clear,0,No Additional Atmospheric Conditions,1,Clear,0,No,0000000,Not Applicable,99,Unknown,99,Unknown,20,8:00pm-8:59pm,14,14,88,"Not Applicable (Not Transported) ",88,Not Applicable (Not Transported),0,None,0,None,0,None,1,0
2014,1,10340,Alabama,1,1,0,0,0,1,1,109,PIKE (109),0,NOT APPLICABLE,21,6,June,2014,7,Saturday,21,9:00pm-9:59pm,9,9,0,This section IS NOT on the NHS,,,,,,,4,County Road,CR-3304,,0,None,31.72849444,31.72849444,-85.927613890,-85.927613890,0,No Special Jurisdiction,1,Rollover/Overturn,0,Not a Collision with Motor Vehicle In-Transport,0,No,1,Non-Junction,1,Not an Intersection,0,None,4,Rural-Major Collector,1,On Roadway,2,Dark - Not Lighted,1,Clear,0,No Additional Atmospheric Conditions,1,Clear,0,No,0000000,Not Applicable,99,Unknown,99,Unknown,21,9:00pm-9:59pm,18,18,99,Unknown,99,Unknown EMS Hospital Arrival Time,0,None,0,None,0,None,1,1
2014,1,10341,Alabama,1,1,0,0,0,1,1,77,LAUDERDALE (77),0,NOT APPLICABLE,2,6,June,2014,2,Monday,22,10:00pm-10:59pm,0,0,0,This section IS NOT on the NHS,,,,,,,4,County Road,CR-8,CR-11,0,None,34.94383611,34.94383611,-87.739358330,-87.739358330,0,No Special Jurisdiction,35,Embankment,0,Not a Collision with Motor Vehicle In-Transport,0,No,3,"Intersection-Related ",2,Four-Way Intersection,0,None,4,Rural-Major Collector,4,On Roadside,2,Dark - Not Lighted,1,Clear,0,No Additional Atmospheric Conditions,1,Clear,0,No,0000000,Not Applicable,99,Unknown,99,Unknown,22,10:00pm-10:59pm,10,10,99,Unknown,99,Unknown EMS Hospital Arrival Time,0,None,0,None,0,None,1,1
2014,1,10343,Alabama,2,1,1,0,0,2,2,97,MOBILE (97),2100,MOBILE,21,6,June,2014,7,Saturday,20,8:00pm-8:59pm,15,15,1,This section IS ON the NHS,,,,,,,2,U.S. Highway,US-SR 17,,0,None,30.71138889,30.71138889,-88.081075000,-88.081075000,0,No Special Jurisdiction,59,"Traffic Sign Support ",0,Not a Collision with Motor Vehicle In-Transport,0,No,1,Non-Junction,1,Not an Intersection,0,None,13,Urban-Other Principal Arterial,4,On Roadside,3,Dark - Lighted,10,Cloudy,0,No Additional Atmospheric Conditions,10,Cloudy,0,No,0000000,Not Applicable,99,Unknown,99,Unknown,20,8:00pm-8:59pm,20,20,99,Unknown,99,Unknown EMS Hospital Arrival Time,0,None,0,None,0,None,1,0
2014,1,10344,Alabama,1,1,0,1,1,1,1,103,MORGAN (103),0,NOT APPLICABLE,24,6,June,2014,3,Tuesday,4,4:00am-4:59am,50,50,0,This section IS NOT on the NHS,,,,,,,4,County Road,CR-DANVILLE ROAD,,0,None,34.44359444,34.44359444,-87.090950000,-87.090950000,0,No Special Jurisdiction,8,Pedestrian,0,Not a Collision with Motor Vehicle In-Transport,0,No,1,Non-Junction,1,Not an Intersection,0,None,4,Rural-Major Collector,1,On Roadway,2,Dark - Not Lighted,10,Cloudy,0,No Additional Atmospheric Conditions,10,Cloudy,0,No,0000000,Not Applicable,88,Not Applicable (Not Notified),88,Not Applicable (Not Notified),88,"Not Applicable ",88,Not Applicable,88,"Not Applicable (Not Transported) ",88,Not Applicable (Not Transported),0,None,0,None,0,None,1,0
2014,1,10345,Alabama,2,2,0,0,0,2,2,33,COLBERT (33),3060,TUSCUMBIA,25,6,June,2014,4,Wednesday,18,6:00pm-6:59pm,39,39,1,This section IS ON the NHS,,,,,,,3,State Highway,SR-2,W.F. GARDINER,250,250,34.71615833,34.71615833,-87.687933330,-87.687933330,0,No Special Jurisdiction,12,"Motor Vehicle In-Transport ",6,"Angle ",0,No,2,Intersection,2,Four-Way Intersection,0,None,13,Urban-Other Principal Arterial,1,On Roadway,5,Dusk,10,Cloudy,0,No Additional Atmospheric Conditions,10,Cloudy,0,No,0000000,Not Applicable,99,Unknown,99,Unknown,18,6:00pm-6:59pm,43,43,99,Unknown,99,Unknown EMS Hospital Arrival Time,0,None,0,None,0,None,1,0
2014,1,10346,Alabama,1,1,0,0,0,1,1,73,JEFFERSON (73),350,BIRMINGHAM,12,6,June,2014,5,Thursday,2,2:00am-2:59am,42,42,0,This section IS NOT on the NHS,,,,,,,6,Local Street - Municipality,NEW MULGA LOOP ROAD,,0,None,33.53703333,33.53703333,-86.975169440,-86.975169440,0,No Special Jurisdiction,42,Tree (Standing Only),0,Not a Collision with Motor Vehicle In-Transport,0,No,1,Non-Junction,1,Not an Intersection,0,None,15,Urban-Collector,4,On Roadside,2,Dark - Not Lighted,1,Clear,0,No Additional Atmospheric Conditions,1,Clear,0,No,0000000,Not Applicable,99,Unknown,99,Unknown,2,2:00am-2:59am,50,50,88,"Not Applicable (Not Transported) ",88,Not Applicable (Not Transported),0,None,0,None,0,None,1,0
2014,1,10347,Alabama,1,1,0,0,0,2,2,73,JEFFERSON (73),0,NOT APPLICABLE,17,6,June,2014,3,Tuesday,20,8:00pm-8:59pm,45,45,0,This section IS NOT on the NHS,,,,,,,4,County Road,CR-JOHNS ROAD,,0,None,33.35313333,33.35313333,-87.120905560,-87.120905560,0,No Special Jurisdiction,35,Embankment,0,Not a Collision with Motor Vehicle In-Transport,0,No,1,Non-Junction,1,Not an Intersection,0,None,4,Rural-Major Collector,4,On Roadside,2,Dark - Not Lighted,1,Clear,0,No Additional Atmospheric Conditions,1,Clear,0,No,0000000,Not Applicable,99,Unknown,99,Unknown,21,9:00pm-9:59pm,9,9,99,Unknown,99,Unknown EMS Hospital Arrival Time,0,None,0,None,0,None,1,0
2014,1,10348,Alabama,2,2,0,0,0,4,4,3,BALDWIN (3),1011,ELBERTA,17,5,May,2014,7,Saturday,20,8:00pm-8:59pm,14,14,0,This section IS NOT on the NHS,,,,,,,4,County Road,CR-83,,0,None,30.37026944,30.37026944,-87.603255560,-87.603255560,0,No Special Jurisdiction,12,"Motor Vehicle In-Transport ",6,"Angle ",0,No,8,Driveway Access Related,1,Not an Intersection,0,None,5,Rural-Minor Collector,1,On Roadway,3,Dark - Lighted,1,Clear,0,No Additional Atmospheric Conditions,1,Clear,0,No,0000000,Not Applicable,99,Unknown,99,Unknown,20,8:00pm-8:59pm,26,26,99,Unknown,99,Unknown EMS Hospital Arrival Time,0,None,0,None,0,None,1,1
2014,1,10349,Alabama,1,1,0,1,1,1,1,97,MOBILE (97),0,NOT APPLICABLE,20,6,June,2014,6,Friday,20,8:00pm-8:59pm,40,40,0,This section IS NOT on the NHS,,,,,,,3,State Highway,SR-188,,1,1,30.49440278,30.49440278,-88.336369440,-88.336369440,0,No Special Jurisdiction,8,Pedestrian,0,Not a Collision with Motor Vehicle In-Transport,0,No,1,Non-Junction,1,Not an Intersection,0,None,3,Rural-Minor Arterial,1,On Roadway,3,Dark - Lighted,1,Clear,0,No Additional Atmospheric Conditions,1,Clear,0,No,0000000,Not Applicable,99,Unknown,99,Unknown,20,8:00pm-8:59pm,53,53,88,"Not Applicable (Not Transported) ",88,Not Applicable (Not Transported),0,None,0,None,0,None,1,0
2014,1,10350,Alabama,2,2,0,0,0,7,7,117,SHELBY (117),0,NOT APPLICABLE,20,6,June,2014,6,Friday,18,6:00pm-6:59pm,45,45,1,This section IS ON the NHS,,,,,,,1,Interstate,I-65,,2350,2350,33.18916389,33.18916389,-86.783883330,-86.783883330,0,No Special Jurisdiction,12,"Motor Vehicle In-Transport ",1,"Front-to-Rear ",0,No,1,Non-Junction,1,Not an Intersection,0,None,1,Rural-Principal Arterial-Interstate,1,On Roadway,1,Daylight,1,Clear,0,No Additional Atmospheric Conditions,1,Clear,0,No,0000000,Not Applicable,99,Unknown,99,Unknown,18,6:00pm-6:59pm,55,55,99,Unknown,99,Unknown EMS Hospital Arrival Time,0,None,0,None,0,None,1,0
2014,1,10351,Alabama,1,1,0,2,2,1,1,97,MOBILE (97),0,NOT APPLICABLE,18,6,June,2014,4,Wednesday,15,3:00pm-3:59pm,40,40,1,This section IS ON the NHS,,,,,,,2,U.S. Highway,US-SR 13,,218,218,31.03662222,31.03662222,-88.024177780,-88.024177780,0,No Special Jurisdiction,8,Pedestrian,0,Not a Collision with Motor Vehicle In-Transport,0,No,1,Non-Junction,1,Not an Intersection,0,None,2,Rural-Principal Arterial-Other,4,On Roadside,1,Daylight,10,Cloudy,0,No Additional Atmospheric Conditions,10,Cloudy,0,No,0000000,Not Applicable,99,Unknown,99,Unknown,16,4:00pm-4:59pm,4,4,99,Unknown,99,Unknown EMS Hospital Arrival Time,0,None,0,None,0,None,1,0
2014,1,10352,Alabama,2,2,0,0,0,4,4,97,MOBILE (97),0,NOT APPLICABLE,21,6,June,2014,7,Saturday,20,8:00pm-8:59pm,40,40,1,This section IS ON the NHS,,,,,,,4,County Road,CR-SCHILLINGER RD,,0,None,30.71308056,30.71308056,-88.225502780,-88.225502780,0,No Special Jurisdiction,12,"Motor Vehicle In-Transport ",2,Front-to-Front,0,No,1,Non-Junction,1,Not an Intersection,0,None,13,Urban-Other Principal Arterial,1,On Roadway,2,Dark - Not Lighted,1,Clear,0,No Additional Atmospheric Conditions,1,Clear,0,No,0000000,Not Applicable,99,Unknown,99,Unknown,20,8:00pm-8:59pm,55,55,99,Unknown,99,Unknown EMS Hospital Arrival Time,0,None,0,None,0,None,1,0
2014,1,10353,Alabama,3,2,1,0,1,5,6,73,JEFFERSON (73),1716,HOOVER,24,6,June,2014,3,Tuesday,1,1:00am-1:59am,55,55,1,This section IS ON the NHS,,,,,,,1,Interstate,I-459,,130,130,33.38377778,33.38377778,-86.808472220,-86.808472220,0,No Special Jurisdiction,12,"Motor Vehicle In-Transport ",9,Rear-to-Side,0,No,1,Non-Junction,1,Not an Intersection,1,Construction,11,Urban-Principal Arterial-Interstate,1,On Roadway,3,Dark - Lighted,1,Clear,0,No Additional Atmospheric Conditions,1,Clear,0,No,0000000,Not Applicable,99,Unknown,99,Unknown,2,2:00am-2:59am,10,10,88,"Not Applicable (Not Transported) ",88,Not Applicable (Not Transported),14,"Motor Vehicle struck by falling cargo,or something that came loose from or something that was set in motion by a vehicle",0,None,0,None,1,0
2014,1,10354,Alabama,1,1,0,1,1,1,1,55,ETOWAH (55),0,NOT APPLICABLE,28,6,June,2014,7,Saturday,22,10:00pm-10:59pm,35,35,1,This section IS ON the NHS,,,,,,,3,State Highway,SR-77,,1110,1110,34.02852778,34.02852778,-86.119383330,-86.119383330,0,No Special Jurisdiction,8,Pedestrian,0,Not a Collision with Motor Vehicle In-Transport,0,No,1,Non-Junction,1,Not an Intersection,0,None,2,Rural-Principal Arterial-Other,1,On Roadway,2,Dark - Not Lighted,10,Cloudy,0,No Additional Atmospheric Conditions,10,Cloudy,0,No,0000000,Not Applicable,88,Not Applicable (Not Notified),88,Not Applicable (Not Notified),88,"Not Applicable ",88,Not Applicable,88,"Not Applicable (Not Transported) ",88,Not Applicable (Not Transported),0,None,0,None,0,None,1,0
2014,1,10355,Alabama,1,1,0,0,0,4,4,73,JEFFERSON (73),1716,HOOVER,24,6,June,2014,3,Tuesday,12,12:00pm-12:59pm,34,34,1,This section IS ON the NHS,,,,,,,1,Interstate,I-459,,140,140,33.38481944,33.38481944,-86.805525000,-86.805525000,0,No Special Jurisdiction,1,Rollover/Overturn,0,Not a Collision with Motor Vehicle In-Transport,0,No,1,Non-Junction,1,Not an Intersection,0,None,11,Urban-Principal Arterial-Interstate,1,On Roadway,1,Daylight,10,Cloudy,0,No Additional Atmospheric Conditions,10,Cloudy,0,No,0000000,Not Applicable,99,Unknown,99,Unknown,12,12:00pm-12:59pm,38,38,99,Unknown,99,Unknown EMS Hospital Arrival Time,0,None,0,None,0,None,2,0
2014,1,10356,Alabama,2,2,0,0,0,2,2,79,LAWRENCE (79),2255,NORTH COURTLAND,18,4,April,2014,6,Friday,9,9:00am-9:59am,5,5,1,This section IS ON the NHS,,,,,,,3,State Highway,SR-20,CR-150,487,487,34.68500556,34.68500556,-87.308969440,-87.308969440,0,No Special Jurisdiction,12,"Motor Vehicle In-Transport ",6,"Angle ",0,No,2,Intersection,2,Four-Way Intersection,0,None,2,Rural-Principal Arterial-Other,1,On Roadway,1,Daylight,1,Clear,0,No Additional Atmospheric Conditions,1,Clear,0,No,0000000,Not Applicable,99,Unknown,99,Unknown,9,9:00am-9:59am,15,15,88,"Not Applicable (Not Transported) ",88,Not Applicable (Not Transported),0,None,0,None,0,None,1,0