caseyear,state,st_case,statename,ve_total,ve_forms,pvh_invl,peds,pernotmvit,permvit,persons,county,countyname,city,cityname,day,month,monthname,year,day_week,day_weekname,hour,hourname,minute,minutename,nhs,nhsname,rur_urb,rur_urbname,func_sys,func_sysname,rd_owner,rd_ownername,route,routename,tway_id,tway_id2,milept,mileptname,latitude,latitudename,longitud,longitudname,sp_jur,sp_jurname,harm_ev,harm_evname,man_coll,man_collname,reljct1,reljct1name,reljct2,reljct2name,typ_int,typ_intname,wrk_zone,wrk_zonename,road_fnc,road_fncname,rel_road,rel_roadname,lgt_cond,lgt_condname,weather1,weather1name,weather2,weather2name,weather,weathername,sch_bus,sch_busname,rail,railname,not_hour,not_hourname,not_min,not_minname,arr_hour,arr_hourname,arr_min,arr_minname,hosp_hr,hosp_hrname,hosp_mn,hosp_mnname,cf1,cf1name,cf2,cf2name,cf3,cf3name,fatals,drunk_dr
2014,1,10357,Alabama,1,1,0,0,0,1,1,65,HALE (65),2160,MOUNDVILLE,4,5,May,2014,1,Sunday,12,12:00pm-12:59pm,17,17,0,This section IS NOT on the NHS,,,,,,,6,Local Street - Municipality,GRIFFIN ST,,0,None,32.99755556,32.99755556,-87.631577780,-87.631577780,0,No Special Jurisdiction,10,Railway Vehicle,0,Not a Collision with Motor Vehicle In-Transport,0,No,6,"Railway Grade Crossing ",1,Not an Intersection,0,None,3,Rural-Minor Arterial,1,On Roadway,1,Daylight,1,Clear,0,No Additional Atmospheric Conditions,1,Clear,0,No,726128D,726128D,99,Unknown,99,Unknown,12,12:00pm-12:59pm,25,25,99,Unknown,99,Unknown EMS Hospital Arrival Time,0,None,0,None,0,None,1,0
2014,1,10358,Alabama,2,2,0,0,0,2,2,97,MOBILE (97),0,NOT APPLICABLE,1,6,June,2014,1,Sunday,10,10:00am-10:59am,25,25,0,This section IS NOT on the NHS,,,,,,,4,County Road,CR-HOWELLS FERRY ROAD,,0,None,30.73918333,30.73918333,-88.260194440,-88.260194440,0,No Special Jurisdiction,12,"Motor Vehicle In-Transport ",2,Front-to-Front,0,No,1,Non-Junction,1,Not an Intersection,0,None,3,Rural-Minor Arterial,1,On Roadway,1,Daylight,10,Cloudy,0,No Additional Atmospheric Conditions,10,Cloudy,0,No,0000000,Not Applicable,99,Unknown,99,Unknown,10,10:00am-10:59am,32,32,99,Unknown,99,Unknown EMS Hospital Arrival Time,0,None,0,None,0,None,1,0
2014,1,10359,Alabama,2,2,0,0,0,2,2,73,JEFFERSON (73),20,ADAMSVILLE,15,6,June,2014,1,Sunday,20,8:00pm-8:59pm,20,20,1,This section IS ON the NHS,,,,,,,2,U.S. Highway,US-SR 5,GLASCOW HOLLOW ROAD,1435,1435,33.60743333,33.60743333,-86.958250000,-86.958250000,0,No Special Jurisdiction,12,"Motor Vehicle In-Transport ",6,"Angle ",0,No,2,Intersection,2,Four-Way Intersection,0,None,2,Rural-Principal Arterial-Other,1,On Roadway,2,Dark - Not Lighted,1,Clear,0,No Additional Atmospheric Conditions,1,Clear,0,No,0000000,Not Applicable,99,Unknown,99,Unknown,20,8:00pm-8:59pm,27,27,99,Unknown,99,Unknown EMS Hospital Arrival Time,0,None,0,None,0,None,1,0
2014,1,10360,Alabama,1,1,0,0,0,1,1,13,BUTLER (13),1460,GREENVILLE,21,6,June,2014,7,Saturday,15,3:00pm-3:59pm,20,20,0,This section IS NOT on the NHS,,,,,,,6,Local Street - Municipality,HYSCO DR,,0,None,31.80201389,31.80201389,-86.647508330,-86.647508330,0,No Special Jurisdiction,34,Ditch,0,Not a Collision with Motor Vehicle In-Transport,0,No,1,Non-Junction,1,Not an Intersection,0,None,4,Rural-Major Collector,4,On Roadside,1,Daylight,1,Clear,0,No Additional Atmospheric Conditions,1,Clear,0,No,0000000,Not Applicable,99,Unknown,99,Unknown,15,3:00pm-3:59pm,27,27,99,Unknown,99,Unknown EMS Hospital Arrival Time,0,None,0,None,0,None,1,0
2014,1,10361,Alabama,1,1,0,0,0,2,2,113,RUSSELL (113),2440,PHENIX CITY,27,6,June,2014,6,Friday,12,12:00pm-12:59pm,5,5,0,This section IS NOT on the NHS,,,,,,,4,County Road,CR-NORTH BAYVIEW DR,,0,None,32.45047778,32.45047778,-85.083227780,-85.083227780,0,No Special Jurisdiction,5,Fell/Jumped from Vehicle,0,Not a Collision with Motor Vehicle In-Transport,0,No,1,Non-Junction,1,Not an Intersection,0,None,6,Rural-Local Road or Street,4,On Roadside,1,Daylight,1,Clear,0,No Additional Atmospheric Conditions,1,Clear,0,No,0000000,Not Applicable,99,Unknown,99,Unknown,12,12:00pm-12:59pm,21,21,99,Unknown,99,Unknown EMS Hospital Arrival Time,0,None,0,None,0,None,1,0
2014,1,10362,Alabama,1,1,0,0,0,1,1,121,TALLADEGA (121),0,NOT APPLICABLE,1,7,July,2014,3,Tuesday,17,5:00pm-5:59pm,45,45,0,This section IS NOT on the NHS,,,,,,,4,County Road,CR-GUNNELS LN,,0,None,33.57622778,33.57622778,-85.821211110,-85.821211110,0,No Special Jurisdiction,5,Fell/Jumped from Vehicle,0,Not a Collision with Motor Vehicle In-Transport,0,No,1,Non-Junction,1,Not an Intersection,0,None,6,Rural-Local Road or Street,4,On Roadside,1,Daylight,1,Clear,0,No Additional Atmospheric Conditions,1,Clear,0,No,0000000,Not Applicable,99,Unknown,99,Unknown,17,5:00pm-5:59pm,53,53,88,"Not Applicable (Not Transported) ",88,Not Applicable (Not Transported),0,None,0,None,0,None,1,0
2014,1,10363,Alabama,3,1,2,0,1,1,2,73,JEFFERSON (73),1716,HOOVER,27,6,June,2014,6,Friday,18,6:00pm-6:59pm,34,34,1,This section IS ON the NHS,,,,,,,1,Interstate,I-459,,151,151,33.38622778,33.38622778,-86.802550000,-86.802550000,0,No Special Jurisdiction,14,"Parked Motor Vehicle ",0,Not a Collision with Motor Vehicle In-Transport,0,No,1,Non-Junction,1,Not an Intersection,0,None,11,Urban-Principal Arterial-Interstate,3,On Median,1,Daylight,1,Clear,0,No Additional Atmospheric Conditions,1,Clear,0,No,0000000,Not Applicable,99,Unknown,99,Unknown,18,6:00pm-6:59pm,37,37,99,Unknown,99,Unknown EMS Hospital Arrival Time,14,"Motor Vehicle struck by falling cargo,or something that came loose from or something that was set in motion by a vehicle",0,None,0,None,1,0
2014,1,10364,Alabama,1,1,0,0,0,3,3,3,BALDWIN (3),0,NOT APPLICABLE,25,6,June,2014,4,Wednesday,1,1:00am-1:59am,55,55,0,This section IS NOT on the NHS,,,,,,,4,County Road,CR-BUZBEE ROAD,,0,None,30.69285833,30.69285833,-87.868072220,-87.868072220,0,No Special Jurisdiction,53,Mail Box,0,Not a Collision with Motor Vehicle In-Transport,0,No,1,Non-Junction,1,Not an Intersection,0,None,6,Rural-Local Road or Street,4,On Roadside,2,Dark - Not Lighted,1,Clear,0,No Additional Atmospheric Conditions,1,Clear,0,No,0000000,Not Applicable,99,Unknown,99,Unknown,2,2:00am-2:59am,6,6,99,Unknown,99,Unknown EMS Hospital Arrival Time,0,None,0,None,0,None,1,0
2014,1,10365,Alabama,2,2,0,0,0,5,5,97,MOBILE (97),2100,MOBILE,4,7,July,2014,6,Friday,11,11:00am-11:59am,23,23,1,This section IS ON the NHS,,,,,,,1,Interstate,I-10,,260,260,30.68346667,30.68346667,-88.042261110,-88.042261110,0,No Special Jurisdiction,12,"Motor Vehicle In-Transport ",1,"Front-to-Rear ",1,Yes,18,Through Roadway,1,Not an Intersection,0,None,11,Urban-Principal Arterial-Interstate,1,On Roadway,1,Daylight,1,Clear,0,No Additional Atmospheric Conditions,1,Clear,0,No,0000000,Not Applicable,99,Unknown,99,Unknown,11,11:00am-11:59am,28,28,99,Unknown,99,Unknown EMS Hospital Arrival Time,0,None,0,None,0,None,1,0
2014,1,10366,Alabama,1,1,0,0,0,1,1,105,PERRY (105),0,NOT APPLICABLE,5,7,July,2014,7,Saturday,18,6:00pm-6:59pm,50,50,0,This section IS NOT on the NHS,,,,,,,3,State Highway,SR-175,,37,37,32.71321944,32.71321944,-87.279522220,-87.279522220,0,No Special Jurisdiction,42,Tree (Standing Only),0,Not a Collision with Motor Vehicle In-Transport,0,No,1,Non-Junction,1,Not an Intersection,0,None,4,Rural-Major Collector,5,Outside Trafficway,1,Daylight,1,Clear,0,No Additional Atmospheric Conditions,1,Clear,0,No,0000000,Not Applicable,99,Unknown,99,Unknown,19,7:00pm-7:59pm,15,15,88,"Not Applicable (Not Transported) ",88,Not Applicable (Not Transported),0,None,0,None,0,None,1,1
2014,1,10367,Alabama,1,1,0,0,0,1,1,127,WALKER (127),0,NOT APPLICABLE,5,7,July,2014,7,Saturday,16,4:00pm-4:59pm,15,15,0,This section IS NOT on the NHS,,,,,,,4,County Road,CR-BAKER RD,,0,None,33.83779722,33.83779722,-87.356300000,-87.356300000,0,No Special Jurisdiction,42,Tree (Standing Only),0,Not a Collision with Motor Vehicle In-Transport,0,No,1,Non-Junction,1,Not an Intersection,0,None,6,Rural-Local Road or Street,4,On Roadside,1,Daylight,1,Clear,0,No Additional Atmospheric Conditions,1,Clear,0,No,0000000,Not Applicable,99,Unknown,99,Unknown,16,4:00pm-4:59pm,40,40,88,"Not Applicable (Not Transported) ",88,Not Applicable (Not Transported),0,None,0,None,0,None,1,0
2014,1,10368,Alabama,1,1,0,0,0,1,1,47,DALLAS (47),0,NOT APPLICABLE,28,6,June,2014,7,Saturday,21,9:00pm-9:59pm,15,15,0,This section IS NOT on the NHS,,,,,,,3,State Highway,SR-41,,1054,1054,32.14718889,32.14718889,-87.074141670,-87.074141670,0,No Special Jurisdiction,1,Rollover/Overturn,0,Not a Collision with Motor Vehicle In-Transport,0,No,1,Non-Junction,1,Not an Intersection,0,None,3,Rural-Minor Arterial,4,On Roadside,2,Dark - Not Lighted,1,Clear,0,No Additional Atmospheric Conditions,1,Clear,0,No,0000000,Not Applicable,99,Unknown,99,Unknown,0,0:00am-0:59am,10,10,88,"Not Applicable (Not Transported) ",88,Not Applicable (Not Transported),0,None,0,None,0,None,1,1
2014,1,10369,Alabama,1,1,0,0,0,2,2,21,CHILTON (21),1790,JEMISON,1,7,July,2014,3,Tuesday,13,1:00pm-1:59pm,38,38,1,This section IS ON the NHS,,,,,,,1,Interstate,I-65,CR-42,2190,2190,32.97963056,32.97963056,-86.689036110,-86.689036110,0,No Special Jurisdiction,1,Rollover/Overturn,0,Not a Collision with Motor Vehicle In-Transport,1,Yes,5,Entrance/Exit Ramp Related,1,Not an Intersection,0,None,1,Rural-Principal Arterial-Interstate,4,On Roadside,1,Daylight,1,Clear,0,No Additional Atmospheric Conditions,1,Clear,0,No,0000000,Not Applicable,99,Unknown,99,Unknown,13,1:00pm-1:59pm,50,50,99,Unknown,99,Unknown EMS Hospital Arrival Time,0,None,0,None,0,None,1,0
2014,1,10370,Alabama,2,2,0,0,0,4,4,33,COLBERT (33),0,NOT APPLICABLE,2,7,July,2014,4,Wednesday,8,8:00am-8:59am,5,5,0,This section IS NOT on the NHS,,,,,,,3,State Highway,SR-20,SR-133,306,306,34.69788889,34.69788889,-87.634550000,-87.634550000,0,No Special Jurisdiction,12,"Motor Vehicle In-Transport ",6,"Angle ",0,No,2,Intersection,2,Four-Way Intersection,0,None,3,Rural-Minor Arterial,1,On Roadway,1,Daylight,1,Clear,0,No Additional Atmospheric Conditions,1,Clear,0,No,0000000,Not Applicable,99,Unknown,99,Unknown,8,8:00am-8:59am,15,15,99,Unknown,99,Unknown EMS Hospital Arrival Time,0,None,0,None,0,None,1,0
2014,1,10371,Alabama,1,1,0,0,0,4,4,125,TUSCALOOSA (125),0,NOT APPLICABLE,5,7,July,2014,7,Saturday,5,5:00am-5:59am,35,35,1,This section IS ON the NHS,,,,,,,1,Interstate,I-59,,799,799,33.17426667,33.17426667,-87.406613890,-87.406613890,0,No Special Jurisdiction,24,Guardrail Face,0,Not a Collision with Motor Vehicle In-Transport,1,Yes,19,Other location within Interchange Area,1,Not an Intersection,0,None,1,Rural-Principal Arterial-Interstate,4,On Roadside,4,Dawn,1,Clear,0,No Additional Atmospheric Conditions,1,Clear,0,No,0000000,Not Applicable,99,Unknown,99,Unknown,5,5:00am-5:59am,44,44,99,Unknown,99,Unknown EMS Hospital Arrival Time,0,None,0,None,0,None,1,1
2014,1,10372,Alabama,1,1,0,1,1,2,2,97,MOBILE (97),0,NOT APPLICABLE,6,7,July,2014,1,Sunday,20,8:00pm-8:59pm,45,45,0,This section IS NOT on the NHS,,,,,,,4,County Road,CR-OLD PASCAGOULA RD,SPERRY RD,0,None,30.56957222,30.56957222,-88.203105560,-88.203105560,0,No Special Jurisdiction,8,Pedestrian,0,Not a Collision with Motor Vehicle In-Transport,0,No,3,"Intersection-Related ",3,T-Intersection,0,None,6,Rural-Local Road or Street,1,On Roadway,2,Dark - Not Lighted,1,Clear,0,No Additional Atmospheric Conditions,1,Clear,0,No,0000000,Not Applicable,99,Unknown,99,Unknown,20,8:00pm-8:59pm,52,52,99,Unknown,99,Unknown EMS Hospital Arrival Time,0,None,0,None,0,None,1,0
2014,1,10373,Alabama,1,1,0,0,0,1,1,29,CLEBURNE (29),0,NOT APPLICABLE,12,7,July,2014,7,Saturday,99,Unknown Hours,99,Unknown Minutes,0,This section IS NOT on the NHS,,,,,,,2,U.S. Highway,US-SR 4,,1723,1723,33.64573333,33.64573333,-85.632647220,-85.632647220,0,No Special Jurisdiction,42,Tree (Standing Only),0,Not a Collision with Motor Vehicle In-Transport,0,No,1,Non-Junction,1,Not an Intersection,0,None,3,Rural-Minor Arterial,4,On Roadside,2,Dark - Not Lighted,1,Clear,0,No Additional Atmospheric Conditions,1,Clear,0,No,0000000,Not Applicable,88,Not Applicable (Not Notified),88,Not Applicable (Not Notified),88,"Not Applicable ",88,Not Applicable,88,"Not Applicable (Not Transported) ",88,Not Applicable (Not Transported),0,None,0,None,0,None,1,1
2014,1,10374,Alabama,1,1,0,0,0,1,1,55,ETOWAH (55),1280,GADSDEN,12,7,July,2014,7,Saturday,3,3:00am-3:59am,57,57,0,This section IS NOT on the NHS,,,,,,,6,Local Street - Municipality,BROAD ST,N 1ST ST,0,None,34.01125556,34.01125556,-85.999822220,-85.999822220,0,No Special Jurisdiction,43,Other Fixed Object,0,Not a Collision with Motor Vehicle In-Transport,0,No,3,"Intersection-Related ",2,Four-Way Intersection,0,None,16,Urban-Local Road or Street,3,On Median,3,Dark - Lighted,1,Clear,0,No Additional Atmospheric Conditions,1,Clear,0,No,0000000,Not Applicable,99,Unknown,99,Unknown,3,3:00am-3:59am,59,59,88,"Not Applicable (Not Transported) ",88,Not Applicable (Not Transported),0,None,0,None,0,None,1,0
2014,1,10375,Alabama,1,1,0,0,0,1,1,19,CHEROKEE (19),1852,LEESBURG,11,7,July,2014,6,Friday,12,12:00pm-12:59pm,26,26,0,This section IS NOT on the NHS,,,,,,,4,County Road,CR-44,,0,None,34.19583611,34.19583611,-85.741769440,-85.741769440,0,No Special Jurisdiction,32,Culvert,0,Not a Collision with Motor Vehicle In-Transport,0,No,1,Non-Junction,1,Not an Intersection,0,None,4,Rural-Major Collector,4,On Roadside,1,Daylight,1,Clear,0,No Additional Atmospheric Conditions,1,Clear,0,No,0000000,Not Applicable,99,Unknown,99,Unknown,12,12:00pm-12:59pm,34,34,99,Unknown,99,Unknown EMS Hospital Arrival Time,0,None,0,None,0,None,1,0
2014,1,10376,Alabama,1,1,0,1,1,1,1,21,CHILTON (21),700,CLANTON,3,7,July,2014,5,Thursday,16,4:00pm-4:59pm,11,11,0,This section IS NOT on the NHS,,,,,,,6,Local Street - Municipality,2ND AVENUE S,3RD STREET S,0,None,32.83899167,32.83899167,-86.625813890,-86.625813890,0,No Special Jurisdiction,8,Pedestrian,0,Not a Collision with Motor Vehicle In-Transport,0,No,2,Intersection,2,Four-Way Intersection,0,None,4,Rural-Major Collector,1,On Roadway,1,Daylight,1,Clear,0,No Additional Atmospheric Conditions,1,Clear,0,No,0000000,Not Applicable,99,Unknown,99,Unknown,16,4:00pm-4:59pm,16,16,88,"Not Applicable (Not Transported) ",88,Not Applicable (Not Transported),0,None,0,None,0,None,1,0
2014,1,10377,Alabama,2,2,0,1,1,1,1,97,MOBILE (97),0,NOT APPLICABLE,8,7,July,2014,3,Tuesday,15,3:00pm-3:59pm,15,15,1,This section IS ON the NHS,,,,,,,4,County Road,CR-SCHILLINGER RD S,,0,None,30.57573611,30.57573611,-88.225491670,-88.225491670,0,No Special Jurisdiction,12,"Motor Vehicle In-Transport ",1,"Front-to-Rear ",0,No,1,Non-Junction,1,Not an Intersection,0,None,13,Urban-Other Principal Arterial,1,On Roadway,1,Daylight,1,Clear,0,No Additional Atmospheric Conditions,1,Clear,0,No,0000000,Not Applicable,99,Unknown,99,Unknown,15,3:00pm-3:59pm,22,22,99,Unknown,99,Unknown EMS Hospital Arrival Time,23,Indication of a Stalled/Disabled Vehicle,15,"Non-occupant struck by falling cargo, or something that came loose from, or something that was set in motion by a vehicle",0,None,1,0
2014,1,10378,Alabama,2,2,0,0,0,2,2,73,JEFFERSON (73),350,BIRMINGHAM,7,7,July,2014,2,Monday,5,5:00am-5:59am,22,22,0,This section IS NOT on the NHS,,,,,,,6,Local Street - Municipality,40TH ST W,,0,None,33.45325556,33.45325556,-86.899427780,-86.899427780,0,No Special Jurisdiction,12,"Motor Vehicle In-Transport ",2,Front-to-Front,0,No,1,Non-Junction,1,Not an Intersection,0,None,14,Urban-Minor Arterial,1,On Roadway,3,Dark - Lighted,10,Cloudy,0,No Additional Atmospheric Conditions,10,Cloudy,0,No,0000000,Not Applicable,99,Unknown,99,Unknown,5,5:00am-5:59am,25,25,99,Unknown,99,Unknown EMS Hospital Arrival Time,0,None,0,None,0,None,1,0
2014,1,10379,Alabama,1,1,0,0,0,1,1,31,COFFEE (31),0,NOT APPLICABLE,6,7,July,2014,1,Sunday,5,5:00am-5:59am,0,0,0,This section IS NOT on the NHS,,,,,,,4,County Road,CR-625,,0,None,31.20158611,31.20158611,-85.993288890,-85.993288890,0,No Special Jurisdiction,42,Tree (Standing Only),0,Not a Collision with Motor Vehicle In-Transport,0,No,1,Non-Junction,1,Not an Intersection,0,None,4,Rural-Major Collector,4,On Roadside,2,Dark - Not Lighted,1,Clear,0,No Additional Atmospheric Conditions,1,Clear,0,No,0000000,Not Applicable,99,Unknown,99,Unknown,6,6:00am-6:59am,45,45,88,"Not Applicable (Not Transported) ",88,Not Applicable (Not Transported),0,None,0,None,0,None,1,1
2014,1,10380,Alabama,2,2,0,0,0,3,3,85,LOWNDES (85),0,NOT APPLICABLE,5,7,July,2014,7,Saturday,22,10:00pm-10:59pm,15,15,0,This section IS NOT on the NHS,,,,,,,4,County Road,CR-GLADSMITH ROAD,,0,None,32.37973611,32.37973611,-86.721566670,-86.721566670,0,No Special Jurisdiction,12,"Motor Vehicle In-Transport ",2,Front-to-Front,0,No,1,Non-Junction,1,Not an Intersection,0,None,6,Rural-Local Road or Street,1,On Roadway,2,Dark - Not Lighted,1,Clear,0,No Additional Atmospheric Conditions,1,Clear,0,No,0000000,Not Applicable,99,Unknown,99,Unknown,22,10:00pm-10:59pm,58,58,99,Unknown,99,Unknown EMS Hospital Arrival Time,0,None,0,None,0,None,2,0
2014,1,10381,Alabama,3,3,0,0,0,8,8,31,COFFEE (31),0,NOT APPLICABLE,7,7,July,2014,2,Monday,16,4:00pm-4:59pm,41,41,0,This section IS NOT on the NHS,,,,,,,3,State Highway,SR-166,SR-141,46,46,31.41924722,31.41924722,-86.167294440,-86.167294440,0,No Special Jurisdiction,12,"Motor Vehicle In-Transport ",6,"Angle ",0,No,2,Intersection,2,Four-Way Intersection,0,None,4,Rural-Major Collector,1,On Roadway,1,Daylight,1,Clear,0,No Additional Atmospheric Conditions,1,Clear,0,No,0000000,Not Applicable,99,Unknown,99,Unknown,16,4:00pm-4:59pm,52,52,99,Unknown,99,Unknown EMS Hospital Arrival Time,0,None,0,None,0,None,1,0
2014,1,10382,Alabama,2,2,0,0,0,3,3,77,LAUDERDALE (77),1200,FLORENCE,3,6,June,2014,3,Tuesday,9,9:00am-9:59am,36,36,1,This section IS ON the NHS,,,,,,,3,State Highway,SR-COX CREEK PKWY,DARBY DR,120,120,34.84373056,34.84373056,-87.646380560,-87.646380560,0,No Special Jurisdiction,12,"Motor Vehicle In-Transport ",6,"Angle ",0,No,2,Intersection,2,Four-Way Intersection,0,None,13,Urban-Other Principal Arterial,1,On Roadway,1,Daylight,1,Clear,0,No Additional Atmospheric Conditions,1,Clear,0,No,0000000,Not Applicable,99,Unknown,99,Unknown,9,9:00am-9:59am,41,41,99,Unknown,99,Unknown EMS Hospital Arrival Time,0,None,0,None,0,None,1,0
2014,1,10383,Alabama,2,2,0,0,0,3,3,89,MADISON (89),2225,NEW HOPE,16,5,May,2014,6,Friday,13,1:00pm-1:59pm,15,15,1,This section IS ON the NHS,,,,,,,2,U.S. Highway,US-SR 1,,3170,3170,34.54947222,34.54947222,-86.432180560,-86.432180560,0,No Special Jurisdiction,12,"Motor Vehicle In-Transport ",6,"Angle ",0,No,8,Driveway Access Related,1,Not an Intersection,0,None,2,Rural-Principal Arterial-Other,1,On Roadway,1,Daylight,1,Clear,0,No Additional Atmospheric Conditions,1,Clear,0,No,0000000,Not Applicable,99,Unknown,99,Unknown,13,1:00pm-1:59pm,44,44,99,Unknown,99,Unknown EMS Hospital Arrival Time,0,None,0,None,0,None,2,0
2014,1,10384,Alabama,1,1,0,0,0,1,1,115,ST. CLAIR (115),0,NOT APPLICABLE,6,7,July,2014,1,Sunday,0,0:00am-0:59am,47,47,0,This section IS NOT on the NHS,,,,,,,4,County Road,CR-MANNING ROAD,,0,None,33.67105556,33.67105556,-86.300733330,-86.300733330,0,No Special Jurisdiction,42,Tree (Standing Only),0,Not a Collision with Motor Vehicle In-Transport,0,No,1,Non-Junction,1,Not an Intersection,0,None,4,Rural-Major Collector,4,On Roadside,2,Dark - Not Lighted,1,Clear,0,No Additional Atmospheric Conditions,1,Clear,0,No,0000000,Not Applicable,99,Unknown,99,Unknown,1,1:00am-1:59am,35,35,99,Unknown,99,Unknown EMS Hospital Arrival Time,20,Police Pursuit Involved,0,None,0,None,1,1
2014,1,10385,Alabama,1,1,0,0,0,1,1,85,LOWNDES (85),0,NOT APPLICABLE,6,7,July,2014,1,Sunday,19,7:00pm-7:59pm,27,27,1,This section IS ON the NHS,,,,,,,2,U.S. Highway,US-SR 8,,998,998,32.30436111,32.30436111,-86.822188890,-86.822188890,0,No Special Jurisdiction,1,Rollover/Overturn,0,Not a Collision with Motor Vehicle In-Transport,0,No,1,Non-Junction,1,Not an Intersection,0,None,2,Rural-Principal Arterial-Other,4,On Roadside,1,Daylight,1,Clear,0,No Additional Atmospheric Conditions,1,Clear,0,No,0000000,Not Applicable,99,Unknown,99,Unknown,19,7:00pm-7:59pm,50,50,88,"Not Applicable (Not Transported) ",88,Not Applicable (Not Transported),0,None,0,None,0,None,1,0
2014,1,10386,Alabama,1,1,0,1,1,1,1,101,MONTGOMERY (101),2130,MONTGOMERY,6,7,July,2014,1,Sunday,21,9:00pm-9:59pm,53,53,0,This section IS NOT on the NHS,,,,,,,6,Local Street - Municipality,VIRGINIA LOOP ROAD,,0,None,32.31337778,32.31337778,-86.239136110,-86.239136110,0,No Special Jurisdiction,8,Pedestrian,0,Not a Collision with Motor Vehicle In-Transport,0,No,1,Non-Junction,1,Not an Intersection,0,None,15,Urban-Collector,1,On Roadway,3,Dark - Lighted,1,Clear,0,No Additional Atmospheric Conditions,1,Clear,0,No,0000000,Not Applicable,99,Unknown,99,Unknown,22,10:00pm-10:59pm,1,1,99,Unknown,99,Unknown EMS Hospital Arrival Time,0,None,0,None,0,None,1,0
2014,1,10387,Alabama,1,1,0,1,1,1,1,1,AUTAUGA (1),2540,PRATTVILLE,3,7,July,2014,5,Thursday,20,8:00pm-8:59pm,36,36,0,This section IS NOT on the NHS,,,,,,,6,Local Street - Municipality,WETUMPKA ST,,0,None,32.46468333,32.46468333,-86.451983330,-86.451983330,0,No Special Jurisdiction,9,Pedalcyclist,0,Not a Collision with Motor Vehicle In-Transport,0,No,1,Non-Junction,1,Not an Intersection,0,None,13,Urban-Other Principal Arterial,1,On Roadway,3,Dark - Lighted,1,Clear,0,No Additional Atmospheric Conditions,1,Clear,0,No,0000000,Not Applicable,88,Not Applicable (Not Notified),88,Not Applicable (Not Notified),88,"Not Applicable ",88,Not Applicable,88,"Not Applicable (Not Transported) ",88,Not Applicable (Not Transported),0,None,0,None,0,None,1,1
2014,1,10388,Alabama,1,1,0,0,0,2,2,79,LAWRENCE (79),0,NOT APPLICABLE,11,7,July,2014,6,Friday,16,4:00pm-4:59pm,20,20,0,This section IS NOT on the NHS,,,,,,,3,State Highway,SR-101,,5,5,34.51808889,34.51808889,-87.440647220,-87.440647220,0,No Special Jurisdiction,30,Utility Pole/Light Support,0,Not a Collision with Motor Vehicle In-Transport,0,No,1,Non-Junction,1,Not an Intersection,0,None,4,Rural-Major Collector,4,On Roadside,1,Daylight,1,Clear,0,No Additional Atmospheric Conditions,1,Clear,0,No,0000000,Not Applicable,99,Unknown,99,Unknown,16,4:00pm-4:59pm,35,35,99,Unknown,99,Unknown EMS Hospital Arrival Time,0,None,0,None,0,None,1,0
2014,1,10389,Alabama,1,1,0,0,0,1,1,51,ELMORE (51),0,NOT APPLICABLE,14,7,July,2014,2,Monday,19,7:00pm-7:59pm,42,42,0,This section IS NOT on the NHS,,,,,,,4,County Road,CR-ESTES RD,,0,None,32.60809722,32.60809722,-86.139247220,-86.139247220,0,No Special Jurisdiction,42,Tree (Standing Only),0,Not a Collision with Motor Vehicle In-Transport,0,No,1,Non-Junction,1,Not an Intersection,0,None,6,Rural-Local Road or Street,4,On Roadside,5,Dusk,1,Clear,0,No Additional Atmospheric Conditions,1,Clear,0,No,0000000,Not Applicable,99,Unknown,99,Unknown,19,7:00pm-7:59pm,55,55,88,"Not Applicable (Not Transported) ",88,Not Applicable (Not Transported),0,None,0,None,0,None,1,1
2014,1,10390,Alabama,1,1,0,0,0,2,2,129,WASHINGTON (129),0,NOT APPLICABLE,15,7,July,2014,3,Tuesday,21,9:00pm-9:59pm,5,5,0,This section IS NOT on the NHS,,,,,,,4,County Road,CR-SANKTOWN ROAD,,0,None,31.19536944,31.19536944,-88.069583330,-88.069583330,0,No Special Jurisdiction,5,Fell/Jumped from Vehicle,0,Not a Collision with Motor Vehicle In-Transport,0,No,1,Non-Junction,1,Not an Intersection,0,None,6,Rural-Local Road or Street,1,On Roadway,2,Dark - Not Lighted,10,Cloudy,0,No Additional Atmospheric Conditions,10,Cloudy,0,No,0000000,Not Applicable,99,Unknown,99,Unknown,21,9:00pm-9:59pm,30,30,99,Unknown,99,Unknown EMS Hospital Arrival Time,0,None,0,None,0,None,1,0
2014,1,10391,Alabama,1,1,0,1,1,1,1,15,CALHOUN (15),100,ANNISTON,16,7,July,2014,4,Wednesday,20,8:00pm-8:59pm,37,37,1,This section IS ON the NHS,,,,,,,2,U.S. Highway,US-SR 1,,0,None,33.63928611,33.63928611,-85.825500000,-85.825500000,0,No Special Jurisdiction,8,Pedestrian,0,Not a Collision with Motor Vehicle In-Transport,0,No,1,Non-Junction,1,Not an Intersection,0,None,13,Urban-Other Principal Arterial,1,On Roadway,2,Dark - Not Lighted,10,Cloudy,0,No Additional Atmospheric Conditions,10,Cloudy,0,No,0000000,Not Applicable,99,Unknown,99,Unknown,20,8:00pm-8:59pm,39,39,99,Unknown,99,Unknown EMS Hospital Arrival Time,0,None,0,None,0,None,1,0