caseyear,state,st_case,statename,ve_total,ve_forms,pvh_invl,peds,pernotmvit,permvit,persons,county,countyname,city,cityname,day,month,monthname,year,day_week,day_weekname,hour,hourname,minute,minutename,nhs,nhsname,rur_urb,rur_urbname,func_sys,func_sysname,rd_owner,rd_ownername,route,routename,tway_id,tway_id2,milept,mileptname,latitude,latitudename,longitud,longitudname,sp_jur,sp_jurname,harm_ev,harm_evname,man_coll,man_collname,reljct1,reljct1name,reljct2,reljct2name,typ_int,typ_intname,wrk_zone,wrk_zonename,road_fnc,road_fncname,rel_road,rel_roadname,lgt_cond,lgt_condname,weather1,weather1name,weather2,weather2name,weather,weathername,sch_bus,sch_busname,rail,railname,not_hour,not_hourname,not_min,not_minname,arr_hour,arr_hourname,arr_min,arr_minname,hosp_hr,hosp_hrname,hosp_mn,hosp_mnname,cf1,cf1name,cf2,cf2name,cf3,cf3name,fatals,drunk_dr
2014,1,10392,Alabama,2,2,0,0,0,2,2,13,BUTLER (13),0,NOT APPLICABLE,19,7,July,2014,7,Saturday,10,10:00am-10:59am,40,40,0,This section IS NOT on the NHS,,,,,,,4,County Road,CR-CASEY ROAD,,0,None,31.72206389,31.72206389,-86.829366670,-86.829366670,0,No Special Jurisdiction,12,"Motor Vehicle In-Transport ",2,Front-to-Front,0,No,1,Non-Junction,1,Not an Intersection,0,None,6,Rural-Local Road or Street,1,On Roadway,1,Daylight,1,Clear,0,No Additional Atmospheric Conditions,1,Clear,0,No,0000000,Not Applicable,99,Unknown,99,Unknown,10,10:00am-10:59am,52,52,88,"Not Applicable (Not Transported) ",88,Not Applicable (Not Transported),0,None,0,None,0,None,2,0
2014,1,10393,Alabama,1,1,0,0,0,1,1,29,CLEBURNE (29),0,NOT APPLICABLE,24,6,June,2014,3,Tuesday,19,7:00pm-7:59pm,30,30,0,This section IS NOT on the NHS,,,,,,,4,County Road,CR-24,,0,None,33.55659167,33.55659167,-85.725325000,-85.725325000,0,No Special Jurisdiction,1,Rollover/Overturn,0,Not a Collision with Motor Vehicle In-Transport,0,No,1,Non-Junction,1,Not an Intersection,0,None,4,Rural-Major Collector,4,On Roadside,2,Dark - Not Lighted,1,Clear,0,No Additional Atmospheric Conditions,1,Clear,0,No,0000000,Not Applicable,88,Not Applicable (Not Notified),88,Not Applicable (Not Notified),88,"Not Applicable ",88,Not Applicable,88,"Not Applicable (Not Transported) ",88,Not Applicable (Not Transported),0,None,0,None,0,None,1,1
2014,1,10394,Alabama,1,1,0,0,0,1,1,69,HOUSTON (69),0,NOT APPLICABLE,16,7,July,2014,4,Wednesday,14,2:00pm-2:59pm,10,10,0,This section IS NOT on the NHS,,,,,,,3,State Highway,SR-53,,30,30,31.02401667,31.02401667,-85.244500000,-85.244500000,0,No Special Jurisdiction,42,Tree (Standing Only),0,Not a Collision with Motor Vehicle In-Transport,0,No,1,Non-Junction,1,Not an Intersection,0,None,3,Rural-Minor Arterial,4,On Roadside,1,Daylight,1,Clear,0,No Additional Atmospheric Conditions,1,Clear,0,No,0000000,Not Applicable,99,Unknown,99,Unknown,14,2:00pm-2:59pm,27,27,99,Unknown,99,Unknown EMS Hospital Arrival Time,0,None,0,None,0,None,1,1
2014,1,10395,Alabama,1,1,0,0,0,1,1,99,MONROE (99),0,NOT APPLICABLE,5,7,July,2014,7,Saturday,0,0:00am-0:59am,15,15,0,This section IS NOT on the NHS,,,,,,,4,County Road,CR-BUTLER ST,,0,None,31.29688611,31.29688611,-87.418041670,-87.418041670,0,No Special Jurisdiction,42,Tree (Standing Only),0,Not a Collision with Motor Vehicle In-Transport,0,No,1,Non-Junction,1,Not an Intersection,0,None,4,Rural-Major Collector,5,Outside Trafficway,2,Dark - Not Lighted,1,Clear,0,No Additional Atmospheric Conditions,1,Clear,0,No,0000000,Not Applicable,99,Unknown,99,Unknown,1,1:00am-1:59am,0,0,88,"Not Applicable (Not Transported) ",88,Not Applicable (Not Transported),0,None,0,None,0,None,1,0
2014,1,10396,Alabama,1,1,0,0,0,1,1,39,COVINGTON (39),90,ANDALUSIA,21,7,July,2014,2,Monday,19,7:00pm-7:59pm,7,7,0,This section IS NOT on the NHS,,,,,,,6,Local Street - Municipality,SOUTHERN BYPASS,,0,None,31.27804722,31.27804722,-86.492619440,-86.492619440,0,No Special Jurisdiction,18,Other Object (not fixed),0,Not a Collision with Motor Vehicle In-Transport,0,No,1,Non-Junction,1,Not an Intersection,0,None,3,Rural-Minor Arterial,4,On Roadside,1,Daylight,1,Clear,0,No Additional Atmospheric Conditions,1,Clear,0,No,0000000,Not Applicable,99,Unknown,99,Unknown,19,7:00pm-7:59pm,11,11,99,Unknown,99,Unknown EMS Hospital Arrival Time,0,None,0,None,0,None,1,0
2014,1,10397,Alabama,2,2,0,1,1,1,1,57,FAYETTE (57),0,NOT APPLICABLE,25,7,July,2014,6,Friday,20,8:00pm-8:59pm,50,50,0,This section IS NOT on the NHS,,,,,,,4,County Road,CR-73,,0,None,33.90937222,33.90937222,-87.736941670,-87.736941670,0,No Special Jurisdiction,12,"Motor Vehicle In-Transport ",8,Sideswipe - Opposite Direction,0,No,1,Non-Junction,1,Not an Intersection,0,None,6,Rural-Local Road or Street,1,On Roadway,2,Dark - Not Lighted,1,Clear,0,No Additional Atmospheric Conditions,1,Clear,0,No,0000000,Not Applicable,99,Unknown,99,Unknown,20,8:00pm-8:59pm,57,57,88,"Not Applicable (Not Transported) ",88,Not Applicable (Not Transported),15,"Non-occupant struck by falling cargo, or something that came loose from, or something that was set in motion by a vehicle",23,Indication of a Stalled/Disabled Vehicle,0,None,1,1
2014,1,10398,Alabama,1,1,0,0,0,2,2,101,MONTGOMERY (101),2130,MONTGOMERY,24,7,July,2014,5,Thursday,21,9:00pm-9:59pm,45,45,0,This section IS NOT on the NHS,,,,,,,6,Local Street - Municipality,YOUNG MEADOWS DR,,0,None,32.33235556,32.33235556,-86.210013890,-86.210013890,0,No Special Jurisdiction,33,Curb,0,Not a Collision with Motor Vehicle In-Transport,0,No,1,Non-Junction,1,Not an Intersection,0,None,16,Urban-Local Road or Street,4,On Roadside,3,Dark - Lighted,1,Clear,0,No Additional Atmospheric Conditions,1,Clear,0,No,0000000,Not Applicable,99,Unknown,99,Unknown,21,9:00pm-9:59pm,47,47,99,Unknown,99,Unknown EMS Hospital Arrival Time,0,None,0,None,0,None,1,1
2014,1,10399,Alabama,1,1,0,0,0,1,1,47,DALLAS (47),0,NOT APPLICABLE,20,7,July,2014,1,Sunday,21,9:00pm-9:59pm,25,25,0,This section IS NOT on the NHS,,,,,,,4,County Road,CR-4,,0,None,32.08208611,32.08208611,-86.957058330,-86.957058330,0,No Special Jurisdiction,32,Culvert,0,Not a Collision with Motor Vehicle In-Transport,0,No,1,Non-Junction,1,Not an Intersection,0,None,4,Rural-Major Collector,5,Outside Trafficway,2,Dark - Not Lighted,10,Cloudy,0,No Additional Atmospheric Conditions,10,Cloudy,0,No,0000000,Not Applicable,99,Unknown,99,Unknown,21,9:00pm-9:59pm,50,50,88,"Not Applicable (Not Transported) ",88,Not Applicable (Not Transported),0,None,0,None,0,None,1,1
2014,1,10400,Alabama,1,1,0,2,2,1,1,73,JEFFERSON (73),350,BIRMINGHAM,17,7,July,2014,5,Thursday,16,4:00pm-4:59pm,35,35,0,This section IS NOT on the NHS,,,,,,,6,Local Street - Municipality,BESSEMER ROAD,,0,None,33.49019722,33.49019722,-86.885577780,-86.885577780,0,No Special Jurisdiction,30,Utility Pole/Light Support,0,Not a Collision with Motor Vehicle In-Transport,0,No,1,Non-Junction,1,Not an Intersection,0,None,13,Urban-Other Principal Arterial,4,On Roadside,1,Daylight,1,Clear,0,No Additional Atmospheric Conditions,1,Clear,0,No,0000000,Not Applicable,99,Unknown,99,Unknown,16,4:00pm-4:59pm,38,38,99,Unknown,99,Unknown EMS Hospital Arrival Time,0,None,0,None,0,None,1,1
2014,1,10401,Alabama,3,3,0,0,0,5,5,125,TUSCALOOSA (125),0,NOT APPLICABLE,22,7,July,2014,3,Tuesday,15,3:00pm-3:59pm,25,25,1,This section IS ON the NHS,,,,,,,1,Interstate,I-59,,667,667,99.99990000,Unknown,999.999900000,Unknown,0,No Special Jurisdiction,12,"Motor Vehicle In-Transport ",1,"Front-to-Rear ",0,No,1,Non-Junction,1,Not an Intersection,0,None,1,Rural-Principal Arterial-Interstate,1,On Roadway,1,Daylight,10,Cloudy,0,No Additional Atmospheric Conditions,10,Cloudy,0,No,0000000,Not Applicable,99,Unknown,99,Unknown,15,3:00pm-3:59pm,33,33,99,Unknown,99,Unknown EMS Hospital Arrival Time,0,None,0,None,0,None,1,0
2014,1,10402,Alabama,2,2,0,0,0,4,4,99,MONROE (99),0,NOT APPLICABLE,27,7,July,2014,1,Sunday,19,7:00pm-7:59pm,5,5,0,This section IS NOT on the NHS,,,,,,,3,State Highway,SR-136,BEULAH CAMPGROUND ROAD,56,56,31.42838333,31.42838333,-87.301713890,-87.301713890,0,No Special Jurisdiction,12,"Motor Vehicle In-Transport ",6,"Angle ",0,No,2,Intersection,2,Four-Way Intersection,0,None,4,Rural-Major Collector,1,On Roadway,1,Daylight,1,Clear,0,No Additional Atmospheric Conditions,1,Clear,0,No,0000000,Not Applicable,99,Unknown,99,Unknown,19,7:00pm-7:59pm,19,19,99,Unknown,99,Unknown EMS Hospital Arrival Time,0,None,0,None,0,None,1,0
2014,1,10403,Alabama,2,2,0,0,0,4,4,7,BIBB (7),460,BRENT,25,7,July,2014,6,Friday,12,12:00pm-12:59pm,4,4,0,This section IS NOT on the NHS,,,,,,,3,State Highway,SR-25,,890,890,32.92421944,32.92421944,-87.181675000,-87.181675000,0,No Special Jurisdiction,12,"Motor Vehicle In-Transport ",2,Front-to-Front,0,No,1,Non-Junction,1,Not an Intersection,0,None,4,Rural-Major Collector,1,On Roadway,1,Daylight,1,Clear,0,No Additional Atmospheric Conditions,1,Clear,0,No,0000000,Not Applicable,99,Unknown,99,Unknown,12,12:00pm-12:59pm,11,11,99,Unknown,99,Unknown EMS Hospital Arrival Time,0,None,0,None,0,None,2,0
2014,1,10404,Alabama,1,1,0,0,0,1,1,25,CLARKE (25),0,NOT APPLICABLE,30,7,July,2014,4,Wednesday,9,9:00am-9:59am,25,25,0,This section IS NOT on the NHS,,,,,,,3,State Highway,SR-69,,197,197,31.72161944,31.72161944,-88.071141670,-88.071141670,0,No Special Jurisdiction,1,Rollover/Overturn,0,Not a Collision with Motor Vehicle In-Transport,0,No,1,Non-Junction,1,Not an Intersection,0,None,3,Rural-Minor Arterial,4,On Roadside,1,Daylight,1,Clear,0,No Additional Atmospheric Conditions,1,Clear,0,No,0000000,Not Applicable,99,Unknown,99,Unknown,9,9:00am-9:59am,50,50,88,"Not Applicable (Not Transported) ",88,Not Applicable (Not Transported),0,None,0,None,0,None,1,0
2014,1,10405,Alabama,1,1,0,0,0,9,9,125,TUSCALOOSA (125),0,NOT APPLICABLE,24,7,July,2014,5,Thursday,14,2:00pm-2:59pm,24,24,1,This section IS ON the NHS,,,,,,,1,Interstate,I-59,,648,648,33.12862778,33.12862778,-87.643038890,-87.643038890,0,No Special Jurisdiction,23,Bridge Rail (Includes parapet),0,Not a Collision with Motor Vehicle In-Transport,0,No,1,Non-Junction,1,Not an Intersection,0,None,1,Rural-Principal Arterial-Interstate,3,On Median,1,Daylight,10,Cloudy,0,No Additional Atmospheric Conditions,10,Cloudy,0,No,0000000,Not Applicable,99,Unknown,99,Unknown,14,2:00pm-2:59pm,41,41,99,Unknown,99,Unknown EMS Hospital Arrival Time,0,None,0,None,0,None,1,0
2014,1,10406,Alabama,1,1,0,1,1,1,1,69,HOUSTON (69),930,DOTHAN,25,7,July,2014,6,Friday,20,8:00pm-8:59pm,59,59,0,This section IS NOT on the NHS,,,,,,,6,Local Street - Municipality,FORTNER ST,,0,None,31.20953056,31.20953056,-85.447891670,-85.447891670,0,No Special Jurisdiction,8,Pedestrian,0,Not a Collision with Motor Vehicle In-Transport,0,No,1,Non-Junction,1,Not an Intersection,0,None,14,Urban-Minor Arterial,1,On Roadway,3,Dark - Lighted,1,Clear,0,No Additional Atmospheric Conditions,1,Clear,0,No,0000000,Not Applicable,99,Unknown,99,Unknown,21,9:00pm-9:59pm,9,9,88,"Not Applicable (Not Transported) ",88,Not Applicable (Not Transported),0,None,0,None,0,None,1,0
2014,1,10407,Alabama,2,2,0,0,0,3,3,101,MONTGOMERY (101),2130,MONTGOMERY,26,7,July,2014,7,Saturday,3,3:00am-3:59am,10,10,0,This section IS NOT on the NHS,,,,,,,4,County Road,CR-MT ZION RD,,0,None,32.13057500,32.13057500,-86.174416670,-86.174416670,0,No Special Jurisdiction,12,"Motor Vehicle In-Transport ",2,Front-to-Front,0,No,1,Non-Junction,1,Not an Intersection,0,None,4,Rural-Major Collector,1,On Roadway,2,Dark - Not Lighted,1,Clear,0,No Additional Atmospheric Conditions,1,Clear,0,No,0000000,Not Applicable,99,Unknown,99,Unknown,3,3:00am-3:59am,19,19,99,Unknown,99,Unknown EMS Hospital Arrival Time,0,None,0,None,0,None,1,2
2014,1,10408,Alabama,1,1,0,0,0,2,2,9,BLOUNT (9),0,NOT APPLICABLE,27,7,July,2014,1,Sunday,19,7:00pm-7:59pm,45,45,0,This section IS NOT on the NHS,,,,,,,3,State Highway,SR-79,,390,390,34.05113611,34.05113611,-86.575963890,-86.575963890,0,No Special Jurisdiction,42,Tree (Standing Only),0,Not a Collision with Motor Vehicle In-Transport,0,No,1,Non-Junction,1,Not an Intersection,0,None,2,Rural-Principal Arterial-Other,4,On Roadside,2,Dark - Not Lighted,1,Clear,0,No Additional Atmospheric Conditions,1,Clear,0,No,0000000,Not Applicable,99,Unknown,99,Unknown,20,8:00pm-8:59pm,15,15,99,Unknown,99,Unknown EMS Hospital Arrival Time,0,None,0,None,0,None,1,0
2014,1,10409,Alabama,1,1,0,0,0,1,1,87,MACON (87),0,NOT APPLICABLE,26,7,July,2014,7,Saturday,11,11:00am-11:59am,50,50,0,This section IS NOT on the NHS,,,,,,,4,County Road,CR-43,,0,None,32.48948611,32.48948611,-85.448638890,-85.448638890,0,No Special Jurisdiction,35,Embankment,0,Not a Collision with Motor Vehicle In-Transport,0,No,1,Non-Junction,1,Not an Intersection,0,None,4,Rural-Major Collector,4,On Roadside,1,Daylight,1,Clear,0,No Additional Atmospheric Conditions,1,Clear,0,No,0000000,Not Applicable,99,Unknown,99,Unknown,12,12:00pm-12:59pm,3,3,88,"Not Applicable (Not Transported) ",88,Not Applicable (Not Transported),0,None,0,None,0,None,1,1
2014,1,10410,Alabama,2,2,0,0,0,3,3,5,BARBOUR (5),1050,EUFAULA,9,7,July,2014,4,Wednesday,14,2:00pm-2:59pm,24,24,0,This section IS NOT on the NHS,,,,,,,2,U.S. Highway,US-SR EUFAULA AVE,OLD ABBEVILLE ROAD,633,633,31.84604167,31.84604167,-85.167400000,-85.167400000,0,No Special Jurisdiction,12,"Motor Vehicle In-Transport ",6,"Angle ",0,No,2,Intersection,3,T-Intersection,0,None,4,Rural-Major Collector,1,On Roadway,1,Daylight,1,Clear,0,No Additional Atmospheric Conditions,1,Clear,0,No,0000000,Not Applicable,99,Unknown,99,Unknown,2,2:00am-2:59am,29,29,99,Unknown,99,Unknown EMS Hospital Arrival Time,0,None,0,None,0,None,2,0
2014,1,10411,Alabama,1,1,0,0,0,2,2,73,JEFFERSON (73),0,NOT APPLICABLE,30,7,July,2014,4,Wednesday,23,11:00pm-11:59pm,0,0,1,This section IS ON the NHS,,,,,,,1,Interstate,I-59,,1450,1450,33.66924444,33.66924444,-86.553897220,-86.553897220,0,No Special Jurisdiction,1,Rollover/Overturn,0,Not a Collision with Motor Vehicle In-Transport,0,No,1,Non-Junction,1,Not an Intersection,0,None,11,Urban-Principal Arterial-Interstate,4,On Roadside,2,Dark - Not Lighted,1,Clear,0,No Additional Atmospheric Conditions,1,Clear,0,No,0000000,Not Applicable,99,Unknown,99,Unknown,23,11:00pm-11:59pm,15,15,99,Unknown,99,Unknown EMS Hospital Arrival Time,0,None,0,None,0,None,1,0
2014,1,10412,Alabama,4,4,0,0,0,9,9,73,JEFFERSON (73),1716,HOOVER,20,7,July,2014,1,Sunday,18,6:00pm-6:59pm,24,24,1,This section IS ON the NHS,,,,,,,1,Interstate,I-65,,2520,2520,33.41254167,33.41254167,-86.807136110,-86.807136110,0,No Special Jurisdiction,12,"Motor Vehicle In-Transport ",8,Sideswipe - Opposite Direction,0,No,5,Entrance/Exit Ramp Related,1,Not an Intersection,0,None,11,Urban-Principal Arterial-Interstate,1,On Roadway,1,Daylight,1,Clear,0,No Additional Atmospheric Conditions,1,Clear,0,No,0000000,Not Applicable,99,Unknown,99,Unknown,18,6:00pm-6:59pm,25,25,99,Unknown,99,Unknown EMS Hospital Arrival Time,0,None,0,None,0,None,1,1
2014,1,10413,Alabama,1,1,0,1,1,1,1,89,MADISON (89),2225,NEW HOPE,4,7,July,2014,6,Friday,3,3:00am-3:59am,53,53,0,This section IS NOT on the NHS,,,,,,,6,Local Street - Municipality,MAIN DR,,0,None,34.54396111,34.54396111,-86.420686110,-86.420686110,0,No Special Jurisdiction,8,Pedestrian,0,Not a Collision with Motor Vehicle In-Transport,0,No,1,Non-Junction,1,Not an Intersection,0,None,4,Rural-Major Collector,1,On Roadway,2,Dark - Not Lighted,1,Clear,0,No Additional Atmospheric Conditions,1,Clear,0,No,0000000,Not Applicable,99,Unknown,99,Unknown,4,4:00am-4:59am,0,0,88,"Not Applicable (Not Transported) ",88,Not Applicable (Not Transported),0,None,0,None,0,None,1,0
2014,1,10414,Alabama,2,2,0,0,0,2,2,41,CRENSHAW (41),0,NOT APPLICABLE,16,7,July,2014,4,Wednesday,16,4:00pm-4:59pm,6,6,0,This section IS NOT on the NHS,,,,,,,4,County Road,CR-45,E LAZENBY ROAD,0,None,31.83523056,31.83523056,-86.281675000,-86.281675000,0,No Special Jurisdiction,12,"Motor Vehicle In-Transport ",1,"Front-to-Rear ",0,No,3,"Intersection-Related ",3,T-Intersection,0,None,6,Rural-Local Road or Street,1,On Roadway,1,Daylight,1,Clear,0,No Additional Atmospheric Conditions,1,Clear,0,No,0000000,Not Applicable,99,Unknown,99,Unknown,16,4:00pm-4:59pm,19,19,99,Unknown,99,Unknown EMS Hospital Arrival Time,0,None,0,None,0,None,1,0
2014,1,10415,Alabama,1,1,0,1,1,1,1,39,COVINGTON (39),0,NOT APPLICABLE,23,7,July,2014,4,Wednesday,22,10:00pm-10:59pm,5,5,0,This section IS NOT on the NHS,,,,,,,3,State Highway,SR-55,,0,None,31.45650833,31.45650833,-86.635972220,-86.635972220,0,No Special Jurisdiction,8,Pedestrian,0,Not a Collision with Motor Vehicle In-Transport,0,No,1,Non-Junction,1,Not an Intersection,0,None,3,Rural-Minor Arterial,1,On Roadway,2,Dark - Not Lighted,1,Clear,0,No Additional Atmospheric Conditions,1,Clear,0,No,0000000,Not Applicable,99,Unknown,99,Unknown,22,10:00pm-10:59pm,19,19,88,"Not Applicable (Not Transported) ",88,Not Applicable (Not Transported),0,None,0,None,0,None,1,0
2014,1,10416,Alabama,1,1,0,0,0,1,1,13,BUTLER (13),0,NOT APPLICABLE,26,7,July,2014,7,Saturday,20,8:00pm-8:59pm,15,15,0,This section IS NOT on the NHS,,,,,,,3,State Highway,SR-10,,1115,1115,31.82378889,31.82378889,-86.811344440,-86.811344440,0,No Special Jurisdiction,1,Rollover/Overturn,0,Not a Collision with Motor Vehicle In-Transport,0,No,1,Non-Junction,1,Not an Intersection,0,None,3,Rural-Minor Arterial,4,On Roadside,2,Dark - Not Lighted,1,Clear,0,No Additional Atmospheric Conditions,1,Clear,0,No,0000000,Not Applicable,99,Unknown,99,Unknown,20,8:00pm-8:59pm,33,33,99,Unknown,99,Unknown EMS Hospital Arrival Time,0,None,0,None,0,None,1,1
2014,1,10417,Alabama,2,2,0,0,0,2,2,77,LAUDERDALE (77),1200,FLORENCE,29,7,July,2014,3,Tuesday,8,8:00am-8:59am,31,31,1,This section IS ON the NHS,,,,,,,3,State Highway,SR-2,BENETA DR,380,380,34.84263056,34.84263056,-87.589961110,-87.589961110,0,No Special Jurisdiction,12,"Motor Vehicle In-Transport ",6,"Angle ",0,No,8,Driveway Access Related,1,Not an Intersection,0,None,13,Urban-Other Principal Arterial,1,On Roadway,1,Daylight,1,Clear,0,No Additional Atmospheric Conditions,1,Clear,0,No,0000000,Not Applicable,99,Unknown,99,Unknown,8,8:00am-8:59am,37,37,99,Unknown,99,Unknown EMS Hospital Arrival Time,0,None,0,None,0,None,1,0
2014,1,10418,Alabama,1,1,0,1,1,1,1,51,ELMORE (51),0,NOT APPLICABLE,3,8,August,2014,1,Sunday,5,5:00am-5:59am,10,10,0,This section IS NOT on the NHS,,,,,,,4,County Road,CR-FITZPATRICK RD,,0,None,32.55388333,32.55388333,-86.304263890,-86.304263890,0,No Special Jurisdiction,8,Pedestrian,0,Not a Collision with Motor Vehicle In-Transport,0,No,1,Non-Junction,1,Not an Intersection,0,None,6,Rural-Local Road or Street,1,On Roadway,2,Dark - Not Lighted,1,Clear,0,No Additional Atmospheric Conditions,1,Clear,0,No,0000000,Not Applicable,88,Not Applicable (Not Notified),88,Not Applicable (Not Notified),88,"Not Applicable ",88,Not Applicable,88,"Not Applicable (Not Transported) ",88,Not Applicable (Not Transported),0,None,0,None,0,None,1,0
2014,1,10419,Alabama,1,1,0,0,0,1,1,13,BUTLER (13),1460,GREENVILLE,2,8,August,2014,7,Saturday,22,10:00pm-10:59pm,5,5,0,This section IS NOT on the NHS,,,,,,,6,Local Street - Municipality,SCHOOL HIGHLANDS ROAD,,0,None,31.81560278,31.81560278,-86.619472220,-86.619472220,0,No Special Jurisdiction,1,Rollover/Overturn,0,Not a Collision with Motor Vehicle In-Transport,0,No,1,Non-Junction,1,Not an Intersection,0,None,5,Rural-Minor Collector,4,On Roadside,2,Dark - Not Lighted,1,Clear,0,No Additional Atmospheric Conditions,1,Clear,0,No,0000000,Not Applicable,99,Unknown,99,Unknown,11,11:00am-11:59am,28,28,88,"Not Applicable (Not Transported) ",88,Not Applicable (Not Transported),0,None,0,None,0,None,1,0
2014,1,10420,Alabama,1,1,0,0,0,2,2,97,MOBILE (97),2100,MOBILE,10,8,August,2014,1,Sunday,13,1:00pm-1:59pm,0,0,1,This section IS ON the NHS,,,,,,,1,Interstate,I-10,,209,209,30.63109722,30.63109722,-88.108097220,-88.108097220,0,No Special Jurisdiction,34,Ditch,0,Not a Collision with Motor Vehicle In-Transport,0,No,1,Non-Junction,1,Not an Intersection,0,None,11,Urban-Principal Arterial-Interstate,4,On Roadside,1,Daylight,1,Clear,0,No Additional Atmospheric Conditions,1,Clear,0,No,0000000,Not Applicable,99,Unknown,99,Unknown,13,1:00pm-1:59pm,1,1,88,"Not Applicable (Not Transported) ",88,Not Applicable (Not Transported),0,None,0,None,0,None,2,1
2014,1,10421,Alabama,2,2,0,0,0,2,2,89,MADISON (89),1730,HUNTSVILLE,7,8,August,2014,5,Thursday,7,7:00am-7:59am,36,36,1,This section IS ON the NHS,,,,,,,1,Interstate,I-565,,120,120,34.69313333,34.69313333,-86.708650000,-86.708650000,0,No Special Jurisdiction,12,"Motor Vehicle In-Transport ",2,Front-to-Front,0,No,1,Non-Junction,1,Not an Intersection,0,None,11,Urban-Principal Arterial-Interstate,1,On Roadway,1,Daylight,1,Clear,0,No Additional Atmospheric Conditions,1,Clear,0,No,0000000,Not Applicable,99,Unknown,99,Unknown,7,7:00am-7:59am,43,43,99,Unknown,99,Unknown EMS Hospital Arrival Time,0,None,0,None,0,None,1,0
2014,1,10422,Alabama,2,2,0,0,0,2,2,101,MONTGOMERY (101),2130,MONTGOMERY,6,8,August,2014,4,Wednesday,13,1:00pm-1:59pm,23,23,1,This section IS ON the NHS,,,,,,,1,Interstate,I-85,,10,10,32.36766111,32.36766111,-86.309383330,-86.309383330,0,No Special Jurisdiction,12,"Motor Vehicle In-Transport ",6,"Angle ",1,Yes,5,Entrance/Exit Ramp Related,1,Not an Intersection,0,None,11,Urban-Principal Arterial-Interstate,1,On Roadway,1,Daylight,10,Cloudy,0,No Additional Atmospheric Conditions,10,Cloudy,0,No,0000000,Not Applicable,99,Unknown,99,Unknown,13,1:00pm-1:59pm,30,30,88,"Not Applicable (Not Transported) ",88,Not Applicable (Not Transported),0,None,0,None,0,None,1,1
2014,1,10424,Alabama,1,1,0,1,1,1,1,3,BALDWIN (3),240,BAY MINETTE,13,1,January,2014,2,Monday,19,7:00pm-7:59pm,13,13,0,This section IS NOT on the NHS,,,,,,,4,County Road,CR-DAPHNE ROAD,,0,None,30.87295833,30.87295833,-87.776450000,-87.776450000,0,No Special Jurisdiction,8,Pedestrian,0,Not a Collision with Motor Vehicle In-Transport,0,No,1,Non-Junction,1,Not an Intersection,0,None,4,Rural-Major Collector,1,On Roadway,3,Dark - Lighted,2,Rain,0,No Additional Atmospheric Conditions,2,Rain,0,No,0000000,Not Applicable,99,Unknown,99,Unknown,99,Unknown EMS Scene Arrival Hour,99,Unknown EMS Scene Arrival Minutes,99,Unknown,99,Unknown EMS Hospital Arrival Time,0,None,0,None,0,None,1,0
2014,1,10425,Alabama,2,2,0,0,0,6,6,127,WALKER (127),0,NOT APPLICABLE,25,7,July,2014,6,Friday,12,12:00pm-12:59pm,12,12,1,This section IS ON the NHS,,,,,,,4,County Road,CR-RIVER ROAD,HWY 78,0,None,33.80709167,33.80709167,-87.143419440,-87.143419440,0,No Special Jurisdiction,12,"Motor Vehicle In-Transport ",6,"Angle ",0,No,2,Intersection,2,Four-Way Intersection,0,None,2,Rural-Principal Arterial-Other,1,On Roadway,1,Daylight,1,Clear,0,No Additional Atmospheric Conditions,1,Clear,0,No,0000000,Not Applicable,99,Unknown,99,Unknown,12,12:00pm-12:59pm,27,27,99,Unknown,99,Unknown EMS Hospital Arrival Time,0,None,0,None,0,None,1,0
2014,1,10426,Alabama,2,2,0,0,0,2,2,107,PICKENS (107),0,NOT APPLICABLE,1,8,August,2014,6,Friday,8,8:00am-8:59am,20,20,1,This section IS ON the NHS,,,,,,,2,U.S. Highway,US-SR 6,LOOP ROAD,149,149,33.39793611,33.39793611,-88.060152780,-88.060152780,0,No Special Jurisdiction,12,"Motor Vehicle In-Transport ",6,"Angle ",0,No,3,"Intersection-Related ",3,T-Intersection,0,None,2,Rural-Principal Arterial-Other,1,On Roadway,1,Daylight,10,Cloudy,0,No Additional Atmospheric Conditions,10,Cloudy,0,No,0000000,Not Applicable,99,Unknown,99,Unknown,8,8:00am-8:59am,34,34,99,Unknown,99,Unknown EMS Hospital Arrival Time,0,None,0,None,0,None,1,0
2014,1,10427,Alabama,1,1,0,0,0,2,2,107,PICKENS (107),0,NOT APPLICABLE,1,8,August,2014,6,Friday,22,10:00pm-10:59pm,45,45,0,This section IS NOT on the NHS,,,,,,,4,County Road,CR-FLATWOODS ROAD,,0,None,33.26003333,33.26003333,-87.872916670,-87.872916670,0,No Special Jurisdiction,30,Utility Pole/Light Support,0,Not a Collision with Motor Vehicle In-Transport,0,No,1,Non-Junction,1,Not an Intersection,0,None,6,Rural-Local Road or Street,4,On Roadside,2,Dark - Not Lighted,1,Clear,0,No Additional Atmospheric Conditions,1,Clear,0,No,0000000,Not Applicable,88,Not Applicable (Not Notified),88,Not Applicable (Not Notified),88,"Not Applicable ",88,Not Applicable,88,"Not Applicable (Not Transported) ",88,Not Applicable (Not Transported),0,None,0,None,0,None,1,1