caseyear,state,st_case,statename,ve_total,ve_forms,pvh_invl,peds,pernotmvit,permvit,persons,county,countyname,city,cityname,day,month,monthname,year,day_week,day_weekname,hour,hourname,minute,minutename,nhs,nhsname,rur_urb,rur_urbname,func_sys,func_sysname,rd_owner,rd_ownername,route,routename,tway_id,tway_id2,milept,mileptname,latitude,latitudename,longitud,longitudname,sp_jur,sp_jurname,harm_ev,harm_evname,man_coll,man_collname,reljct1,reljct1name,reljct2,reljct2name,typ_int,typ_intname,wrk_zone,wrk_zonename,road_fnc,road_fncname,rel_road,rel_roadname,lgt_cond,lgt_condname,weather1,weather1name,weather2,weather2name,weather,weathername,sch_bus,sch_busname,rail,railname,not_hour,not_hourname,not_min,not_minname,arr_hour,arr_hourname,arr_min,arr_minname,hosp_hr,hosp_hrname,hosp_mn,hosp_mnname,cf1,cf1name,cf2,cf2name,cf3,cf3name,fatals,drunk_dr
2014,1,10428,Alabama,1,1,0,1,1,1,1,71,JACKSON (71),0,NOT APPLICABLE,2,8,August,2014,7,Saturday,14,2:00pm-2:59pm,30,30,1,This section IS ON the NHS,,,,,,,2,U.S. Highway,US-SR 2,PARNELL LANE,1248,1248,34.61418056,34.61418056,-86.235902780,-86.235902780,0,No Special Jurisdiction,9,Pedalcyclist,0,Not a Collision with Motor Vehicle In-Transport,0,No,2,Intersection,2,Four-Way Intersection,0,None,2,Rural-Principal Arterial-Other,1,On Roadway,1,Daylight,1,Clear,0,No Additional Atmospheric Conditions,1,Clear,0,No,0000000,Not Applicable,99,Unknown,99,Unknown,14,2:00pm-2:59pm,45,45,88,"Not Applicable (Not Transported) ",88,Not Applicable (Not Transported),0,None,0,None,0,None,1,0
2014,1,10429,Alabama,1,1,0,0,0,2,2,99,MONROE (99),0,NOT APPLICABLE,26,7,July,2014,7,Saturday,22,10:00pm-10:59pm,30,30,0,This section IS NOT on the NHS,,,,,,,4,County Road,CR-LOCK AND DAM ROAD,,0,None,31.61530000,31.61530000,-87.544900000,-87.544900000,0,No Special Jurisdiction,1,Rollover/Overturn,0,Not a Collision with Motor Vehicle In-Transport,0,No,1,Non-Junction,1,Not an Intersection,0,None,6,Rural-Local Road or Street,4,On Roadside,2,Dark - Not Lighted,1,Clear,0,No Additional Atmospheric Conditions,1,Clear,0,No,0000000,Not Applicable,99,Unknown,99,Unknown,23,11:00pm-11:59pm,15,15,99,Unknown,99,Unknown EMS Hospital Arrival Time,0,None,0,None,0,None,1,1
2014,1,10430,Alabama,1,1,0,0,0,1,1,83,LIMESTONE (83),0,NOT APPLICABLE,5,8,August,2014,3,Tuesday,17,5:00pm-5:59pm,35,35,0,This section IS NOT on the NHS,,,,,,,3,State Highway,SR-127,,29,29,34.86138333,34.86138333,-86.973958330,-86.973958330,0,No Special Jurisdiction,42,Tree (Standing Only),0,Not a Collision with Motor Vehicle In-Transport,0,No,1,Non-Junction,1,Not an Intersection,0,None,4,Rural-Major Collector,4,On Roadside,1,Daylight,1,Clear,0,No Additional Atmospheric Conditions,1,Clear,0,No,0000000,Not Applicable,99,Unknown,99,Unknown,17,5:00pm-5:59pm,50,50,88,"Not Applicable (Not Transported) ",88,Not Applicable (Not Transported),0,None,0,None,0,None,1,1
2014,1,10431,Alabama,1,1,0,0,0,1,1,115,ST. CLAIR (115),0,NOT APPLICABLE,6,8,August,2014,4,Wednesday,1,1:00am-1:59am,35,35,0,This section IS NOT on the NHS,,,,,,,4,County Road,CR-COOK SPRINGS ROAD,,0,None,33.62547778,33.62547778,-86.364277780,-86.364277780,0,No Special Jurisdiction,42,Tree (Standing Only),0,Not a Collision with Motor Vehicle In-Transport,0,No,1,Non-Junction,1,Not an Intersection,0,None,4,Rural-Major Collector,4,On Roadside,2,Dark - Not Lighted,1,Clear,0,No Additional Atmospheric Conditions,1,Clear,0,No,0000000,Not Applicable,99,Unknown,99,Unknown,1,1:00am-1:59am,55,55,99,Unknown,99,Unknown EMS Hospital Arrival Time,0,None,0,None,0,None,1,0
2014,1,10432,Alabama,1,1,0,0,0,2,2,97,MOBILE (97),2550,PRICHARD,12,8,August,2014,3,Tuesday,17,5:00pm-5:59pm,58,58,1,This section IS ON the NHS,,,,,,,1,Interstate,I-165,1-65,0,None,30.75265556,30.75265556,-88.094955560,-88.094955560,0,No Special Jurisdiction,25,Concrete Traffic Barrier,0,Not a Collision with Motor Vehicle In-Transport,1,Yes,19,Other location within Interchange Area,1,Not an Intersection,0,None,11,Urban-Principal Arterial-Interstate,4,On Roadside,1,Daylight,10,Cloudy,0,No Additional Atmospheric Conditions,10,Cloudy,0,No,0000000,Not Applicable,99,Unknown,99,Unknown,18,6:00pm-6:59pm,4,4,88,"Not Applicable (Not Transported) ",88,Not Applicable (Not Transported),0,None,0,None,0,None,2,0
2014,1,10433,Alabama,1,1,0,1,1,1,1,69,HOUSTON (69),140,ASHFORD,15,7,July,2014,3,Tuesday,16,4:00pm-4:59pm,23,23,1,This section IS ON the NHS,,,,,,,2,U.S. Highway,US-SR 12,,2190,2190,31.17978611,31.17978611,-85.248741670,-85.248741670,0,No Special Jurisdiction,8,Pedestrian,0,Not a Collision with Motor Vehicle In-Transport,0,No,1,Non-Junction,1,Not an Intersection,0,None,2,Rural-Principal Arterial-Other,1,On Roadway,1,Daylight,10,Cloudy,0,No Additional Atmospheric Conditions,10,Cloudy,0,No,0000000,Not Applicable,99,Unknown,99,Unknown,16,4:00pm-4:59pm,29,29,88,"Not Applicable (Not Transported) ",88,Not Applicable (Not Transported),0,None,0,None,0,None,1,0
2014,1,10434,Alabama,1,1,0,1,1,1,1,97,MOBILE (97),2100,MOBILE,28,7,July,2014,2,Monday,9,9:00am-9:59am,40,40,0,This section IS NOT on the NHS,,,,,,,6,Local Street - Municipality,OLD SHELL ROAD,,0,None,30.69014722,30.69014722,-88.184283330,-88.184283330,0,No Special Jurisdiction,8,Pedestrian,0,Not a Collision with Motor Vehicle In-Transport,0,No,1,Non-Junction,1,Not an Intersection,0,None,14,Urban-Minor Arterial,2,On Shoulder,1,Daylight,1,Clear,0,No Additional Atmospheric Conditions,1,Clear,0,No,0000000,Not Applicable,99,Unknown,99,Unknown,9,9:00am-9:59am,44,44,99,Unknown,99,Unknown EMS Hospital Arrival Time,0,None,0,None,0,None,1,0
2014,1,10435,Alabama,1,1,0,0,0,1,1,101,MONTGOMERY (101),2130,MONTGOMERY,4,8,August,2014,2,Monday,4,4:00am-4:59am,25,25,1,This section IS ON the NHS,,,,,,,3,State Highway,SR-31,,0,None,32.36568056,32.36568056,-86.371700000,-86.371700000,0,No Special Jurisdiction,32,Culvert,0,Not a Collision with Motor Vehicle In-Transport,0,No,1,Non-Junction,1,Not an Intersection,0,None,13,Urban-Other Principal Arterial,3,On Median,3,Dark - Lighted,10,Cloudy,0,No Additional Atmospheric Conditions,10,Cloudy,0,No,0000000,Not Applicable,99,Unknown,99,Unknown,4,4:00am-4:59am,34,34,88,"Not Applicable (Not Transported) ",88,Not Applicable (Not Transported),0,None,0,None,0,None,1,1
2014,1,10436,Alabama,2,2,0,0,0,2,2,9,BLOUNT (9),0,NOT APPLICABLE,8,8,August,2014,6,Friday,12,12:00pm-12:59pm,55,55,0,This section IS NOT on the NHS,,,,,,,3,State Highway,SR-75,CR-26,366,366,34.03742222,34.03742222,-86.450038890,-86.450038890,0,No Special Jurisdiction,12,"Motor Vehicle In-Transport ",6,"Angle ",0,No,2,Intersection,3,T-Intersection,0,None,3,Rural-Minor Arterial,1,On Roadway,1,Daylight,10,Cloudy,0,No Additional Atmospheric Conditions,10,Cloudy,0,No,0000000,Not Applicable,99,Unknown,99,Unknown,13,1:00pm-1:59pm,8,8,99,Unknown,99,Unknown EMS Hospital Arrival Time,0,None,0,None,0,None,1,0
2014,1,10437,Alabama,1,1,0,0,0,3,3,127,WALKER (127),0,NOT APPLICABLE,9,8,August,2014,7,Saturday,19,7:00pm-7:59pm,55,55,0,This section IS NOT on the NHS,,,,,,,4,County Road,CR-COUNTY LINE ROAD,,0,None,33.79487778,33.79487778,-86.979869440,-86.979869440,0,No Special Jurisdiction,41,Shrubbery,0,Not a Collision with Motor Vehicle In-Transport,0,No,1,Non-Junction,1,Not an Intersection,0,None,5,Rural-Minor Collector,5,Outside Trafficway,2,Dark - Not Lighted,10,Cloudy,0,No Additional Atmospheric Conditions,10,Cloudy,0,No,0000000,Not Applicable,99,Unknown,99,Unknown,20,8:00pm-8:59pm,20,20,99,Unknown,99,Unknown EMS Hospital Arrival Time,0,None,0,None,0,None,1,1
2014,1,10438,Alabama,1,1,0,0,0,4,4,123,TALLAPOOSA (123),0,NOT APPLICABLE,10,8,August,2014,1,Sunday,20,8:00pm-8:59pm,47,47,0,This section IS NOT on the NHS,,,,,,,3,State Highway,SR-50,,210,210,32.77306667,32.77306667,-85.674247220,-85.674247220,0,No Special Jurisdiction,42,Tree (Standing Only),0,Not a Collision with Motor Vehicle In-Transport,0,No,1,Non-Junction,1,Not an Intersection,0,None,4,Rural-Major Collector,4,On Roadside,2,Dark - Not Lighted,1,Clear,0,No Additional Atmospheric Conditions,1,Clear,0,No,0000000,Not Applicable,99,Unknown,99,Unknown,21,9:00pm-9:59pm,11,11,99,Unknown,99,Unknown EMS Hospital Arrival Time,0,None,0,None,0,None,1,0
2014,1,10439,Alabama,2,2,0,0,0,2,2,73,JEFFERSON (73),2170,MOUNTAIN BROOK,11,8,August,2014,2,Monday,10,10:00am-10:59am,2,2,1,This section IS ON the NHS,,,,,,,2,U.S. Highway,US-SR 38,ROCKY RIDGE,25,25,33.46234167,33.46234167,-86.756936110,-86.756936110,0,No Special Jurisdiction,12,"Motor Vehicle In-Transport ",6,"Angle ",0,No,2,Intersection,3,T-Intersection,0,None,13,Urban-Other Principal Arterial,1,On Roadway,1,Daylight,1,Clear,0,No Additional Atmospheric Conditions,1,Clear,0,No,0000000,Not Applicable,99,Unknown,99,Unknown,10,10:00am-10:59am,9,9,99,Unknown,99,Unknown EMS Hospital Arrival Time,19,Recent/Previous Crash scene Nearby,0,None,0,None,1,0
2014,1,10440,Alabama,1,1,0,0,0,1,1,119,SUMTER (119),0,NOT APPLICABLE,15,8,August,2014,6,Friday,12,12:00pm-12:59pm,55,55,0,This section IS NOT on the NHS,,,,,,,3,State Highway,SR-17,,1693,1693,32.90641389,32.90641389,-88.298783330,-88.298783330,0,No Special Jurisdiction,34,Ditch,0,Not a Collision with Motor Vehicle In-Transport,0,No,1,Non-Junction,1,Not an Intersection,0,None,3,Rural-Minor Arterial,4,On Roadside,1,Daylight,1,Clear,0,No Additional Atmospheric Conditions,1,Clear,0,No,0000000,Not Applicable,99,Unknown,99,Unknown,13,1:00pm-1:59pm,30,30,99,Unknown,99,Unknown EMS Hospital Arrival Time,0,None,0,None,0,None,1,1
2014,1,10441,Alabama,2,2,0,0,0,3,3,89,MADISON (89),0,NOT APPLICABLE,9,8,August,2014,7,Saturday,10,10:00am-10:59am,35,35,1,This section IS ON the NHS,,,,,,,2,U.S. Highway,US-SR 1,,3499,3499,34.94093056,34.94093056,-86.571800000,-86.571800000,0,No Special Jurisdiction,12,"Motor Vehicle In-Transport ",6,"Angle ",0,No,8,Driveway Access Related,1,Not an Intersection,0,None,2,Rural-Principal Arterial-Other,1,On Roadway,1,Daylight,10,Cloudy,0,No Additional Atmospheric Conditions,10,Cloudy,0,No,0000000,Not Applicable,99,Unknown,99,Unknown,10,10:00am-10:59am,50,50,99,Unknown,99,Unknown EMS Hospital Arrival Time,0,None,0,None,0,None,2,0
2014,1,10442,Alabama,2,2,0,0,0,2,2,43,CULLMAN (43),9997,Other,3,8,August,2014,1,Sunday,17,5:00pm-5:59pm,0,0,1,This section IS ON the NHS,,,,,,,3,State Highway,SR-157,CR-1242,110,110,34.24329722,34.24329722,-86.958241670,-86.958241670,0,No Special Jurisdiction,12,"Motor Vehicle In-Transport ",1,"Front-to-Rear ",0,No,3,"Intersection-Related ",2,Four-Way Intersection,0,None,2,Rural-Principal Arterial-Other,1,On Roadway,1,Daylight,10,Cloudy,0,No Additional Atmospheric Conditions,10,Cloudy,0,No,0000000,Not Applicable,99,Unknown,99,Unknown,17,5:00pm-5:59pm,9,9,99,Unknown,99,Unknown EMS Hospital Arrival Time,0,None,0,None,0,None,1,0
2014,1,10443,Alabama,1,1,0,0,0,6,6,3,BALDWIN (3),0,NOT APPLICABLE,5,8,August,2014,3,Tuesday,19,7:00pm-7:59pm,5,5,1,This section IS ON the NHS,,,,,,,1,Interstate,I-65,,261,261,30.92125833,30.92125833,-87.951011110,-87.951011110,0,No Special Jurisdiction,1,Rollover/Overturn,0,Not a Collision with Motor Vehicle In-Transport,0,No,1,Non-Junction,1,Not an Intersection,0,None,1,Rural-Principal Arterial-Interstate,1,On Roadway,1,Daylight,1,Clear,0,No Additional Atmospheric Conditions,1,Clear,0,No,0000000,Not Applicable,99,Unknown,99,Unknown,19,7:00pm-7:59pm,17,17,99,Unknown,99,Unknown EMS Hospital Arrival Time,0,None,0,None,0,None,1,0
2014,1,10444,Alabama,3,3,0,0,0,4,4,83,LIMESTONE (83),0,NOT APPLICABLE,13,8,August,2014,4,Wednesday,18,6:00pm-6:59pm,25,25,0,This section IS NOT on the NHS,,,,,,,3,State Highway,SR-251,MCKEE ROAD,95,95,34.88974167,34.88974167,-86.825372220,-86.825372220,0,No Special Jurisdiction,12,"Motor Vehicle In-Transport ",6,"Angle ",0,No,2,Intersection,3,T-Intersection,0,None,4,Rural-Major Collector,1,On Roadway,1,Daylight,1,Clear,0,No Additional Atmospheric Conditions,1,Clear,0,No,0000000,Not Applicable,88,Not Applicable (Not Notified),88,Not Applicable (Not Notified),88,"Not Applicable ",88,Not Applicable,88,"Not Applicable (Not Transported) ",88,Not Applicable (Not Transported),0,None,0,None,0,None,1,0
2014,1,10445,Alabama,1,1,0,1,1,1,1,73,JEFFERSON (73),350,BIRMINGHAM,12,8,August,2014,3,Tuesday,23,11:00pm-11:59pm,51,51,1,This section IS ON the NHS,,,,,,,6,Local Street - Municipality,PARKWAY EAST,CROW DR,0,None,33.59728056,33.59728056,-86.693741670,-86.693741670,0,No Special Jurisdiction,8,Pedestrian,0,Not a Collision with Motor Vehicle In-Transport,0,No,3,"Intersection-Related ",2,Four-Way Intersection,0,None,13,Urban-Other Principal Arterial,4,On Roadside,2,Dark - Not Lighted,10,Cloudy,0,No Additional Atmospheric Conditions,10,Cloudy,0,No,0000000,Not Applicable,99,Unknown,99,Unknown,0,0:00am-0:59am,1,1,88,"Not Applicable (Not Transported) ",88,Not Applicable (Not Transported),0,None,0,None,0,None,1,0
2014,1,10446,Alabama,2,2,0,0,0,2,2,121,TALLADEGA (121),3163,WALDO,19,8,August,2014,3,Tuesday,17,5:00pm-5:59pm,30,30,0,This section IS NOT on the NHS,,,,,,,3,State Highway,SR-77,STOCKDALE ROAD,590,590,33.39322778,33.39322778,-86.037441670,-86.037441670,0,No Special Jurisdiction,12,"Motor Vehicle In-Transport ",6,"Angle ",0,No,2,Intersection,2,Four-Way Intersection,0,None,3,Rural-Minor Arterial,1,On Roadway,1,Daylight,1,Clear,0,No Additional Atmospheric Conditions,1,Clear,0,No,0000000,Not Applicable,99,Unknown,99,Unknown,17,5:00pm-5:59pm,41,41,99,Unknown,99,Unknown EMS Hospital Arrival Time,0,None,0,None,0,None,1,0
2014,1,10447,Alabama,1,1,0,0,0,1,1,53,ESCAMBIA (53),0,NOT APPLICABLE,14,8,August,2014,5,Thursday,10,10:00am-10:59am,30,30,0,This section IS NOT on the NHS,,,,,,,4,County Road,CR-3 MILE ROAD,,0,None,31.12830000,31.12830000,-87.602088890,-87.602088890,0,No Special Jurisdiction,42,Tree (Standing Only),0,Not a Collision with Motor Vehicle In-Transport,0,No,1,Non-Junction,1,Not an Intersection,0,None,6,Rural-Local Road or Street,4,On Roadside,1,Daylight,1,Clear,0,No Additional Atmospheric Conditions,1,Clear,0,No,0000000,Not Applicable,99,Unknown,99,Unknown,10,10:00am-10:59am,55,55,88,"Not Applicable (Not Transported) ",88,Not Applicable (Not Transported),0,None,0,None,0,None,1,0
2014,1,10448,Alabama,2,2,0,0,0,3,3,117,SHELBY (117),0,NOT APPLICABLE,16,8,August,2014,7,Saturday,16,4:00pm-4:59pm,30,30,1,This section IS ON the NHS,,,,,,,2,U.S. Highway,US-SR 38,CR-55,190,190,33.35132500,33.35132500,-86.532138890,-86.532138890,0,No Special Jurisdiction,12,"Motor Vehicle In-Transport ",6,"Angle ",0,No,2,Intersection,3,T-Intersection,0,None,2,Rural-Principal Arterial-Other,1,On Roadway,1,Daylight,1,Clear,0,No Additional Atmospheric Conditions,1,Clear,0,No,0000000,Not Applicable,99,Unknown,99,Unknown,16,4:00pm-4:59pm,45,45,99,Unknown,99,Unknown EMS Hospital Arrival Time,0,None,0,None,0,None,1,0
2014,1,10449,Alabama,2,2,0,0,0,3,3,79,LAWRENCE (79),2150,MOULTON,16,8,August,2014,7,Saturday,10,10:00am-10:59am,28,28,0,This section IS NOT on the NHS,,,,,,,3,State Highway,SR-33,COLLEGE ST,0,None,34.47615278,34.47615278,-87.292541670,-87.292541670,0,No Special Jurisdiction,12,"Motor Vehicle In-Transport ",2,Front-to-Front,0,No,1,Non-Junction,1,Not an Intersection,0,None,4,Rural-Major Collector,1,On Roadway,1,Daylight,1,Clear,0,No Additional Atmospheric Conditions,1,Clear,0,No,0000000,Not Applicable,99,Unknown,99,Unknown,10,10:00am-10:59am,34,34,99,Unknown,99,Unknown EMS Hospital Arrival Time,0,None,0,None,0,None,1,0
2014,1,10450,Alabama,2,2,0,0,0,3,3,127,WALKER (127),0,NOT APPLICABLE,18,8,August,2014,2,Monday,21,9:00pm-9:59pm,15,15,0,This section IS NOT on the NHS,,,,,,,3,State Highway,SR-69,,2124,2124,33.87647222,33.87647222,-87.161575000,-87.161575000,0,No Special Jurisdiction,12,"Motor Vehicle In-Transport ",2,Front-to-Front,0,No,1,Non-Junction,1,Not an Intersection,0,None,3,Rural-Minor Arterial,1,On Roadway,2,Dark - Not Lighted,10,Cloudy,0,No Additional Atmospheric Conditions,10,Cloudy,0,No,0000000,Not Applicable,99,Unknown,99,Unknown,21,9:00pm-9:59pm,27,27,99,Unknown,99,Unknown EMS Hospital Arrival Time,0,None,0,None,0,None,2,1
2014,1,10451,Alabama,1,1,0,0,0,1,1,95,MARSHALL (95),0,NOT APPLICABLE,20,8,August,2014,4,Wednesday,2,2:00am-2:59am,25,25,0,This section IS NOT on the NHS,,,,,,,4,County Road,CR-HIGHPOINT ROAD,,0,None,34.23872500,34.23872500,-86.288172220,-86.288172220,0,No Special Jurisdiction,34,Ditch,0,Not a Collision with Motor Vehicle In-Transport,0,No,1,Non-Junction,1,Not an Intersection,0,None,4,Rural-Major Collector,4,On Roadside,2,Dark - Not Lighted,1,Clear,0,No Additional Atmospheric Conditions,1,Clear,0,No,0000000,Not Applicable,88,Not Applicable (Not Notified),88,Not Applicable (Not Notified),88,"Not Applicable ",88,Not Applicable,88,"Not Applicable (Not Transported) ",88,Not Applicable (Not Transported),0,None,0,None,0,None,1,0
2014,1,10452,Alabama,1,1,0,1,1,1,1,101,MONTGOMERY (101),2130,MONTGOMERY,20,8,August,2014,4,Wednesday,5,5:00am-5:59am,50,50,0,This section IS NOT on the NHS,,,,,,,6,Local Street - Municipality,NARROW LANE ROAD,,0,None,32.30383333,32.30383333,-86.277183330,-86.277183330,0,No Special Jurisdiction,9,Pedalcyclist,0,Not a Collision with Motor Vehicle In-Transport,0,No,1,Non-Junction,1,Not an Intersection,0,None,4,Rural-Major Collector,1,On Roadway,4,Dawn,1,Clear,0,No Additional Atmospheric Conditions,1,Clear,0,No,0000000,Not Applicable,99,Unknown,99,Unknown,6,6:00am-6:59am,2,2,88,"Not Applicable (Not Transported) ",88,Not Applicable (Not Transported),0,None,0,None,0,None,1,0
2014,1,10453,Alabama,1,1,0,0,0,1,1,79,LAWRENCE (79),0,NOT APPLICABLE,21,8,August,2014,5,Thursday,19,7:00pm-7:59pm,30,30,0,This section IS NOT on the NHS,,,,,,,4,County Road,CR-270,,0,None,34.75770000,34.75770000,-87.396180560,-87.396180560,0,No Special Jurisdiction,42,Tree (Standing Only),0,Not a Collision with Motor Vehicle In-Transport,0,No,1,Non-Junction,1,Not an Intersection,0,None,4,Rural-Major Collector,4,On Roadside,5,Dusk,1,Clear,0,No Additional Atmospheric Conditions,1,Clear,0,No,0000000,Not Applicable,99,Unknown,99,Unknown,99,Unknown EMS Scene Arrival Hour,99,Unknown EMS Scene Arrival Minutes,99,Unknown,99,Unknown EMS Hospital Arrival Time,0,None,0,None,0,None,1,1
2014,1,10454,Alabama,2,2,0,0,0,5,5,73,JEFFERSON (73),3125,VESTAVIA HILLS,22,8,August,2014,6,Friday,22,10:00pm-10:59pm,48,48,0,This section IS NOT on the NHS,,,,,,,4,County Road,CR-ALTADENA RD,SETTLERS LANE,0,None,33.42800556,33.42800556,-86.753586110,-86.753586110,0,No Special Jurisdiction,12,"Motor Vehicle In-Transport ",6,"Angle ",0,No,2,Intersection,3,T-Intersection,0,None,15,Urban-Collector,1,On Roadway,2,Dark - Not Lighted,1,Clear,0,No Additional Atmospheric Conditions,1,Clear,0,No,0000000,Not Applicable,99,Unknown,99,Unknown,22,10:00pm-10:59pm,56,56,88,"Not Applicable (Not Transported) ",88,Not Applicable (Not Transported),0,None,0,None,0,None,1,0
2014,1,10455,Alabama,1,1,0,1,1,2,2,53,ESCAMBIA (53),0,NOT APPLICABLE,14,8,August,2014,5,Thursday,22,10:00pm-10:59pm,45,45,1,This section IS ON the NHS,,,,,,,1,Interstate,I-65,,647,647,31.16259722,31.16259722,-87.368997220,-87.368997220,0,No Special Jurisdiction,8,Pedestrian,0,Not a Collision with Motor Vehicle In-Transport,0,No,1,Non-Junction,1,Not an Intersection,0,None,11,Urban-Principal Arterial-Interstate,4,On Roadside,1,Daylight,1,Clear,0,No Additional Atmospheric Conditions,1,Clear,0,No,0000000,Not Applicable,15,3:00pm-3:59pm,15,15,15,3:00pm-3:59pm,30,30,88,"Not Applicable (Not Transported) ",88,Not Applicable (Not Transported),18,Date of Crash and Date of EMS Notification were not the same day,0,None,0,None,1,0
2014,1,10456,Alabama,2,2,0,0,0,2,2,73,JEFFERSON (73),0,NOT APPLICABLE,15,8,August,2014,6,Friday,4,4:00am-4:59am,12,12,1,This section IS ON the NHS,,,,,,,1,Interstate,I-65,US 31,2802,2802,33.78179722,33.78179722,-86.825727780,-86.825727780,0,No Special Jurisdiction,12,"Motor Vehicle In-Transport ",1,"Front-to-Rear ",1,Yes,18,Through Roadway,1,Not an Intersection,0,None,11,Urban-Principal Arterial-Interstate,1,On Roadway,3,Dark - Lighted,1,Clear,0,No Additional Atmospheric Conditions,1,Clear,0,No,0000000,Not Applicable,99,Unknown,99,Unknown,4,4:00am-4:59am,23,23,99,Unknown,99,Unknown EMS Hospital Arrival Time,0,None,0,None,0,None,1,0
2014,1,10457,Alabama,2,2,0,0,0,3,3,97,MOBILE (97),2713,SARALAND,6,8,August,2014,4,Wednesday,9,9:00am-9:59am,8,8,1,This section IS ON the NHS,,,,,,,1,Interstate,I-65,,145,145,30.82360278,30.82360278,-88.093836110,-88.093836110,0,No Special Jurisdiction,12,"Motor Vehicle In-Transport ",1,"Front-to-Rear ",0,No,1,Non-Junction,1,Not an Intersection,4,"Work Zone, Type Unknown",11,Urban-Principal Arterial-Interstate,1,On Roadway,1,Daylight,10,Cloudy,0,No Additional Atmospheric Conditions,10,Cloudy,0,No,0000000,Not Applicable,99,Unknown,99,Unknown,9,9:00am-9:59am,16,16,99,Unknown,99,Unknown EMS Hospital Arrival Time,0,None,0,None,0,None,1,0
2014,1,10458,Alabama,1,1,0,0,0,2,2,115,ST. CLAIR (115),0,NOT APPLICABLE,16,8,August,2014,7,Saturday,9,9:00am-9:59am,45,45,0,This section IS NOT on the NHS,,,,,,,4,County Road,CR-ROBERTS MILL POND ROAD,,0,None,33.58709444,33.58709444,-86.336186110,-86.336186110,0,No Special Jurisdiction,1,Rollover/Overturn,0,Not a Collision with Motor Vehicle In-Transport,0,No,1,Non-Junction,1,Not an Intersection,0,None,6,Rural-Local Road or Street,4,On Roadside,1,Daylight,1,Clear,0,No Additional Atmospheric Conditions,1,Clear,0,No,0000000,Not Applicable,99,Unknown,99,Unknown,10,10:00am-10:59am,15,15,99,Unknown,99,Unknown EMS Hospital Arrival Time,0,None,0,None,0,None,1,0
2014,1,10459,Alabama,2,2,0,0,0,3,3,117,SHELBY (117),0,NOT APPLICABLE,18,8,August,2014,2,Monday,11,11:00am-11:59am,45,45,0,This section IS NOT on the NHS,,,,,,,4,County Road,CR-57,,0,None,33.43948889,33.43948889,-86.415041670,-86.415041670,0,No Special Jurisdiction,12,"Motor Vehicle In-Transport ",2,Front-to-Front,0,No,1,Non-Junction,1,Not an Intersection,0,None,5,Rural-Minor Collector,1,On Roadway,1,Daylight,10,Cloudy,0,No Additional Atmospheric Conditions,10,Cloudy,0,No,0000000,Not Applicable,99,Unknown,99,Unknown,11,11:00am-11:59am,58,58,99,Unknown,99,Unknown EMS Hospital Arrival Time,0,None,0,None,0,None,1,0
2014,1,10460,Alabama,1,1,0,0,0,1,1,49,DEKALB (49),0,NOT APPLICABLE,23,8,August,2014,7,Saturday,17,5:00pm-5:59pm,0,0,0,This section IS NOT on the NHS,,,,,,,4,County Road,CR-485,,0,None,34.51937778,34.51937778,-85.737744440,-85.737744440,0,No Special Jurisdiction,34,Ditch,0,Not a Collision with Motor Vehicle In-Transport,0,No,1,Non-Junction,1,Not an Intersection,0,None,6,Rural-Local Road or Street,4,On Roadside,1,Daylight,1,Clear,0,No Additional Atmospheric Conditions,1,Clear,0,No,0000000,Not Applicable,88,Not Applicable (Not Notified),88,Not Applicable (Not Notified),88,"Not Applicable ",88,Not Applicable,88,"Not Applicable (Not Transported) ",88,Not Applicable (Not Transported),0,None,0,None,0,None,1,1
2014,1,10461,Alabama,1,1,0,1,1,1,1,103,MORGAN (103),1590,HARTSELLE,2,8,August,2014,7,Saturday,23,11:00pm-11:59pm,10,10,1,This section IS ON the NHS,,,,,,,1,Interstate,I-65,,3250,3250,34.41388611,34.41388611,-86.898333330,-86.898333330,0,No Special Jurisdiction,8,Pedestrian,0,Not a Collision with Motor Vehicle In-Transport,0,No,1,Non-Junction,1,Not an Intersection,0,None,1,Rural-Principal Arterial-Interstate,1,On Roadway,2,Dark - Not Lighted,10,Cloudy,0,No Additional Atmospheric Conditions,10,Cloudy,0,No,0000000,Not Applicable,99,Unknown,99,Unknown,23,11:00pm-11:59pm,21,21,88,"Not Applicable (Not Transported) ",88,Not Applicable (Not Transported),0,None,0,None,0,None,1,0
2014,1,10462,Alabama,2,2,0,0,0,2,2,73,JEFFERSON (73),1717,HUEYTOWN,9,7,July,2014,4,Wednesday,7,7:00am-7:59am,42,42,0,This section IS NOT on the NHS,,,,,,,4,County Road,CR-ALLISON BONNETT MEMORIAL DR,,0,None,33.45312222,33.45312222,-86.969655560,-86.969655560,0,No Special Jurisdiction,12,"Motor Vehicle In-Transport ",2,Front-to-Front,0,No,1,Non-Junction,1,Not an Intersection,0,None,14,Urban-Minor Arterial,1,On Roadway,1,Daylight,1,Clear,0,No Additional Atmospheric Conditions,1,Clear,0,No,0000000,Not Applicable,99,Unknown,99,Unknown,7,7:00am-7:59am,47,47,99,Unknown,99,Unknown EMS Hospital Arrival Time,0,None,0,None,0,None,1,0
2014,1,10463,Alabama,2,2,0,0,0,3,3,1,AUTAUGA (1),0,NOT APPLICABLE,18,8,August,2014,2,Monday,15,3:00pm-3:59pm,50,50,0,This section IS NOT on the NHS,,,,,,,4,County Road,CR-19,CR-24,0,None,32.68578333,32.68578333,-86.647233330,-86.647233330,0,No Special Jurisdiction,12,"Motor Vehicle In-Transport ",6,"Angle ",0,No,2,Intersection,2,Four-Way Intersection,0,None,4,Rural-Major Collector,1,On Roadway,1,Daylight,10,Cloudy,0,No Additional Atmospheric Conditions,10,Cloudy,0,No,0000000,Not Applicable,99,Unknown,99,Unknown,16,4:00pm-4:59pm,45,45,99,Unknown,99,Unknown EMS Hospital Arrival Time,0,None,0,None,0,None,1,0