caseyear,state,st_case,statename,ve_total,ve_forms,pvh_invl,peds,pernotmvit,permvit,persons,county,countyname,city,cityname,day,month,monthname,year,day_week,day_weekname,hour,hourname,minute,minutename,nhs,nhsname,rur_urb,rur_urbname,func_sys,func_sysname,rd_owner,rd_ownername,route,routename,tway_id,tway_id2,milept,mileptname,latitude,latitudename,longitud,longitudname,sp_jur,sp_jurname,harm_ev,harm_evname,man_coll,man_collname,reljct1,reljct1name,reljct2,reljct2name,typ_int,typ_intname,wrk_zone,wrk_zonename,road_fnc,road_fncname,rel_road,rel_roadname,lgt_cond,lgt_condname,weather1,weather1name,weather2,weather2name,weather,weathername,sch_bus,sch_busname,rail,railname,not_hour,not_hourname,not_min,not_minname,arr_hour,arr_hourname,arr_min,arr_minname,hosp_hr,hosp_hrname,hosp_mn,hosp_mnname,cf1,cf1name,cf2,cf2name,cf3,cf3name,fatals,drunk_dr
2014,1,10465,Alabama,1,1,0,0,0,1,1,45,DALE (45),1866,LEVEL PLAINS,27,8,August,2014,4,Wednesday,2,2:00am-2:59am,45,45,0,This section IS NOT on the NHS,,,,,,,4,County Road,CR-1,,0,None,31.32370833,31.32370833,-85.757230560,-85.757230560,0,No Special Jurisdiction,52,Guardrail End,0,Not a Collision with Motor Vehicle In-Transport,0,No,1,Non-Junction,1,Not an Intersection,0,None,4,Rural-Major Collector,4,On Roadside,2,Dark - Not Lighted,1,Clear,0,No Additional Atmospheric Conditions,1,Clear,0,No,0000000,Not Applicable,99,Unknown,99,Unknown,2,2:00am-2:59am,51,51,88,"Not Applicable (Not Transported) ",88,Not Applicable (Not Transported),0,None,0,None,0,None,1,0
2014,1,10466,Alabama,1,1,0,0,0,2,2,19,CHEROKEE (19),0,NOT APPLICABLE,28,8,August,2014,5,Thursday,20,8:00pm-8:59pm,35,35,1,This section IS ON the NHS,,,,,,,2,U.S. Highway,US-SR 74,,1630,1630,33.96162500,33.96162500,-85.558058330,-85.558058330,0,No Special Jurisdiction,32,Culvert,0,Not a Collision with Motor Vehicle In-Transport,0,No,1,Non-Junction,1,Not an Intersection,0,None,2,Rural-Principal Arterial-Other,4,On Roadside,2,Dark - Not Lighted,1,Clear,0,No Additional Atmospheric Conditions,1,Clear,0,No,0000000,Not Applicable,99,Unknown,99,Unknown,20,8:00pm-8:59pm,46,46,99,Unknown,99,Unknown EMS Hospital Arrival Time,0,None,0,None,0,None,2,0
2014,1,10467,Alabama,2,2,0,0,0,2,2,73,JEFFERSON (73),1850,LEEDS,29,8,August,2014,6,Friday,15,3:00pm-3:59pm,3,3,0,This section IS NOT on the NHS,,,,,,,3,State Highway,SR-119,VIVIAN ST,393,393,33.54274167,33.54274167,-86.553097220,-86.553097220,0,No Special Jurisdiction,12,"Motor Vehicle In-Transport ",1,"Front-to-Rear ",0,No,3,"Intersection-Related ",2,Four-Way Intersection,0,None,14,Urban-Minor Arterial,1,On Roadway,1,Daylight,1,Clear,0,No Additional Atmospheric Conditions,1,Clear,0,No,0000000,Not Applicable,99,Unknown,99,Unknown,15,3:00pm-3:59pm,4,4,99,Unknown,99,Unknown EMS Hospital Arrival Time,0,None,0,None,0,None,1,0
2014,1,10468,Alabama,1,1,0,0,0,1,1,133,WINSTON (133),134,ARLEY,1,9,September,2014,2,Monday,12,12:00pm-12:59pm,5,5,0,This section IS NOT on the NHS,,,,,,,4,County Road,CR-HELICAN ROAD,CR-66,0,None,34.16601389,34.16601389,-87.117311110,-87.117311110,0,No Special Jurisdiction,42,Tree (Standing Only),0,Not a Collision with Motor Vehicle In-Transport,0,No,1,Non-Junction,1,Not an Intersection,0,None,4,Rural-Major Collector,4,On Roadside,1,Daylight,1,Clear,0,No Additional Atmospheric Conditions,1,Clear,0,No,0000000,Not Applicable,99,Unknown,99,Unknown,12,12:00pm-12:59pm,35,35,99,Unknown,99,Unknown EMS Hospital Arrival Time,0,None,0,None,0,None,1,0
2014,1,10469,Alabama,1,1,0,0,0,1,1,63,GREENE (63),1070,EUTAW,23,8,August,2014,7,Saturday,4,4:00am-4:59am,0,0,0,This section IS NOT on the NHS,,,,,,,3,State Highway,SR-13,,400,400,32.84541667,32.84541667,-87.874455560,-87.874455560,0,No Special Jurisdiction,34,Ditch,0,Not a Collision with Motor Vehicle In-Transport,0,No,1,Non-Junction,1,Not an Intersection,0,None,4,Rural-Major Collector,4,On Roadside,2,Dark - Not Lighted,1,Clear,0,No Additional Atmospheric Conditions,1,Clear,0,No,0000000,Not Applicable,99,Unknown,99,Unknown,4,4:00am-4:59am,16,16,99,Unknown,99,Unknown EMS Hospital Arrival Time,20,Police Pursuit Involved,0,None,0,None,1,0
2014,1,10470,Alabama,1,1,0,0,0,1,1,47,DALLAS (47),0,NOT APPLICABLE,2,8,August,2014,7,Saturday,10,10:00am-10:59am,40,40,0,This section IS NOT on the NHS,,,,,,,4,County Road,CR-19,,0,None,32.28561111,32.28561111,-86.870791670,-86.870791670,0,No Special Jurisdiction,1,Rollover/Overturn,0,Not a Collision with Motor Vehicle In-Transport,0,No,1,Non-Junction,1,Not an Intersection,0,None,5,Rural-Minor Collector,1,On Roadway,1,Daylight,10,Cloudy,0,No Additional Atmospheric Conditions,10,Cloudy,0,No,0000000,Not Applicable,88,Not Applicable (Not Notified),88,Not Applicable (Not Notified),88,"Not Applicable ",88,Not Applicable,88,"Not Applicable (Not Transported) ",88,Not Applicable (Not Transported),0,None,0,None,0,None,1,0
2014,1,10471,Alabama,1,1,0,0,0,1,1,11,BULLOCK (11),3090,UNION SPRINGS,2,8,August,2014,7,Saturday,21,9:00pm-9:59pm,40,40,0,This section IS NOT on the NHS,,,,,,,2,U.S. Highway,US-SR 15,HWY 29,1400,1400,32.18278889,32.18278889,-85.705677780,-85.705677780,0,No Special Jurisdiction,1,Rollover/Overturn,0,Not a Collision with Motor Vehicle In-Transport,0,No,1,Non-Junction,1,Not an Intersection,0,None,4,Rural-Major Collector,4,On Roadside,3,Dark - Lighted,1,Clear,0,No Additional Atmospheric Conditions,1,Clear,0,No,0000000,Not Applicable,99,Unknown,99,Unknown,22,10:00pm-10:59pm,0,0,99,Unknown,99,Unknown EMS Hospital Arrival Time,0,None,0,None,0,None,1,0
2014,1,10472,Alabama,1,1,0,0,0,1,1,59,FRANKLIN (59),0,NOT APPLICABLE,22,8,August,2014,6,Friday,11,11:00am-11:59am,59,59,0,This section IS NOT on the NHS,,,,,,,4,County Road,CR-81,,0,None,34.34448889,34.34448889,-87.669630560,-87.669630560,0,No Special Jurisdiction,34,Ditch,0,Not a Collision with Motor Vehicle In-Transport,0,No,1,Non-Junction,1,Not an Intersection,0,None,4,Rural-Major Collector,4,On Roadside,1,Daylight,1,Clear,0,No Additional Atmospheric Conditions,1,Clear,0,No,0000000,Not Applicable,12,12:00pm-12:59pm,16,16,12,12:00pm-12:59pm,25,25,12,12:00pm-12:59pm,51,51,0,None,0,None,0,None,1,0
2014,1,10473,Alabama,1,1,0,1,1,1,1,3,BALDWIN (3),2355,ORANGE BEACH,23,8,August,2014,7,Saturday,1,1:00am-1:59am,2,2,1,This section IS ON the NHS,,,,,,,3,State Highway,SR-PERDIDO BEACH BLVD,,110,110,30.26424444,30.26424444,-87.608863890,-87.608863890,0,No Special Jurisdiction,8,Pedestrian,0,Not a Collision with Motor Vehicle In-Transport,0,No,1,Non-Junction,1,Not an Intersection,0,None,2,Rural-Principal Arterial-Other,1,On Roadway,3,Dark - Lighted,1,Clear,0,No Additional Atmospheric Conditions,1,Clear,0,No,0000000,Not Applicable,99,Unknown,99,Unknown,1,1:00am-1:59am,7,7,88,"Not Applicable (Not Transported) ",88,Not Applicable (Not Transported),0,None,0,None,0,None,1,0
2014,1,10474,Alabama,1,1,0,0,0,3,3,37,COOSA (37),0,NOT APPLICABLE,27,8,August,2014,4,Wednesday,20,8:00pm-8:59pm,30,30,1,This section IS ON the NHS,,,,,,,2,U.S. Highway,US-SR 38,,554,554,33.03473889,33.03473889,-86.119477780,-86.119477780,0,No Special Jurisdiction,35,Embankment,0,Not a Collision with Motor Vehicle In-Transport,0,No,1,Non-Junction,1,Not an Intersection,0,None,2,Rural-Principal Arterial-Other,4,On Roadside,2,Dark - Not Lighted,1,Clear,0,No Additional Atmospheric Conditions,1,Clear,0,No,0000000,Not Applicable,99,Unknown,99,Unknown,20,8:00pm-8:59pm,50,50,99,Unknown,99,Unknown EMS Hospital Arrival Time,0,None,0,None,0,None,1,1
2014,1,10475,Alabama,1,1,0,0,0,1,1,97,MOBILE (97),0,NOT APPLICABLE,29,8,August,2014,6,Friday,17,5:00pm-5:59pm,45,45,1,This section IS ON the NHS,,,,,,,2,U.S. Highway,US-SR 13,,150,150,30.94043333,30.94043333,-88.023352780,-88.023352780,0,No Special Jurisdiction,1,Rollover/Overturn,0,Not a Collision with Motor Vehicle In-Transport,0,No,1,Non-Junction,1,Not an Intersection,0,None,2,Rural-Principal Arterial-Other,3,On Median,1,Daylight,10,Cloudy,0,No Additional Atmospheric Conditions,10,Cloudy,0,No,0000000,Not Applicable,88,Not Applicable (Not Notified),88,Not Applicable (Not Notified),88,"Not Applicable ",88,Not Applicable,88,"Not Applicable (Not Transported) ",88,Not Applicable (Not Transported),0,None,0,None,0,None,1,1
2014,1,10476,Alabama,1,1,0,2,2,2,2,81,LEE (81),2340,OPELIKA,29,8,August,2014,6,Friday,21,9:00pm-9:59pm,27,27,1,This section IS ON the NHS,,,,,,,2,U.S. Highway,US-SR 1,,0,None,32.64353056,32.64353056,-85.349444440,-85.349444440,0,No Special Jurisdiction,8,Pedestrian,0,Not a Collision with Motor Vehicle In-Transport,0,No,1,Non-Junction,1,Not an Intersection,0,None,13,Urban-Other Principal Arterial,1,On Roadway,3,Dark - Lighted,1,Clear,0,No Additional Atmospheric Conditions,1,Clear,0,No,0000000,Not Applicable,99,Unknown,99,Unknown,21,9:00pm-9:59pm,32,32,99,Unknown,99,Unknown EMS Hospital Arrival Time,0,None,0,None,0,None,2,1
2014,1,10477,Alabama,1,1,0,2,2,1,1,77,LAUDERDALE (77),0,NOT APPLICABLE,1,9,September,2014,2,Monday,8,8:00am-8:59am,20,20,0,This section IS NOT on the NHS,,,,,,,3,State Highway,SR-207,,80,80,34.92931111,34.92931111,-87.255583330,-87.255583330,0,No Special Jurisdiction,9,Pedalcyclist,0,Not a Collision with Motor Vehicle In-Transport,0,No,1,Non-Junction,1,Not an Intersection,0,None,3,Rural-Minor Arterial,1,On Roadway,1,Daylight,1,Clear,0,No Additional Atmospheric Conditions,1,Clear,0,No,0000000,Not Applicable,9,9:00am-9:59am,0,0,9,9:00am-9:59am,15,15,10,10:00am-10:59am,3,3,0,None,0,None,0,None,1,0
2014,1,10478,Alabama,1,1,0,0,0,4,4,77,LAUDERDALE (77),0,NOT APPLICABLE,29,8,August,2014,6,Friday,23,11:00pm-11:59pm,45,45,0,This section IS NOT on the NHS,,,,,,,4,County Road,CR-8,,0,None,34.97770556,34.97770556,-87.564997220,-87.564997220,0,No Special Jurisdiction,34,Ditch,0,Not a Collision with Motor Vehicle In-Transport,0,No,1,Non-Junction,1,Not an Intersection,0,None,6,Rural-Local Road or Street,4,On Roadside,2,Dark - Not Lighted,1,Clear,0,No Additional Atmospheric Conditions,1,Clear,0,No,0000000,Not Applicable,99,Unknown,99,Unknown,0,0:00am-0:59am,15,15,99,Unknown,99,Unknown EMS Hospital Arrival Time,0,None,0,None,0,None,1,1
2014,1,10479,Alabama,1,1,0,0,0,1,1,115,ST. CLAIR (115),0,NOT APPLICABLE,2,9,September,2014,3,Tuesday,22,10:00pm-10:59pm,10,10,0,This section IS NOT on the NHS,,,,,,,4,County Road,CR-24,,0,None,33.86371667,33.86371667,-86.107750000,-86.107750000,0,No Special Jurisdiction,1,Rollover/Overturn,0,Not a Collision with Motor Vehicle In-Transport,0,No,1,Non-Junction,1,Not an Intersection,0,None,4,Rural-Major Collector,4,On Roadside,1,Daylight,1,Clear,0,No Additional Atmospheric Conditions,1,Clear,0,No,0000000,Not Applicable,99,Unknown,99,Unknown,23,11:00pm-11:59pm,30,30,88,"Not Applicable (Not Transported) ",88,Not Applicable (Not Transported),0,None,0,None,0,None,1,1
2014,1,10480,Alabama,1,1,0,0,0,1,1,97,MOBILE (97),0,NOT APPLICABLE,28,8,August,2014,5,Thursday,19,7:00pm-7:59pm,15,15,1,This section IS ON the NHS,,,,,,,1,Interstate,I-10,,9,9,30.47968056,30.47968056,-88.387305560,-88.387305560,0,No Special Jurisdiction,18,Other Object (not fixed),0,Not a Collision with Motor Vehicle In-Transport,0,No,1,Non-Junction,1,Not an Intersection,0,None,1,Rural-Principal Arterial-Interstate,4,On Roadside,5,Dusk,1,Clear,0,No Additional Atmospheric Conditions,1,Clear,0,No,0000000,Not Applicable,99,Unknown,99,Unknown,19,7:00pm-7:59pm,25,25,88,"Not Applicable (Not Transported) ",88,Not Applicable (Not Transported),0,None,0,None,0,None,1,0
2014,1,10481,Alabama,1,1,0,1,1,1,1,97,MOBILE (97),0,NOT APPLICABLE,30,8,August,2014,7,Saturday,1,1:00am-1:59am,15,15,1,This section IS ON the NHS,,,,,,,4,County Road,CR-THEODORE DAWES ROAD,NAN GRAY DAVIS RD,0,None,30.55648889,30.55648889,-88.186811110,-88.186811110,0,No Special Jurisdiction,9,Pedalcyclist,0,Not a Collision with Motor Vehicle In-Transport,0,No,2,Intersection,3,T-Intersection,0,None,13,Urban-Other Principal Arterial,1,On Roadway,2,Dark - Not Lighted,10,Cloudy,0,No Additional Atmospheric Conditions,10,Cloudy,0,No,0000000,Not Applicable,99,Unknown,99,Unknown,1,1:00am-1:59am,23,23,88,"Not Applicable (Not Transported) ",88,Not Applicable (Not Transported),0,None,0,None,0,None,1,0
2014,1,10482,Alabama,1,1,0,0,0,1,1,51,ELMORE (51),0,NOT APPLICABLE,31,8,August,2014,1,Sunday,17,5:00pm-5:59pm,27,27,0,This section IS NOT on the NHS,,,,,,,3,State Highway,SR-170,COLLEY ROAD,55,55,32.59048611,32.59048611,-86.122177780,-86.122177780,0,No Special Jurisdiction,35,Embankment,0,Not a Collision with Motor Vehicle In-Transport,0,No,1,Non-Junction,1,Not an Intersection,1,Construction,3,Rural-Minor Arterial,4,On Roadside,1,Daylight,1,Clear,0,No Additional Atmospheric Conditions,1,Clear,0,No,0000000,Not Applicable,99,Unknown,99,Unknown,17,5:00pm-5:59pm,38,38,99,Unknown,99,Unknown EMS Hospital Arrival Time,0,None,0,None,0,None,1,0
2014,1,10483,Alabama,1,1,0,0,0,1,1,103,MORGAN (103),890,DECATUR,1,9,September,2014,2,Monday,12,12:00pm-12:59pm,51,51,0,This section IS NOT on the NHS,,,,,,,6,Local Street - Municipality,CASTLE GATE BLVD SW,,0,None,34.56906667,34.56906667,-87.022541670,-87.022541670,0,No Special Jurisdiction,33,Curb,0,Not a Collision with Motor Vehicle In-Transport,0,No,1,Non-Junction,1,Not an Intersection,0,None,16,Urban-Local Road or Street,4,On Roadside,1,Daylight,1,Clear,0,No Additional Atmospheric Conditions,1,Clear,0,No,0000000,Not Applicable,99,Unknown,99,Unknown,12,12:00pm-12:59pm,55,55,88,"Not Applicable (Not Transported) ",88,Not Applicable (Not Transported),0,None,0,None,0,None,1,0
2014,1,10484,Alabama,3,3,0,0,0,6,6,97,MOBILE (97),0,NOT APPLICABLE,2,9,September,2014,3,Tuesday,19,7:00pm-7:59pm,40,40,1,This section IS ON the NHS,,,,,,,2,U.S. Highway,US-SR 17,,233,233,30.97391389,30.97391389,-88.239450000,-88.239450000,0,No Special Jurisdiction,12,"Motor Vehicle In-Transport ",8,Sideswipe - Opposite Direction,0,No,1,Non-Junction,1,Not an Intersection,0,None,2,Rural-Principal Arterial-Other,1,On Roadway,2,Dark - Not Lighted,1,Clear,0,No Additional Atmospheric Conditions,1,Clear,0,No,0000000,Not Applicable,99,Unknown,99,Unknown,19,7:00pm-7:59pm,50,50,99,Unknown,99,Unknown EMS Hospital Arrival Time,0,None,0,None,0,None,1,0
2014,1,10485,Alabama,1,1,0,0,0,1,1,73,JEFFERSON (73),350,BIRMINGHAM,5,9,September,2014,6,Friday,22,10:00pm-10:59pm,35,35,0,This section IS NOT on the NHS,,,,,,,6,Local Street - Municipality,GULFPORT STREET WYLAM,,0,None,33.49883333,33.49883333,-86.920155560,-86.920155560,0,No Special Jurisdiction,33,Curb,0,Not a Collision with Motor Vehicle In-Transport,0,No,1,Non-Junction,1,Not an Intersection,0,None,16,Urban-Local Road or Street,4,On Roadside,3,Dark - Lighted,1,Clear,0,No Additional Atmospheric Conditions,1,Clear,0,No,0000000,Not Applicable,99,Unknown,99,Unknown,22,10:00pm-10:59pm,43,43,99,Unknown,99,Unknown EMS Hospital Arrival Time,0,None,0,None,0,None,1,0
2014,1,10486,Alabama,1,1,0,0,0,3,3,119,SUMTER (119),0,NOT APPLICABLE,6,9,September,2014,7,Saturday,1,1:00am-1:59am,55,55,1,This section IS ON the NHS,,,,,,,1,Interstate,I-59,,193,193,32.65386389,32.65386389,-88.188458330,-88.188458330,0,No Special Jurisdiction,1,Rollover/Overturn,0,Not a Collision with Motor Vehicle In-Transport,0,No,1,Non-Junction,1,Not an Intersection,0,None,1,Rural-Principal Arterial-Interstate,1,On Roadway,6,Dark - Unknown Lighting,10,Cloudy,0,No Additional Atmospheric Conditions,10,Cloudy,0,No,0000000,Not Applicable,99,Unknown,99,Unknown,2,2:00am-2:59am,12,12,99,Unknown,99,Unknown EMS Hospital Arrival Time,0,None,0,None,0,None,1,0
2014,1,10487,Alabama,1,1,0,0,0,1,1,31,COFFEE (31),0,NOT APPLICABLE,6,9,September,2014,7,Saturday,19,7:00pm-7:59pm,45,45,0,This section IS NOT on the NHS,,,,,,,4,County Road,CR-349,,0,None,31.49250833,31.49250833,-86.099630560,-86.099630560,0,No Special Jurisdiction,1,Rollover/Overturn,0,Not a Collision with Motor Vehicle In-Transport,0,No,1,Non-Junction,1,Not an Intersection,0,None,6,Rural-Local Road or Street,4,On Roadside,5,Dusk,1,Clear,0,No Additional Atmospheric Conditions,1,Clear,0,No,0000000,Not Applicable,99,Unknown,99,Unknown,20,8:00pm-8:59pm,15,15,88,"Not Applicable (Not Transported) ",88,Not Applicable (Not Transported),0,None,0,None,0,None,1,1
2014,1,10488,Alabama,1,1,0,0,0,1,1,73,JEFFERSON (73),0,NOT APPLICABLE,10,9,September,2014,4,Wednesday,13,1:00pm-1:59pm,30,30,1,This section IS ON the NHS,,,,,,,1,Interstate,I-59,,1020,1020,33.30322222,33.30322222,-87.069013890,-87.069013890,0,No Special Jurisdiction,1,Rollover/Overturn,0,Not a Collision with Motor Vehicle In-Transport,0,No,1,Non-Junction,1,Not an Intersection,0,None,11,Urban-Principal Arterial-Interstate,1,On Roadway,1,Daylight,1,Clear,0,No Additional Atmospheric Conditions,1,Clear,0,No,0000000,Not Applicable,99,Unknown,99,Unknown,13,1:00pm-1:59pm,40,40,99,Unknown,99,Unknown EMS Hospital Arrival Time,0,None,0,None,0,None,1,0
2014,1,10489,Alabama,1,1,0,0,0,1,1,97,MOBILE (97),0,NOT APPLICABLE,31,8,August,2014,1,Sunday,15,3:00pm-3:59pm,5,5,0,This section IS NOT on the NHS,,,,,,,4,County Road,CR-W COY SMITH HWY,,0,None,31.11916944,31.11916944,-88.092719440,-88.092719440,0,No Special Jurisdiction,58,Ground,0,Not a Collision with Motor Vehicle In-Transport,0,No,1,Non-Junction,1,Not an Intersection,0,None,4,Rural-Major Collector,1,On Roadway,1,Daylight,1,Clear,0,No Additional Atmospheric Conditions,1,Clear,0,No,0000000,Not Applicable,99,Unknown,99,Unknown,15,3:00pm-3:59pm,20,20,99,Unknown,99,Unknown EMS Hospital Arrival Time,0,None,0,None,0,None,1,0
2014,1,10490,Alabama,1,1,0,0,0,1,1,73,JEFFERSON (73),20,ADAMSVILLE,8,9,September,2014,2,Monday,17,5:00pm-5:59pm,30,30,0,This section IS NOT on the NHS,,,,,,,6,Local Street - Municipality,CRUCE ROAD,,0,None,33.59842222,33.59842222,-86.976908330,-86.976908330,0,No Special Jurisdiction,34,Ditch,0,Not a Collision with Motor Vehicle In-Transport,0,No,1,Non-Junction,1,Not an Intersection,0,None,15,Urban-Collector,4,On Roadside,1,Daylight,1,Clear,0,No Additional Atmospheric Conditions,1,Clear,0,No,0000000,Not Applicable,99,Unknown,99,Unknown,17,5:00pm-5:59pm,35,35,99,Unknown,99,Unknown EMS Hospital Arrival Time,0,None,0,None,0,None,1,0
2014,1,10491,Alabama,1,1,0,1,1,1,1,83,LIMESTONE (83),0,NOT APPLICABLE,2,9,September,2014,3,Tuesday,20,8:00pm-8:59pm,10,10,0,This section IS NOT on the NHS,,,,,,,4,County Road,CR-SEWELL RD,,0,None,34.84848333,34.84848333,-86.979327780,-86.979327780,0,No Special Jurisdiction,8,Pedestrian,0,Not a Collision with Motor Vehicle In-Transport,0,No,1,Non-Junction,1,Not an Intersection,0,None,6,Rural-Local Road or Street,1,On Roadway,2,Dark - Not Lighted,1,Clear,0,No Additional Atmospheric Conditions,1,Clear,0,No,0000000,Not Applicable,99,Unknown,99,Unknown,20,8:00pm-8:59pm,25,25,88,"Not Applicable (Not Transported) ",88,Not Applicable (Not Transported),0,None,0,None,0,None,1,0
2014,1,10492,Alabama,1,1,0,0,0,1,1,17,CHAMBERS (17),0,NOT APPLICABLE,6,9,September,2014,7,Saturday,0,0:00am-0:59am,15,15,0,This section IS NOT on the NHS,,,,,,,4,County Road,CR-278,,0,None,33.05333889,33.05333889,-85.226141670,-85.226141670,0,No Special Jurisdiction,1,Rollover/Overturn,0,Not a Collision with Motor Vehicle In-Transport,0,No,1,Non-Junction,1,Not an Intersection,0,None,4,Rural-Major Collector,4,On Roadside,2,Dark - Not Lighted,10,Cloudy,0,No Additional Atmospheric Conditions,10,Cloudy,0,No,0000000,Not Applicable,99,Unknown,99,Unknown,0,0:00am-0:59am,36,36,88,"Not Applicable (Not Transported) ",88,Not Applicable (Not Transported),0,None,0,None,0,None,1,0
2014,1,10493,Alabama,1,1,0,0,0,1,1,63,GREENE (63),0,NOT APPLICABLE,8,9,September,2014,2,Monday,22,10:00pm-10:59pm,40,40,0,This section IS NOT on the NHS,,,,,,,2,U.S. Highway,US-SR 7,,297,297,32.71413056,32.71413056,-88.077194440,-88.077194440,0,No Special Jurisdiction,11,Live Animal,0,Not a Collision with Motor Vehicle In-Transport,0,No,1,Non-Junction,1,Not an Intersection,0,None,4,Rural-Major Collector,1,On Roadway,2,Dark - Not Lighted,1,Clear,0,No Additional Atmospheric Conditions,1,Clear,0,No,0000000,Not Applicable,88,Not Applicable (Not Notified),88,Not Applicable (Not Notified),88,"Not Applicable ",88,Not Applicable,88,"Not Applicable (Not Transported) ",88,Not Applicable (Not Transported),0,None,0,None,0,None,1,0
2014,1,10494,Alabama,1,1,0,1,1,1,1,89,MADISON (89),1730,HUNTSVILLE,13,9,September,2014,7,Saturday,2,2:00am-2:59am,44,44,1,This section IS ON the NHS,,,,,,,3,State Highway,SR-1,,3350,3350,34.73256944,34.73256944,-86.596988890,-86.596988890,0,No Special Jurisdiction,8,Pedestrian,0,Not a Collision with Motor Vehicle In-Transport,1,Yes,18,Through Roadway,1,Not an Intersection,0,None,12,Urban-Principal Arterial-Other Freeways or Expressways,1,On Roadway,3,Dark - Lighted,1,Clear,0,No Additional Atmospheric Conditions,1,Clear,0,No,0000000,Not Applicable,99,Unknown,99,Unknown,2,2:00am-2:59am,49,49,99,Unknown,99,Unknown EMS Hospital Arrival Time,0,None,0,None,0,None,1,0
2014,1,10495,Alabama,1,1,0,0,0,1,1,73,JEFFERSON (73),2510,PLEASANT GROVE,27,8,August,2014,4,Wednesday,19,7:00pm-7:59pm,24,24,0,This section IS NOT on the NHS,,,,,,,4,County Road,CR-4TH ST,,0,None,33.50002778,33.50002778,-86.990655560,-86.990655560,0,No Special Jurisdiction,42,Tree (Standing Only),0,Not a Collision with Motor Vehicle In-Transport,0,No,1,Non-Junction,1,Not an Intersection,0,None,15,Urban-Collector,4,On Roadside,5,Dusk,1,Clear,0,No Additional Atmospheric Conditions,1,Clear,0,No,0000000,Not Applicable,99,Unknown,99,Unknown,19,7:00pm-7:59pm,40,40,88,"Not Applicable (Not Transported) ",88,Not Applicable (Not Transported),0,None,0,None,0,None,1,1
2014,1,10496,Alabama,2,2,0,0,0,2,2,101,MONTGOMERY (101),0,NOT APPLICABLE,2,9,September,2014,3,Tuesday,6,6:00am-6:59am,50,50,0,This section IS NOT on the NHS,,,,,,,4,County Road,CR-37,PHARR RD,0,None,32.29598611,32.29598611,-86.008472220,-86.008472220,0,No Special Jurisdiction,12,"Motor Vehicle In-Transport ",2,Front-to-Front,0,No,2,Intersection,3,T-Intersection,0,None,4,Rural-Major Collector,1,On Roadway,1,Daylight,10,Cloudy,0,No Additional Atmospheric Conditions,10,Cloudy,0,No,0000000,Not Applicable,99,Unknown,99,Unknown,7,7:00am-7:59am,5,5,99,Unknown,99,Unknown EMS Hospital Arrival Time,0,None,0,None,0,None,1,0
2014,1,10497,Alabama,1,1,0,0,0,3,3,47,DALLAS (47),0,NOT APPLICABLE,10,9,September,2014,4,Wednesday,18,6:00pm-6:59pm,15,15,0,This section IS NOT on the NHS,,,,,,,4,County Road,CR-39,,0,None,32.57156667,32.57156667,-87.002286110,-87.002286110,0,No Special Jurisdiction,1,Rollover/Overturn,0,Not a Collision with Motor Vehicle In-Transport,0,No,1,Non-Junction,1,Not an Intersection,0,None,5,Rural-Minor Collector,4,On Roadside,1,Daylight,1,Clear,0,No Additional Atmospheric Conditions,1,Clear,0,No,0000000,Not Applicable,99,Unknown,99,Unknown,18,6:00pm-6:59pm,42,42,99,Unknown,99,Unknown EMS Hospital Arrival Time,0,None,0,None,0,None,1,1
2014,1,10498,Alabama,3,3,0,0,0,3,3,95,MARSHALL (95),0,NOT APPLICABLE,9,9,September,2014,3,Tuesday,10,10:00am-10:59am,50,50,0,This section IS NOT on the NHS,,,,,,,3,State Highway,SR-75,ONEONTA CUT OFF ROAD,531,531,34.22051111,34.22051111,-86.269294440,-86.269294440,0,No Special Jurisdiction,12,"Motor Vehicle In-Transport ",1,"Front-to-Rear ",0,No,2,Intersection,3,T-Intersection,0,None,3,Rural-Minor Arterial,1,On Roadway,1,Daylight,1,Clear,0,No Additional Atmospheric Conditions,1,Clear,0,No,0000000,Not Applicable,99,Unknown,99,Unknown,11,11:00am-11:59am,0,0,99,Unknown,99,Unknown EMS Hospital Arrival Time,0,None,0,None,0,None,1,0
2014,1,10499,Alabama,1,1,0,1,1,1,1,73,JEFFERSON (73),350,BIRMINGHAM,12,9,September,2014,6,Friday,17,5:00pm-5:59pm,49,49,0,This section IS NOT on the NHS,,,,,,,6,Local Street - Municipality,DANIEL PAYNE DRIVE,,0,None,33.55386944,33.55386944,-86.868052780,-86.868052780,0,No Special Jurisdiction,8,Pedestrian,0,Not a Collision with Motor Vehicle In-Transport,0,No,1,Non-Junction,1,Not an Intersection,0,None,14,Urban-Minor Arterial,1,On Roadway,1,Daylight,10,Cloudy,0,No Additional Atmospheric Conditions,10,Cloudy,0,No,0000000,Not Applicable,99,Unknown,99,Unknown,17,5:00pm-5:59pm,55,55,99,Unknown,99,Unknown EMS Hospital Arrival Time,23,Indication of a Stalled/Disabled Vehicle,0,None,0,None,1,0