caseyear,state,st_case,statename,ve_total,ve_forms,pvh_invl,peds,pernotmvit,permvit,persons,county,countyname,city,cityname,day,month,monthname,year,day_week,day_weekname,hour,hourname,minute,minutename,nhs,nhsname,rur_urb,rur_urbname,func_sys,func_sysname,rd_owner,rd_ownername,route,routename,tway_id,tway_id2,milept,mileptname,latitude,latitudename,longitud,longitudname,sp_jur,sp_jurname,harm_ev,harm_evname,man_coll,man_collname,reljct1,reljct1name,reljct2,reljct2name,typ_int,typ_intname,wrk_zone,wrk_zonename,road_fnc,road_fncname,rel_road,rel_roadname,lgt_cond,lgt_condname,weather1,weather1name,weather2,weather2name,weather,weathername,sch_bus,sch_busname,rail,railname,not_hour,not_hourname,not_min,not_minname,arr_hour,arr_hourname,arr_min,arr_minname,hosp_hr,hosp_hrname,hosp_mn,hosp_mnname,cf1,cf1name,cf2,cf2name,cf3,cf3name,fatals,drunk_dr
2014,1,10500,Alabama,2,2,0,0,0,3,3,21,CHILTON (21),700,CLANTON,19,6,June,2014,5,Thursday,7,7:00am-7:59am,20,20,0,This section IS NOT on the NHS,,,,,,,3,State Highway,SR-145,,24,24,32.87208611,32.87208611,-86.622591670,-86.622591670,0,No Special Jurisdiction,12,"Motor Vehicle In-Transport ",6,"Angle ",0,No,1,Non-Junction,1,Not an Intersection,0,None,3,Rural-Minor Arterial,1,On Roadway,1,Daylight,1,Clear,0,No Additional Atmospheric Conditions,1,Clear,0,No,0000000,Not Applicable,99,Unknown,99,Unknown,7,7:00am-7:59am,26,26,99,Unknown,99,Unknown EMS Hospital Arrival Time,0,None,0,None,0,None,1,0
2014,1,10501,Alabama,2,2,0,0,0,4,4,111,RANDOLPH (111),0,NOT APPLICABLE,14,9,September,2014,1,Sunday,12,12:00pm-12:59pm,45,45,0,This section IS NOT on the NHS,,,,,,,4,County Road,CR-OLD HWY 431,,0,None,33.39317222,33.39317222,-85.490013890,-85.490013890,0,No Special Jurisdiction,12,"Motor Vehicle In-Transport ",2,Front-to-Front,0,No,8,Driveway Access Related,1,Not an Intersection,0,None,4,Rural-Major Collector,1,On Roadway,1,Daylight,1,Clear,0,No Additional Atmospheric Conditions,1,Clear,0,No,0000000,Not Applicable,88,Not Applicable (Not Notified),88,Not Applicable (Not Notified),88,"Not Applicable ",88,Not Applicable,88,"Not Applicable (Not Transported) ",88,Not Applicable (Not Transported),0,None,0,None,0,None,1,0
2014,1,10502,Alabama,1,1,0,3,3,1,1,89,MADISON (89),1730,HUNTSVILLE,14,9,September,2014,1,Sunday,23,11:00pm-11:59pm,4,4,1,This section IS ON the NHS,,,,,,,3,State Highway,SR-2,,990,990,34.76169167,34.76169167,-86.587855560,-86.587855560,0,No Special Jurisdiction,8,Pedestrian,0,Not a Collision with Motor Vehicle In-Transport,0,No,1,Non-Junction,1,Not an Intersection,0,None,13,Urban-Other Principal Arterial,2,On Shoulder,3,Dark - Lighted,1,Clear,0,No Additional Atmospheric Conditions,1,Clear,0,No,0000000,Not Applicable,99,Unknown,99,Unknown,23,11:00pm-11:59pm,9,9,99,Unknown,99,Unknown EMS Hospital Arrival Time,0,None,0,None,0,None,1,1
2014,1,10503,Alabama,1,1,0,0,0,2,2,49,DEKALB (49),1230,FORT PAYNE,17,9,September,2014,4,Wednesday,0,0:00am-0:59am,9,9,0,This section IS NOT on the NHS,,,,,,,6,Local Street - Municipality,8TH ST NE,GAULT AVE N,0,None,34.44718333,34.44718333,-85.716788890,-85.716788890,0,No Special Jurisdiction,33,Curb,0,Not a Collision with Motor Vehicle In-Transport,0,No,3,"Intersection-Related ",2,Four-Way Intersection,0,None,6,Rural-Local Road or Street,4,On Roadside,3,Dark - Lighted,1,Clear,0,No Additional Atmospheric Conditions,1,Clear,0,No,0000000,Not Applicable,99,Unknown,99,Unknown,0,0:00am-0:59am,14,14,99,Unknown,99,Unknown EMS Hospital Arrival Time,0,None,0,None,0,None,2,0
2014,1,10504,Alabama,1,1,0,0,0,1,1,31,COFFEE (31),0,NOT APPLICABLE,14,9,September,2014,1,Sunday,17,5:00pm-5:59pm,5,5,0,This section IS NOT on the NHS,,,,,,,3,State Highway,SR-27,,335,335,31.38607500,31.38607500,-85.808563890,-85.808563890,0,No Special Jurisdiction,1,Rollover/Overturn,0,Not a Collision with Motor Vehicle In-Transport,0,No,1,Non-Junction,1,Not an Intersection,0,None,3,Rural-Minor Arterial,4,On Roadside,1,Daylight,1,Clear,0,No Additional Atmospheric Conditions,1,Clear,0,No,0000000,Not Applicable,99,Unknown,99,Unknown,17,5:00pm-5:59pm,26,26,99,Unknown,99,Unknown EMS Hospital Arrival Time,0,None,0,None,0,None,1,0
2014,1,10505,Alabama,2,2,0,0,0,3,3,55,ETOWAH (55),400,BOAZ,2,9,September,2014,3,Tuesday,12,12:00pm-12:59pm,26,26,1,This section IS ON the NHS,,,,,,,2,U.S. Highway,US-SR 1,MOUNTAINBORO RD,2767,2767,34.14834444,34.14834444,-86.129300000,-86.129300000,0,No Special Jurisdiction,12,"Motor Vehicle In-Transport ",6,"Angle ",0,No,2,Intersection,3,T-Intersection,0,None,2,Rural-Principal Arterial-Other,1,On Roadway,1,Daylight,1,Clear,0,No Additional Atmospheric Conditions,1,Clear,0,No,0000000,Not Applicable,99,Unknown,99,Unknown,12,12:00pm-12:59pm,29,29,99,Unknown,99,Unknown EMS Hospital Arrival Time,0,None,0,None,0,None,1,0
2014,1,10506,Alabama,1,1,0,0,0,2,2,97,MOBILE (97),0,NOT APPLICABLE,9,9,September,2014,3,Tuesday,21,9:00pm-9:59pm,15,15,0,This section IS NOT on the NHS,,,,,,,4,County Road,CR-CELESTE ROAD,,0,None,31.00169167,31.00169167,-88.129891670,-88.129891670,0,No Special Jurisdiction,34,Ditch,0,Not a Collision with Motor Vehicle In-Transport,0,No,1,Non-Junction,1,Not an Intersection,0,None,4,Rural-Major Collector,4,On Roadside,2,Dark - Not Lighted,10,Cloudy,0,No Additional Atmospheric Conditions,10,Cloudy,0,No,0000000,Not Applicable,99,Unknown,99,Unknown,21,9:00pm-9:59pm,41,41,99,Unknown,99,Unknown EMS Hospital Arrival Time,0,None,0,None,0,None,1,1
2014,1,10507,Alabama,1,1,0,0,0,1,1,61,GENEVA (61),0,NOT APPLICABLE,14,9,September,2014,1,Sunday,20,8:00pm-8:59pm,25,25,0,This section IS NOT on the NHS,,,,,,,3,State Highway,SR-123,,92,92,31.19050000,31.19050000,-85.624638890,-85.624638890,0,No Special Jurisdiction,1,Rollover/Overturn,0,Not a Collision with Motor Vehicle In-Transport,0,No,1,Non-Junction,1,Not an Intersection,0,None,4,Rural-Major Collector,1,On Roadway,2,Dark - Not Lighted,10,Cloudy,0,No Additional Atmospheric Conditions,10,Cloudy,0,No,0000000,Not Applicable,99,Unknown,99,Unknown,20,8:00pm-8:59pm,49,49,88,"Not Applicable (Not Transported) ",88,Not Applicable (Not Transported),0,None,0,None,0,None,1,1
2014,1,10508,Alabama,1,1,0,0,0,1,1,97,MOBILE (97),2100,MOBILE,19,9,September,2014,6,Friday,6,6:00am-6:59am,38,38,1,This section IS ON the NHS,,,,,,,3,State Highway,SR-193,HWY 90,0,None,30.59686111,30.59686111,-88.168105560,-88.168105560,0,No Special Jurisdiction,43,Other Fixed Object,0,Not a Collision with Motor Vehicle In-Transport,0,No,1,Non-Junction,1,Not an Intersection,0,None,13,Urban-Other Principal Arterial,4,On Roadside,1,Daylight,10,Cloudy,0,No Additional Atmospheric Conditions,10,Cloudy,0,No,0000000,Not Applicable,99,Unknown,99,Unknown,6,6:00am-6:59am,45,45,88,"Not Applicable (Not Transported) ",88,Not Applicable (Not Transported),0,None,0,None,0,None,1,1
2014,1,10509,Alabama,1,1,0,0,0,1,1,53,ESCAMBIA (53),0,NOT APPLICABLE,19,9,September,2014,6,Friday,20,8:00pm-8:59pm,5,5,0,This section IS NOT on the NHS,,,,,,,4,County Road,CR-55,,0,None,31.01063333,31.01063333,-87.114416670,-87.114416670,0,No Special Jurisdiction,1,Rollover/Overturn,0,Not a Collision with Motor Vehicle In-Transport,0,No,1,Non-Junction,1,Not an Intersection,1,Construction,4,Rural-Major Collector,4,On Roadside,2,Dark - Not Lighted,10,Cloudy,0,No Additional Atmospheric Conditions,10,Cloudy,0,No,0000000,Not Applicable,99,Unknown,99,Unknown,20,8:00pm-8:59pm,25,25,88,"Not Applicable (Not Transported) ",88,Not Applicable (Not Transported),0,None,0,None,0,None,1,1
2014,1,10510,Alabama,1,1,0,0,0,1,1,129,WASHINGTON (129),0,NOT APPLICABLE,20,9,September,2014,7,Saturday,19,7:00pm-7:59pm,50,50,0,This section IS NOT on the NHS,,,,,,,4,County Road,CR-BARLOW ROAD,,0,None,31.57809444,31.57809444,-88.305650000,-88.305650000,0,No Special Jurisdiction,1,Rollover/Overturn,0,Not a Collision with Motor Vehicle In-Transport,0,No,1,Non-Junction,1,Not an Intersection,0,None,6,Rural-Local Road or Street,4,On Roadside,2,Dark - Not Lighted,1,Clear,0,No Additional Atmospheric Conditions,1,Clear,0,No,0000000,Not Applicable,99,Unknown,99,Unknown,20,8:00pm-8:59pm,7,7,99,Unknown,99,Unknown EMS Hospital Arrival Time,0,None,0,None,0,None,1,1
2014,1,10511,Alabama,1,1,0,1,1,1,1,21,CHILTON (21),700,CLANTON,21,9,September,2014,1,Sunday,19,7:00pm-7:59pm,6,6,0,This section IS NOT on the NHS,,,,,,,2,U.S. Highway,US-SR 3,,2190,2190,32.81126667,32.81126667,-86.600633330,-86.600633330,0,No Special Jurisdiction,8,Pedestrian,0,Not a Collision with Motor Vehicle In-Transport,0,No,1,Non-Junction,1,Not an Intersection,0,None,3,Rural-Minor Arterial,1,On Roadway,3,Dark - Lighted,1,Clear,0,No Additional Atmospheric Conditions,1,Clear,0,No,0000000,Not Applicable,88,Not Applicable (Not Notified),88,Not Applicable (Not Notified),88,"Not Applicable ",88,Not Applicable,88,"Not Applicable (Not Transported) ",88,Not Applicable (Not Transported),0,None,0,None,0,None,1,0
2014,1,10512,Alabama,1,1,0,0,0,1,1,49,DEKALB (49),0,NOT APPLICABLE,19,8,August,2014,3,Tuesday,18,6:00pm-6:59pm,55,55,0,This section IS NOT on the NHS,,,,,,,4,County Road,CR-512,,0,None,34.68226944,34.68226944,-85.593197220,-85.593197220,0,No Special Jurisdiction,34,Ditch,0,Not a Collision with Motor Vehicle In-Transport,0,No,1,Non-Junction,1,Not an Intersection,0,None,6,Rural-Local Road or Street,4,On Roadside,1,Daylight,1,Clear,0,No Additional Atmospheric Conditions,1,Clear,0,No,0000000,Not Applicable,99,Unknown,99,Unknown,19,7:00pm-7:59pm,17,17,99,Unknown,99,Unknown EMS Hospital Arrival Time,0,None,0,None,0,None,1,1
2014,1,10513,Alabama,1,1,0,1,1,1,1,45,DALE (45),2380,OZARK,23,9,September,2014,3,Tuesday,20,8:00pm-8:59pm,33,33,0,This section IS NOT on the NHS,,,,,,,6,Local Street - Municipality,MIXON SCHOOL ROAD,,0,None,31.43360833,31.43360833,-85.644208330,-85.644208330,0,No Special Jurisdiction,8,Pedestrian,0,Not a Collision with Motor Vehicle In-Transport,0,No,1,Non-Junction,1,Not an Intersection,0,None,6,Rural-Local Road or Street,1,On Roadway,3,Dark - Lighted,1,Clear,0,No Additional Atmospheric Conditions,1,Clear,0,No,0000000,Not Applicable,99,Unknown,99,Unknown,20,8:00pm-8:59pm,40,40,99,Unknown,99,Unknown EMS Hospital Arrival Time,0,None,0,None,0,None,1,0
2014,1,10514,Alabama,2,2,0,0,0,2,2,35,CONECUH (35),0,NOT APPLICABLE,20,9,September,2014,7,Saturday,18,6:00pm-6:59pm,40,40,1,This section IS ON the NHS,,,,,,,1,Interstate,I-65,,914,914,31.40109722,31.40109722,-87.021619440,-87.021619440,0,No Special Jurisdiction,12,"Motor Vehicle In-Transport ",1,"Front-to-Rear ",0,No,1,Non-Junction,1,Not an Intersection,0,None,1,Rural-Principal Arterial-Interstate,1,On Roadway,1,Daylight,1,Clear,0,No Additional Atmospheric Conditions,1,Clear,0,No,0000000,Not Applicable,99,Unknown,99,Unknown,18,6:00pm-6:59pm,49,49,99,Unknown,99,Unknown EMS Hospital Arrival Time,0,None,0,None,0,None,1,1
2014,1,10515,Alabama,2,2,0,0,0,7,7,73,JEFFERSON (73),350,BIRMINGHAM,7,9,September,2014,1,Sunday,17,5:00pm-5:59pm,14,14,1,This section IS ON the NHS,,,,,,,1,Interstate,I-59,,1230,1230,33.51941667,33.51941667,-86.857952780,-86.857952780,0,No Special Jurisdiction,12,"Motor Vehicle In-Transport ",7,Sideswipe - Same Direction,0,No,1,Non-Junction,1,Not an Intersection,0,None,11,Urban-Principal Arterial-Interstate,1,On Roadway,1,Daylight,1,Clear,0,No Additional Atmospheric Conditions,1,Clear,0,No,0000000,Not Applicable,99,Unknown,99,Unknown,17,5:00pm-5:59pm,21,21,99,Unknown,99,Unknown EMS Hospital Arrival Time,0,None,0,None,0,None,1,0
2014,1,10516,Alabama,1,1,0,0,0,1,1,115,ST. CLAIR (115),2136,MOODY,31,8,August,2014,1,Sunday,22,10:00pm-10:59pm,46,46,0,This section IS NOT on the NHS,,,,,,,6,Local Street - Municipality,KELLY CREEK ROAD,RICE DR,0,None,33.58298889,33.58298889,-86.467750000,-86.467750000,0,No Special Jurisdiction,42,Tree (Standing Only),0,Not a Collision with Motor Vehicle In-Transport,0,No,3,"Intersection-Related ",3,T-Intersection,0,None,4,Rural-Major Collector,4,On Roadside,2,Dark - Not Lighted,1,Clear,0,No Additional Atmospheric Conditions,1,Clear,0,No,0000000,Not Applicable,99,Unknown,99,Unknown,22,10:00pm-10:59pm,54,54,88,"Not Applicable (Not Transported) ",88,Not Applicable (Not Transported),0,None,0,None,0,None,1,1
2014,1,10517,Alabama,1,1,0,1,1,1,1,11,BULLOCK (11),0,NOT APPLICABLE,10,9,September,2014,4,Wednesday,20,8:00pm-8:59pm,57,57,0,This section IS NOT on the NHS,,,,,,,3,State Highway,SR-223,,241,241,32.10884444,32.10884444,-85.732830560,-85.732830560,0,No Special Jurisdiction,8,Pedestrian,0,Not a Collision with Motor Vehicle In-Transport,0,No,1,Non-Junction,1,Not an Intersection,0,None,3,Rural-Minor Arterial,1,On Roadway,2,Dark - Not Lighted,1,Clear,0,No Additional Atmospheric Conditions,1,Clear,0,No,0000000,Not Applicable,99,Unknown,99,Unknown,21,9:00pm-9:59pm,15,15,88,"Not Applicable (Not Transported) ",88,Not Applicable (Not Transported),19,Recent/Previous Crash scene Nearby,0,None,0,None,1,0
2014,1,10518,Alabama,1,1,0,0,0,1,1,125,TUSCALOOSA (125),2260,NORTHPORT,14,9,September,2014,1,Sunday,2,2:00am-2:59am,50,50,1,This section IS ON the NHS,,,,,,,3,State Highway,SR-69,,1503,1503,33.26447222,33.26447222,-87.572111110,-87.572111110,0,No Special Jurisdiction,30,Utility Pole/Light Support,0,Not a Collision with Motor Vehicle In-Transport,0,No,1,Non-Junction,1,Not an Intersection,0,None,13,Urban-Other Principal Arterial,4,On Roadside,2,Dark - Not Lighted,1,Clear,0,No Additional Atmospheric Conditions,1,Clear,0,No,0000000,Not Applicable,99,Unknown,99,Unknown,3,3:00am-3:59am,20,20,88,"Not Applicable (Not Transported) ",88,Not Applicable (Not Transported),0,None,0,None,0,None,1,1
2014,1,10519,Alabama,1,1,0,1,1,1,1,33,COLBERT (33),0,NOT APPLICABLE,17,9,September,2014,4,Wednesday,12,12:00pm-12:59pm,40,40,1,This section IS ON the NHS,,,,,,,2,U.S. Highway,US-SR 13,,3098,3098,34.67219444,34.67219444,-87.663472220,-87.663472220,0,No Special Jurisdiction,9,Pedalcyclist,0,Not a Collision with Motor Vehicle In-Transport,0,No,1,Non-Junction,1,Not an Intersection,0,None,2,Rural-Principal Arterial-Other,1,On Roadway,1,Daylight,1,Clear,0,No Additional Atmospheric Conditions,1,Clear,0,No,0000000,Not Applicable,99,Unknown,99,Unknown,13,1:00pm-1:59pm,5,5,99,Unknown,99,Unknown EMS Hospital Arrival Time,16,Non-occupant struck vehicle,0,None,0,None,1,0
2014,1,10520,Alabama,1,1,0,0,0,1,1,31,COFFEE (31),0,NOT APPLICABLE,18,9,September,2014,5,Thursday,0,0:00am-0:59am,7,7,0,This section IS NOT on the NHS,,,,,,,3,State Highway,SR-189,,226,226,31.48314167,31.48314167,-86.117033330,-86.117033330,0,No Special Jurisdiction,32,Culvert,0,Not a Collision with Motor Vehicle In-Transport,0,No,1,Non-Junction,1,Not an Intersection,0,None,3,Rural-Minor Arterial,4,On Roadside,2,Dark - Not Lighted,1,Clear,0,No Additional Atmospheric Conditions,1,Clear,0,No,0000000,Not Applicable,99,Unknown,99,Unknown,0,0:00am-0:59am,20,20,88,"Not Applicable (Not Transported) ",88,Not Applicable (Not Transported),0,None,0,None,0,None,1,1
2014,1,10521,Alabama,1,1,0,0,0,2,2,77,LAUDERDALE (77),0,NOT APPLICABLE,18,9,September,2014,5,Thursday,23,11:00pm-11:59pm,30,30,0,This section IS NOT on the NHS,,,,,,,3,State Highway,SR-207,,84,84,34.92992222,34.92992222,-87.252433330,-87.252433330,0,No Special Jurisdiction,42,Tree (Standing Only),0,Not a Collision with Motor Vehicle In-Transport,0,No,1,Non-Junction,1,Not an Intersection,0,None,3,Rural-Minor Arterial,4,On Roadside,2,Dark - Not Lighted,1,Clear,0,No Additional Atmospheric Conditions,1,Clear,0,No,0000000,Not Applicable,99,Unknown,99,Unknown,23,11:00pm-11:59pm,40,40,88,"Not Applicable (Not Transported) ",88,Not Applicable (Not Transported),0,None,0,None,0,None,2,1
2014,1,10522,Alabama,2,2,0,0,0,4,4,95,MARSHALL (95),400,BOAZ,25,9,September,2014,5,Thursday,7,7:00am-7:59am,5,5,0,This section IS NOT on the NHS,,,,,,,3,State Highway,SR-168,ELIZABETH ST,103,103,34.19858056,34.19858056,-86.159280560,-86.159280560,0,No Special Jurisdiction,12,"Motor Vehicle In-Transport ",6,"Angle ",0,No,2,Intersection,3,T-Intersection,0,None,3,Rural-Minor Arterial,1,On Roadway,1,Daylight,1,Clear,0,No Additional Atmospheric Conditions,1,Clear,0,No,0000000,Not Applicable,7,7:00am-7:59am,12,12,7,7:00am-7:59am,16,16,7,7:00am-7:59am,33,33,0,None,0,None,0,None,1,0
2014,1,10523,Alabama,2,2,0,0,0,2,2,43,CULLMAN (43),9997,Other,26,9,September,2014,6,Friday,6,6:00am-6:59am,10,10,0,This section IS NOT on the NHS,,,,,,,3,State Highway,SR-69,,2325,2325,34.03077500,34.03077500,-86.898133330,-86.898133330,0,No Special Jurisdiction,12,"Motor Vehicle In-Transport ",2,Front-to-Front,0,No,1,Non-Junction,1,Not an Intersection,0,None,3,Rural-Minor Arterial,1,On Roadway,4,Dawn,1,Clear,0,No Additional Atmospheric Conditions,1,Clear,0,No,0000000,Not Applicable,6,6:00am-6:59am,14,14,6,6:00am-6:59am,27,27,6,6:00am-6:59am,56,56,0,None,0,None,0,None,1,0
2014,1,10524,Alabama,1,1,0,0,0,1,1,121,TALLADEGA (121),0,NOT APPLICABLE,27,9,September,2014,7,Saturday,3,3:00am-3:59am,45,45,0,This section IS NOT on the NHS,,,,,,,4,County Road,CR-LOWER SETTLEMENT ROAD,,0,None,33.11171667,33.11171667,-86.224516670,-86.224516670,0,No Special Jurisdiction,42,Tree (Standing Only),0,Not a Collision with Motor Vehicle In-Transport,0,No,1,Non-Junction,1,Not an Intersection,0,None,6,Rural-Local Road or Street,4,On Roadside,2,Dark - Not Lighted,10,Cloudy,0,No Additional Atmospheric Conditions,10,Cloudy,0,No,0000000,Not Applicable,99,Unknown,99,Unknown,4,4:00am-4:59am,10,10,88,"Not Applicable (Not Transported) ",88,Not Applicable (Not Transported),0,None,0,None,0,None,1,1
2014,1,10525,Alabama,1,1,0,0,0,1,1,55,ETOWAH (55),2822,SOUTHSIDE,27,9,September,2014,7,Saturday,12,12:00pm-12:59pm,5,5,0,This section IS NOT on the NHS,,,,,,,6,Local Street - Municipality,THOMPSON ROAD,,0,None,33.89157778,33.89157778,-86.041030560,-86.041030560,0,No Special Jurisdiction,19,Building,0,Not a Collision with Motor Vehicle In-Transport,0,No,1,Non-Junction,1,Not an Intersection,0,None,6,Rural-Local Road or Street,5,Outside Trafficway,1,Daylight,1,Clear,0,No Additional Atmospheric Conditions,1,Clear,0,No,0000000,Not Applicable,12,12:00pm-12:59pm,5,5,12,12:00pm-12:59pm,10,10,88,"Not Applicable (Not Transported) ",88,Not Applicable (Not Transported),0,None,0,None,0,None,1,0
2014,1,10526,Alabama,2,2,0,0,0,4,4,117,SHELBY (117),0,NOT APPLICABLE,27,9,September,2014,7,Saturday,10,10:00am-10:59am,50,50,0,This section IS NOT on the NHS,,,,,,,3,State Highway,SR-25,,1096,1096,33.06722778,33.06722778,-86.890666670,-86.890666670,0,No Special Jurisdiction,12,"Motor Vehicle In-Transport ",2,Front-to-Front,0,No,1,Non-Junction,1,Not an Intersection,0,None,3,Rural-Minor Arterial,1,On Roadway,1,Daylight,10,Cloudy,0,No Additional Atmospheric Conditions,10,Cloudy,0,No,0000000,Not Applicable,11,11:00am-11:59am,0,0,11,11:00am-11:59am,11,11,11,11:00am-11:59am,41,41,0,None,0,None,0,None,1,0
2014,1,10527,Alabama,2,2,0,0,0,5,5,89,MADISON (89),1730,HUNTSVILLE,28,9,September,2014,1,Sunday,9,9:00am-9:59am,37,37,0,This section IS NOT on the NHS,,,,,,,6,Local Street - Municipality,CECIL ASHBURN DR,,0,None,34.66356111,34.66356111,-86.518711110,-86.518711110,0,No Special Jurisdiction,12,"Motor Vehicle In-Transport ",8,Sideswipe - Opposite Direction,0,No,1,Non-Junction,1,Not an Intersection,0,None,16,Urban-Local Road or Street,1,On Roadway,1,Daylight,10,Cloudy,0,No Additional Atmospheric Conditions,10,Cloudy,0,No,0000000,Not Applicable,9,9:00am-9:59am,38,38,9,9:00am-9:59am,48,48,10,10:00am-10:59am,31,31,0,None,0,None,0,None,1,0
2014,1,10528,Alabama,2,2,0,0,0,3,3,121,TALLADEGA (121),2900,SYLACAUGA,11,7,July,2014,6,Friday,16,4:00pm-4:59pm,29,29,1,This section IS ON the NHS,,,,,,,3,State Highway,SR-21,,0,None,33.15983333,33.15983333,-86.250894440,-86.250894440,0,No Special Jurisdiction,12,"Motor Vehicle In-Transport ",2,Front-to-Front,0,No,1,Non-Junction,1,Not an Intersection,0,None,13,Urban-Other Principal Arterial,1,On Roadway,1,Daylight,1,Clear,0,No Additional Atmospheric Conditions,1,Clear,0,No,0000000,Not Applicable,16,4:00pm-4:59pm,31,31,16,4:00pm-4:59pm,34,34,17,5:00pm-5:59pm,8,8,0,None,0,None,0,None,1,0
2014,1,10529,Alabama,1,1,0,0,0,1,1,45,DALE (45),0,NOT APPLICABLE,27,9,September,2014,7,Saturday,4,4:00am-4:59am,45,45,0,This section IS NOT on the NHS,,,,,,,4,County Road,CR-109,,0,None,31.28941944,31.28941944,-85.749622220,-85.749622220,0,No Special Jurisdiction,42,Tree (Standing Only),0,Not a Collision with Motor Vehicle In-Transport,0,No,1,Non-Junction,1,Not an Intersection,0,None,6,Rural-Local Road or Street,4,On Roadside,2,Dark - Not Lighted,10,Cloudy,0,No Additional Atmospheric Conditions,10,Cloudy,0,No,0000000,Not Applicable,6,6:00am-6:59am,0,0,6,6:00am-6:59am,13,13,88,"Not Applicable (Not Transported) ",88,Not Applicable (Not Transported),0,None,0,None,0,None,1,1
2014,1,10530,Alabama,1,1,0,0,0,1,1,125,TUSCALOOSA (125),0,NOT APPLICABLE,28,9,September,2014,1,Sunday,0,0:00am-0:59am,30,30,0,This section IS NOT on the NHS,,,,,,,4,County Road,CR-BEAR CREEK RD,,0,None,33.13988611,33.13988611,-87.533922220,-87.533922220,0,No Special Jurisdiction,38,Fence,0,Not a Collision with Motor Vehicle In-Transport,0,No,1,Non-Junction,1,Not an Intersection,0,None,15,Urban-Collector,4,On Roadside,2,Dark - Not Lighted,1,Clear,0,No Additional Atmospheric Conditions,1,Clear,0,No,0000000,Not Applicable,0,0:00am-0:59am,33,33,0,0:00am-0:59am,40,40,88,"Not Applicable (Not Transported) ",88,Not Applicable (Not Transported),0,None,0,None,0,None,1,1
2014,1,10531,Alabama,1,1,0,0,0,1,1,43,CULLMAN (43),0,NOT APPLICABLE,28,9,September,2014,1,Sunday,4,4:00am-4:59am,22,22,0,This section IS NOT on the NHS,,,,,,,3,State Highway,SR-69,,2504,2504,34.21622222,34.21622222,-86.759250000,-86.759250000,0,No Special Jurisdiction,52,Guardrail End,0,Not a Collision with Motor Vehicle In-Transport,0,No,1,Non-Junction,1,Not an Intersection,0,None,3,Rural-Minor Arterial,4,On Roadside,2,Dark - Not Lighted,1,Clear,0,No Additional Atmospheric Conditions,1,Clear,0,No,0000000,Not Applicable,99,Unknown,99,Unknown,4,4:00am-4:59am,39,39,88,"Not Applicable (Not Transported) ",88,Not Applicable (Not Transported),0,None,0,None,0,None,1,1
2014,1,10532,Alabama,1,1,0,0,0,2,2,117,SHELBY (117),0,NOT APPLICABLE,29,9,September,2014,2,Monday,7,7:00am-7:59am,45,45,0,This section IS NOT on the NHS,,,,,,,3,State Highway,SR-25,,1268,1268,33.15717222,33.15717222,-86.642205560,-86.642205560,0,No Special Jurisdiction,18,Other Object (not fixed),0,Not a Collision with Motor Vehicle In-Transport,0,No,1,Non-Junction,1,Not an Intersection,0,None,3,Rural-Minor Arterial,4,On Roadside,1,Daylight,10,Cloudy,0,No Additional Atmospheric Conditions,10,Cloudy,0,No,0000000,Not Applicable,99,Unknown,99,Unknown,8,8:00am-8:59am,6,6,88,"Not Applicable (Not Transported) ",88,Not Applicable (Not Transported),0,None,0,None,0,None,2,0
2014,1,10533,Alabama,1,1,0,0,0,1,1,73,JEFFERSON (73),350,BIRMINGHAM,20,9,September,2014,7,Saturday,14,2:00pm-2:59pm,10,10,1,This section IS ON the NHS,,,,,,,1,Interstate,I-59,,1330,1330,33.56906667,33.56906667,-86.721155560,-86.721155560,0,No Special Jurisdiction,1,Rollover/Overturn,0,Not a Collision with Motor Vehicle In-Transport,0,No,1,Non-Junction,1,Not an Intersection,0,None,11,Urban-Principal Arterial-Interstate,3,On Median,1,Daylight,1,Clear,0,No Additional Atmospheric Conditions,1,Clear,0,No,0000000,Not Applicable,14,2:00pm-2:59pm,14,14,14,2:00pm-2:59pm,20,20,14,2:00pm-2:59pm,45,45,0,None,0,None,0,None,1,0
2014,1,10534,Alabama,1,1,0,1,1,1,1,97,MOBILE (97),2100,MOBILE,24,9,September,2014,4,Wednesday,23,11:00pm-11:59pm,32,32,1,This section IS ON the NHS,,,,,,,1,Interstate,I-65,SPRINGHILL AVE,55,55,30.70114167,30.70114167,-88.123755560,-88.123755560,0,No Special Jurisdiction,8,Pedestrian,0,Not a Collision with Motor Vehicle In-Transport,1,Yes,18,Through Roadway,1,Not an Intersection,0,None,11,Urban-Principal Arterial-Interstate,1,On Roadway,3,Dark - Lighted,1,Clear,0,No Additional Atmospheric Conditions,1,Clear,0,No,0000000,Not Applicable,99,Unknown,99,Unknown,23,11:00pm-11:59pm,38,38,88,"Not Applicable (Not Transported) ",88,Not Applicable (Not Transported),0,None,0,None,0,None,1,0
2014,1,10535,Alabama,1,1,0,0,0,2,2,73,JEFFERSON (73),350,BIRMINGHAM,28,9,September,2014,1,Sunday,12,12:00pm-12:59pm,5,5,0,This section IS NOT on the NHS,,,,,,,6,Local Street - Municipality,23RD ST SW,,0,None,33.48333889,33.48333889,-86.873666670,-86.873666670,0,No Special Jurisdiction,30,Utility Pole/Light Support,0,Not a Collision with Motor Vehicle In-Transport,0,No,1,Non-Junction,1,Not an Intersection,0,None,15,Urban-Collector,4,On Roadside,1,Daylight,1,Clear,0,No Additional Atmospheric Conditions,1,Clear,0,No,0000000,Not Applicable,99,Unknown,99,Unknown,12,12:00pm-12:59pm,13,13,99,Unknown,99,Unknown EMS Hospital Arrival Time,0,None,0,None,0,None,1,0