caseyear,state,st_case,statename,ve_total,ve_forms,pvh_invl,peds,pernotmvit,permvit,persons,county,countyname,city,cityname,day,month,monthname,year,day_week,day_weekname,hour,hourname,minute,minutename,nhs,nhsname,rur_urb,rur_urbname,func_sys,func_sysname,rd_owner,rd_ownername,route,routename,tway_id,tway_id2,milept,mileptname,latitude,latitudename,longitud,longitudname,sp_jur,sp_jurname,harm_ev,harm_evname,man_coll,man_collname,reljct1,reljct1name,reljct2,reljct2name,typ_int,typ_intname,wrk_zone,wrk_zonename,road_fnc,road_fncname,rel_road,rel_roadname,lgt_cond,lgt_condname,weather1,weather1name,weather2,weather2name,weather,weathername,sch_bus,sch_busname,rail,railname,not_hour,not_hourname,not_min,not_minname,arr_hour,arr_hourname,arr_min,arr_minname,hosp_hr,hosp_hrname,hosp_mn,hosp_mnname,cf1,cf1name,cf2,cf2name,cf3,cf3name,fatals,drunk_dr
2014,1,10536,Alabama,2,2,0,0,0,2,2,21,CHILTON (21),0,NOT APPLICABLE,11,9,September,2014,5,Thursday,12,12:00pm-12:59pm,35,35,0,This section IS NOT on the NHS,,,,,,,2,U.S. Highway,US-SR 3,,2160,2160,32.78838333,32.78838333,-86.561375000,-86.561375000,0,No Special Jurisdiction,12,"Motor Vehicle In-Transport ",2,Front-to-Front,0,No,1,Non-Junction,1,Not an Intersection,0,None,3,Rural-Minor Arterial,1,On Roadway,1,Daylight,10,Cloudy,0,No Additional Atmospheric Conditions,10,Cloudy,0,No,0000000,Not Applicable,99,Unknown,99,Unknown,12,12:00pm-12:59pm,51,51,88,"Not Applicable (Not Transported) ",88,Not Applicable (Not Transported),0,None,0,None,0,None,1,0
2014,1,10537,Alabama,1,1,0,0,0,1,1,25,CLARKE (25),0,NOT APPLICABLE,18,9,September,2014,5,Thursday,21,9:00pm-9:59pm,45,45,0,This section IS NOT on the NHS,,,,,,,4,County Road,CR-3,,0,None,31.65847500,31.65847500,-87.917486110,-87.917486110,0,No Special Jurisdiction,1,Rollover/Overturn,0,Not a Collision with Motor Vehicle In-Transport,0,No,1,Non-Junction,1,Not an Intersection,0,None,4,Rural-Major Collector,1,On Roadway,2,Dark - Not Lighted,10,Cloudy,0,No Additional Atmospheric Conditions,10,Cloudy,0,No,0000000,Not Applicable,99,Unknown,99,Unknown,22,10:00pm-10:59pm,5,5,99,Unknown,99,Unknown EMS Hospital Arrival Time,0,None,0,None,0,None,1,1
2014,1,10538,Alabama,1,1,0,0,0,4,4,97,MOBILE (97),0,NOT APPLICABLE,27,9,September,2014,7,Saturday,23,11:00pm-11:59pm,5,5,0,This section IS NOT on the NHS,,,,,,,4,County Road,CR-96,,0,None,31.12470833,31.12470833,-88.101741670,-88.101741670,0,No Special Jurisdiction,42,Tree (Standing Only),0,Not a Collision with Motor Vehicle In-Transport,0,No,1,Non-Junction,1,Not an Intersection,0,None,4,Rural-Major Collector,4,On Roadside,2,Dark - Not Lighted,1,Clear,0,No Additional Atmospheric Conditions,1,Clear,0,No,0000000,Not Applicable,99,Unknown,99,Unknown,23,11:00pm-11:59pm,23,23,99,Unknown,99,Unknown EMS Hospital Arrival Time,0,None,0,None,0,None,2,0
2014,1,10539,Alabama,1,1,0,0,0,2,2,109,PIKE (109),0,NOT APPLICABLE,28,9,September,2014,1,Sunday,16,4:00pm-4:59pm,10,10,0,This section IS NOT on the NHS,,,,,,,4,County Road,CR-2214,,0,None,31.79516667,31.79516667,-86.071769440,-86.071769440,0,No Special Jurisdiction,42,Tree (Standing Only),0,Not a Collision with Motor Vehicle In-Transport,0,No,1,Non-Junction,1,Not an Intersection,0,None,3,Rural-Minor Arterial,4,On Roadside,1,Daylight,10,Cloudy,0,No Additional Atmospheric Conditions,10,Cloudy,0,No,0000000,Not Applicable,16,4:00pm-4:59pm,19,19,16,4:00pm-4:59pm,46,46,17,5:00pm-5:59pm,23,23,0,None,0,None,0,None,1,1
2014,1,10540,Alabama,1,1,0,0,0,1,1,77,LAUDERDALE (77),0,NOT APPLICABLE,29,9,September,2014,2,Monday,16,4:00pm-4:59pm,20,20,0,This section IS NOT on the NHS,,,,,,,4,County Road,CR-15,,0,None,34.83534444,34.83534444,-87.798805560,-87.798805560,0,No Special Jurisdiction,1,Rollover/Overturn,0,Not a Collision with Motor Vehicle In-Transport,0,No,1,Non-Junction,1,Not an Intersection,0,None,5,Rural-Minor Collector,1,On Roadway,1,Daylight,1,Clear,0,No Additional Atmospheric Conditions,1,Clear,0,No,0000000,Not Applicable,16,4:00pm-4:59pm,20,20,16,4:00pm-4:59pm,40,40,16,4:00pm-4:59pm,52,52,0,None,0,None,0,None,1,0
2014,1,10541,Alabama,1,1,0,0,0,1,1,101,MONTGOMERY (101),0,NOT APPLICABLE,4,10,October,2014,7,Saturday,20,8:00pm-8:59pm,15,15,1,This section IS ON the NHS,,,,,,,2,U.S. Highway,US-SR 8,,1224,1224,32.29285833,32.29285833,-86.455780560,-86.455780560,0,No Special Jurisdiction,24,Guardrail Face,0,Not a Collision with Motor Vehicle In-Transport,0,No,1,Non-Junction,1,Not an Intersection,0,None,2,Rural-Principal Arterial-Other,4,On Roadside,2,Dark - Not Lighted,1,Clear,0,No Additional Atmospheric Conditions,1,Clear,0,No,0000000,Not Applicable,99,Unknown,99,Unknown,20,8:00pm-8:59pm,36,36,88,"Not Applicable (Not Transported) ",88,Not Applicable (Not Transported),0,None,0,None,0,None,1,1
2014,1,10542,Alabama,1,1,0,0,0,1,1,125,TUSCALOOSA (125),0,NOT APPLICABLE,6,10,October,2014,2,Monday,13,1:00pm-1:59pm,0,0,1,This section IS ON the NHS,,,,,,,1,Interstate,I-59,,735,735,33.17311389,33.17311389,-87.516994440,-87.516994440,0,No Special Jurisdiction,24,Guardrail Face,0,Not a Collision with Motor Vehicle In-Transport,0,No,1,Non-Junction,1,Not an Intersection,0,None,11,Urban-Principal Arterial-Interstate,3,On Median,1,Daylight,1,Clear,0,No Additional Atmospheric Conditions,1,Clear,0,No,0000000,Not Applicable,88,Not Applicable (Not Notified),88,Not Applicable (Not Notified),88,"Not Applicable ",88,Not Applicable,88,"Not Applicable (Not Transported) ",88,Not Applicable (Not Transported),0,None,0,None,0,None,1,0
2014,1,10543,Alabama,1,1,0,0,0,1,1,83,LIMESTONE (83),0,NOT APPLICABLE,7,10,October,2014,3,Tuesday,9,9:00am-9:59am,0,0,1,This section IS ON the NHS,,,,,,,1,Interstate,I-65,,3644,3644,34.97026389,34.97026389,-86.884686110,-86.884686110,0,No Special Jurisdiction,24,Guardrail Face,0,Not a Collision with Motor Vehicle In-Transport,0,No,1,Non-Junction,1,Not an Intersection,0,None,1,Rural-Principal Arterial-Interstate,4,On Roadside,1,Daylight,2,Rain,0,No Additional Atmospheric Conditions,2,Rain,0,No,0000000,Not Applicable,9,9:00am-9:59am,1,1,9,9:00am-9:59am,15,15,9,9:00am-9:59am,48,48,0,None,0,None,0,None,1,0
2014,1,10544,Alabama,2,1,1,0,1,1,2,125,TUSCALOOSA (125),0,NOT APPLICABLE,3,10,October,2014,6,Friday,11,11:00am-11:59am,58,58,1,This section IS ON the NHS,,,,,,,1,Interstate,I-59,,737,737,33.17421944,33.17421944,-87.512963890,-87.512963890,0,No Special Jurisdiction,14,"Parked Motor Vehicle ",0,Not a Collision with Motor Vehicle In-Transport,0,No,1,Non-Junction,1,Not an Intersection,0,None,11,Urban-Principal Arterial-Interstate,4,On Roadside,1,Daylight,1,Clear,0,No Additional Atmospheric Conditions,1,Clear,0,No,0000000,Not Applicable,12,12:00pm-12:59pm,0,0,12,12:00pm-12:59pm,7,7,88,"Not Applicable (Not Transported) ",88,Not Applicable (Not Transported),0,None,0,None,0,None,1,0
2014,1,10545,Alabama,1,1,0,0,0,4,4,51,ELMORE (51),0,NOT APPLICABLE,9,10,October,2014,5,Thursday,1,1:00am-1:59am,55,55,0,This section IS NOT on the NHS,,,,,,,4,County Road,CR-CAESARVILLE ROAD,,0,None,32.59193056,32.59193056,-86.306088890,-86.306088890,0,No Special Jurisdiction,42,Tree (Standing Only),0,Not a Collision with Motor Vehicle In-Transport,0,No,1,Non-Junction,1,Not an Intersection,0,None,4,Rural-Major Collector,4,On Roadside,2,Dark - Not Lighted,1,Clear,0,No Additional Atmospheric Conditions,1,Clear,0,No,0000000,Not Applicable,2,2:00am-2:59am,1,1,2,2:00am-2:59am,14,14,3,3:00am-3:59am,0,0,0,None,0,None,0,None,1,1
2014,1,10546,Alabama,1,1,0,0,0,1,1,71,JACKSON (71),0,NOT APPLICABLE,6,10,October,2014,2,Monday,8,8:00am-8:59am,55,55,0,This section IS NOT on the NHS,,,,,,,3,State Highway,SR-71,,263,263,34.82293889,34.82293889,-85.659650000,-85.659650000,0,No Special Jurisdiction,32,Culvert,0,Not a Collision with Motor Vehicle In-Transport,0,No,1,Non-Junction,1,Not an Intersection,0,None,4,Rural-Major Collector,4,On Roadside,1,Daylight,10,Cloudy,0,No Additional Atmospheric Conditions,10,Cloudy,0,No,0000000,Not Applicable,8,8:00am-8:59am,55,55,9,9:00am-9:59am,0,0,10,10:00am-10:59am,13,13,0,None,0,None,0,None,1,0
2014,1,10547,Alabama,1,1,0,0,0,1,1,53,ESCAMBIA (53),0,NOT APPLICABLE,3,10,October,2014,6,Friday,15,3:00pm-3:59pm,55,55,0,This section IS NOT on the NHS,,,,,,,4,County Road,CR-ROBINSONVILLE ROAD,,0,None,31.07755833,31.07755833,-87.412213890,-87.412213890,0,No Special Jurisdiction,43,Other Fixed Object,0,Not a Collision with Motor Vehicle In-Transport,0,No,1,Non-Junction,1,Not an Intersection,0,None,4,Rural-Major Collector,4,On Roadside,1,Daylight,1,Clear,0,No Additional Atmospheric Conditions,1,Clear,0,No,0000000,Not Applicable,16,4:00pm-4:59pm,3,3,16,4:00pm-4:59pm,12,12,88,"Not Applicable (Not Transported) ",88,Not Applicable (Not Transported),0,None,0,None,0,None,1,0
2014,1,10548,Alabama,1,1,0,0,0,1,1,113,RUSSELL (113),0,NOT APPLICABLE,28,9,September,2014,1,Sunday,18,6:00pm-6:59pm,33,33,0,This section IS NOT on the NHS,,,,,,,4,County Road,CR-PERRY WELLS RD,,0,None,32.12903611,32.12903611,-85.179141670,-85.179141670,0,No Special Jurisdiction,34,Ditch,0,Not a Collision with Motor Vehicle In-Transport,0,No,1,Non-Junction,1,Not an Intersection,0,None,6,Rural-Local Road or Street,4,On Roadside,2,Dark - Not Lighted,10,Cloudy,0,No Additional Atmospheric Conditions,10,Cloudy,0,No,0000000,Not Applicable,88,Not Applicable (Not Notified),88,Not Applicable (Not Notified),88,"Not Applicable ",88,Not Applicable,88,"Not Applicable (Not Transported) ",88,Not Applicable (Not Transported),0,None,0,None,0,None,1,0
2014,1,10549,Alabama,2,2,0,0,0,2,2,55,ETOWAH (55),1280,GADSDEN,26,9,September,2014,6,Friday,15,3:00pm-3:59pm,59,59,1,This section IS ON the NHS,,,,,,,2,U.S. Highway,US-SR 1,LITCHFIELD AVE,0,None,34.00748889,34.00748889,-85.979319440,-85.979319440,0,No Special Jurisdiction,12,"Motor Vehicle In-Transport ",6,"Angle ",0,No,2,Intersection,2,Four-Way Intersection,0,None,13,Urban-Other Principal Arterial,1,On Roadway,1,Daylight,1,Clear,0,No Additional Atmospheric Conditions,1,Clear,0,No,0000000,Not Applicable,16,4:00pm-4:59pm,0,0,16,4:00pm-4:59pm,5,5,88,"Not Applicable (Not Transported) ",88,Not Applicable (Not Transported),0,None,0,None,0,None,1,0
2014,1,10550,Alabama,1,1,0,0,0,3,3,47,DALLAS (47),0,NOT APPLICABLE,19,9,September,2014,6,Friday,18,6:00pm-6:59pm,0,0,0,This section IS NOT on the NHS,,,,,,,4,County Road,CR-29,,0,None,32.35906111,32.35906111,-87.255200000,-87.255200000,0,No Special Jurisdiction,11,Live Animal,0,Not a Collision with Motor Vehicle In-Transport,0,No,1,Non-Junction,1,Not an Intersection,0,None,5,Rural-Minor Collector,1,On Roadway,1,Daylight,1,Clear,0,No Additional Atmospheric Conditions,1,Clear,0,No,0000000,Not Applicable,18,6:00pm-6:59pm,27,27,18,6:00pm-6:59pm,56,56,99,Unknown,99,Unknown EMS Hospital Arrival Time,0,None,0,None,0,None,1,0
2014,1,10551,Alabama,1,1,0,1,1,1,1,95,MARSHALL (95),50,ALBERTVILLE,30,7,July,2014,4,Wednesday,23,11:00pm-11:59pm,7,7,1,This section IS ON the NHS,,,,,,,6,Local Street - Municipality,BALTIMORE AVE,TEXTILE AVE,0,None,34.25149722,34.25149722,-86.189955560,-86.189955560,0,No Special Jurisdiction,8,Pedestrian,0,Not a Collision with Motor Vehicle In-Transport,0,No,8,Driveway Access Related,1,Not an Intersection,0,None,2,Rural-Principal Arterial-Other,1,On Roadway,3,Dark - Lighted,1,Clear,0,No Additional Atmospheric Conditions,1,Clear,0,No,0000000,Not Applicable,23,11:00pm-11:59pm,32,32,23,11:00pm-11:59pm,58,58,0,0:00am-0:59am,47,47,0,None,0,None,0,None,1,0
2014,1,10552,Alabama,2,2,0,0,0,2,2,3,BALDWIN (3),1210,FOLEY,24,9,September,2014,4,Wednesday,10,10:00am-10:59am,13,13,0,This section IS NOT on the NHS,,,,,,,4,County Road,CR-FOLEY BEACH EXPRESS,US 98,0,None,30.40680556,30.40680556,-87.647569440,-87.647569440,0,No Special Jurisdiction,12,"Motor Vehicle In-Transport ",6,"Angle ",0,No,2,Intersection,2,Four-Way Intersection,0,None,3,Rural-Minor Arterial,1,On Roadway,1,Daylight,1,Clear,0,No Additional Atmospheric Conditions,1,Clear,0,No,0000000,Not Applicable,99,Unknown,99,Unknown,10,10:00am-10:59am,17,17,99,Unknown,99,Unknown EMS Hospital Arrival Time,0,None,0,None,0,None,1,0
2014,1,10553,Alabama,1,1,0,0,0,1,1,95,MARSHALL (95),0,NOT APPLICABLE,1,10,October,2014,4,Wednesday,15,3:00pm-3:59pm,50,50,0,This section IS NOT on the NHS,,,,,,,4,County Road,CR-RUTH MOUNTAIN ROAD,RUTH ROAD,0,None,34.36676667,34.36676667,-86.577752780,-86.577752780,0,No Special Jurisdiction,1,Rollover/Overturn,0,Not a Collision with Motor Vehicle In-Transport,0,No,3,"Intersection-Related ",3,T-Intersection,0,None,4,Rural-Major Collector,1,On Roadway,1,Daylight,1,Clear,0,No Additional Atmospheric Conditions,1,Clear,0,No,0000000,Not Applicable,99,Unknown,99,Unknown,15,3:00pm-3:59pm,59,59,99,Unknown,99,Unknown EMS Hospital Arrival Time,0,None,0,None,0,None,1,0
2014,1,10554,Alabama,2,2,0,0,0,2,2,7,BIBB (7),460,BRENT,7,10,October,2014,3,Tuesday,7,7:00am-7:59am,7,7,0,This section IS NOT on the NHS,,,,,,,6,Local Street - Municipality,UNIVERSITY WAY,STEELE ST,0,None,32.94640278,32.94640278,-87.160233330,-87.160233330,0,No Special Jurisdiction,12,"Motor Vehicle In-Transport ",6,"Angle ",0,No,2,Intersection,3,T-Intersection,0,None,4,Rural-Major Collector,1,On Roadway,1,Daylight,1,Clear,0,No Additional Atmospheric Conditions,1,Clear,1,Yes,0000000,Not Applicable,99,Unknown,99,Unknown,7,7:00am-7:59am,12,12,88,"Not Applicable (Not Transported) ",88,Not Applicable (Not Transported),0,None,0,None,0,None,1,0
2014,1,10555,Alabama,1,1,0,0,0,2,2,121,TALLADEGA (121),1870,LINCOLN,5,10,October,2014,1,Sunday,17,5:00pm-5:59pm,3,3,0,This section IS NOT on the NHS,,,,,,,4,County Road,CR-HONDA DR,,0,None,33.60033611,33.60033611,-86.161788890,-86.161788890,0,No Special Jurisdiction,24,Guardrail Face,0,Not a Collision with Motor Vehicle In-Transport,0,No,1,Non-Junction,1,Not an Intersection,0,None,4,Rural-Major Collector,4,On Roadside,1,Daylight,1,Clear,0,No Additional Atmospheric Conditions,1,Clear,0,No,0000000,Not Applicable,17,5:00pm-5:59pm,3,3,17,5:00pm-5:59pm,5,5,88,"Not Applicable (Not Transported) ",88,Not Applicable (Not Transported),0,None,0,None,0,None,1,1
2014,1,10556,Alabama,1,1,0,0,0,3,3,125,TUSCALOOSA (125),0,NOT APPLICABLE,11,10,October,2014,7,Saturday,22,10:00pm-10:59pm,30,30,1,This section IS ON the NHS,,,,,,,1,Interstate,I-59,,659,659,33.09341667,33.09341667,-87.672280560,-87.672280560,0,No Special Jurisdiction,42,Tree (Standing Only),0,Not a Collision with Motor Vehicle In-Transport,0,No,1,Non-Junction,1,Not an Intersection,0,None,1,Rural-Principal Arterial-Interstate,3,On Median,2,Dark - Not Lighted,1,Clear,0,No Additional Atmospheric Conditions,1,Clear,0,No,0000000,Not Applicable,99,Unknown,99,Unknown,23,11:00pm-11:59pm,15,15,99,Unknown,99,Unknown EMS Hospital Arrival Time,0,None,0,None,0,None,1,1
2014,1,10557,Alabama,1,1,0,1,1,1,1,125,TUSCALOOSA (125),3050,TUSCALOOSA,2,10,October,2014,5,Thursday,3,3:00am-3:59am,30,30,1,This section IS ON the NHS,,,,,,,1,Interstate,I-59,,630,630,33.09436944,33.09436944,-87.672158330,-87.672158330,0,No Special Jurisdiction,8,Pedestrian,0,Not a Collision with Motor Vehicle In-Transport,0,No,1,Non-Junction,1,Not an Intersection,0,None,1,Rural-Principal Arterial-Interstate,1,On Roadway,2,Dark - Not Lighted,1,Clear,0,No Additional Atmospheric Conditions,1,Clear,0,No,0000000,Not Applicable,99,Unknown,99,Unknown,7,7:00am-7:59am,23,23,88,"Not Applicable (Not Transported) ",88,Not Applicable (Not Transported),0,None,0,None,0,None,1,0
2014,1,10558,Alabama,1,1,0,1,1,2,2,117,SHELBY (117),2120,MONTEVALLO,22,8,August,2014,6,Friday,20,8:00pm-8:59pm,10,10,0,This section IS NOT on the NHS,,,,,,,4,County Road,CR-15,,0,None,33.14754722,33.14754722,-86.857091670,-86.857091670,0,No Special Jurisdiction,8,Pedestrian,0,Not a Collision with Motor Vehicle In-Transport,0,No,1,Non-Junction,1,Not an Intersection,0,None,4,Rural-Major Collector,1,On Roadway,2,Dark - Not Lighted,1,Clear,0,No Additional Atmospheric Conditions,1,Clear,0,No,0000000,Not Applicable,99,Unknown,99,Unknown,20,8:00pm-8:59pm,19,19,99,Unknown,99,Unknown EMS Hospital Arrival Time,0,None,0,None,0,None,1,0
2014,1,10559,Alabama,1,1,0,0,0,1,1,11,BULLOCK (11),0,NOT APPLICABLE,17,9,September,2014,4,Wednesday,3,3:00am-3:59am,15,15,0,This section IS NOT on the NHS,,,,,,,3,State Highway,SR-110,,143,143,32.27073333,32.27073333,-85.983586110,-85.983586110,0,No Special Jurisdiction,59,"Traffic Sign Support ",0,Not a Collision with Motor Vehicle In-Transport,0,No,1,Non-Junction,1,Not an Intersection,0,None,3,Rural-Minor Arterial,4,On Roadside,2,Dark - Not Lighted,5,"Fog, Smog, Smoke",0,No Additional Atmospheric Conditions,5,"Fog, Smog, Smoke",0,No,0000000,Not Applicable,99,Unknown,99,Unknown,3,3:00am-3:59am,46,46,88,"Not Applicable (Not Transported) ",88,Not Applicable (Not Transported),0,None,0,None,0,None,1,1
2014,1,10560,Alabama,1,1,0,0,0,2,2,71,JACKSON (71),0,NOT APPLICABLE,14,10,October,2014,3,Tuesday,5,5:00am-5:59am,15,15,0,This section IS NOT on the NHS,,,,,,,3,State Highway,SR-73,,94,94,34.97334444,34.97334444,-85.625930560,-85.625930560,0,No Special Jurisdiction,34,Ditch,0,Not a Collision with Motor Vehicle In-Transport,0,No,1,Non-Junction,1,Not an Intersection,0,None,4,Rural-Major Collector,4,On Roadside,2,Dark - Not Lighted,2,Rain,0,No Additional Atmospheric Conditions,2,Rain,0,No,0000000,Not Applicable,7,7:00am-7:59am,25,25,7,7:00am-7:59am,50,50,8,8:00am-8:59am,37,37,0,None,0,None,0,None,1,0
2014,1,10561,Alabama,1,1,0,0,0,1,1,49,DEKALB (49),0,NOT APPLICABLE,16,10,October,2014,5,Thursday,10,10:00am-10:59am,40,40,0,This section IS NOT on the NHS,,,,,,,3,State Highway,SR-117,CR-644,131,131,34.60939444,34.60939444,-85.653580560,-85.653580560,0,No Special Jurisdiction,17,Boulder,0,Not a Collision with Motor Vehicle In-Transport,0,No,3,"Intersection-Related ",2,Four-Way Intersection,0,None,14,Urban-Minor Arterial,4,On Roadside,1,Daylight,10,Cloudy,0,No Additional Atmospheric Conditions,10,Cloudy,0,No,0000000,Not Applicable,99,Unknown,99,Unknown,10,10:00am-10:59am,50,50,88,"Not Applicable (Not Transported) ",88,Not Applicable (Not Transported),0,None,0,None,0,None,1,0
2014,1,10562,Alabama,1,1,0,1,1,1,1,63,GREENE (63),0,NOT APPLICABLE,10,10,October,2014,6,Friday,20,8:00pm-8:59pm,5,5,0,This section IS NOT on the NHS,,,,,,,3,State Highway,SR-39,,142,142,32.84967778,32.84967778,-88.116036110,-88.116036110,0,No Special Jurisdiction,8,Pedestrian,0,Not a Collision with Motor Vehicle In-Transport,0,No,1,Non-Junction,1,Not an Intersection,0,None,4,Rural-Major Collector,1,On Roadway,2,Dark - Not Lighted,1,Clear,0,No Additional Atmospheric Conditions,1,Clear,0,No,0000000,Not Applicable,20,8:00pm-8:59pm,10,10,20,8:00pm-8:59pm,28,28,20,8:00pm-8:59pm,52,52,0,None,0,None,0,None,1,0
2014,1,10563,Alabama,1,1,0,1,1,2,2,69,HOUSTON (69),0,NOT APPLICABLE,6,10,October,2014,2,Monday,7,7:00am-7:59am,5,5,0,This section IS NOT on the NHS,,,,,,,4,County Road,CR-LUCY GRADE RD,,0,None,31.15585000,31.15585000,-85.314752780,-85.314752780,0,No Special Jurisdiction,8,Pedestrian,0,Not a Collision with Motor Vehicle In-Transport,0,No,1,Non-Junction,1,Not an Intersection,0,None,4,Rural-Major Collector,1,On Roadway,1,Daylight,1,Clear,0,No Additional Atmospheric Conditions,1,Clear,0,No,0000000,Not Applicable,99,Unknown,99,Unknown,7,7:00am-7:59am,19,19,99,Unknown,99,Unknown EMS Hospital Arrival Time,0,None,0,None,0,None,1,0
2014,1,10564,Alabama,2,2,0,0,0,4,4,39,COVINGTON (39),0,NOT APPLICABLE,6,10,October,2014,2,Monday,10,10:00am-10:59am,33,33,1,This section IS ON the NHS,,,,,,,2,U.S. Highway,US-SR 12,CANTALINE BRIDGE ROAD,1418,1418,31.27485833,31.27485833,-86.359669440,-86.359669440,0,No Special Jurisdiction,12,"Motor Vehicle In-Transport ",6,"Angle ",0,No,2,Intersection,3,T-Intersection,0,None,2,Rural-Principal Arterial-Other,1,On Roadway,1,Daylight,1,Clear,0,No Additional Atmospheric Conditions,1,Clear,0,No,0000000,Not Applicable,10,10:00am-10:59am,44,44,10,10:00am-10:59am,55,55,11,11:00am-11:59am,25,25,0,None,0,None,0,None,2,0
2014,1,10565,Alabama,2,2,0,0,0,3,3,39,COVINGTON (39),225,BABBIE,5,10,October,2014,1,Sunday,10,10:00am-10:59am,30,30,1,This section IS ON the NHS,,,,,,,2,U.S. Highway,US-SR 299,BETHEL RD,1440,1440,31.27408611,31.27408611,-86.331300000,-86.331300000,0,No Special Jurisdiction,12,"Motor Vehicle In-Transport ",6,"Angle ",0,No,2,Intersection,3,T-Intersection,0,None,2,Rural-Principal Arterial-Other,1,On Roadway,1,Daylight,1,Clear,0,No Additional Atmospheric Conditions,1,Clear,0,No,0000000,Not Applicable,99,Unknown,99,Unknown,10,10:00am-10:59am,45,45,99,Unknown,99,Unknown EMS Hospital Arrival Time,0,None,0,None,0,None,1,0
2014,1,10566,Alabama,1,1,0,0,0,1,1,97,MOBILE (97),0,NOT APPLICABLE,28,9,September,2014,1,Sunday,15,3:00pm-3:59pm,15,15,0,This section IS NOT on the NHS,,,,,,,4,County Road,CR-CELESTE RD,,0,None,30.93200833,30.93200833,-88.124655560,-88.124655560,0,No Special Jurisdiction,32,Culvert,0,Not a Collision with Motor Vehicle In-Transport,0,No,1,Non-Junction,1,Not an Intersection,0,None,4,Rural-Major Collector,4,On Roadside,1,Daylight,10,Cloudy,0,No Additional Atmospheric Conditions,10,Cloudy,0,No,0000000,Not Applicable,99,Unknown,99,Unknown,15,3:00pm-3:59pm,28,28,88,"Not Applicable (Not Transported) ",88,Not Applicable (Not Transported),0,None,0,None,0,None,1,0
2014,1,10567,Alabama,1,1,0,0,0,1,1,51,ELMORE (51),970,ECLECTIC,8,10,October,2014,4,Wednesday,2,2:00am-2:59am,10,10,0,This section IS NOT on the NHS,,,,,,,4,County Road,CR-EAST COTTON ROAD,,0,None,32.67976111,32.67976111,-86.014955560,-86.014955560,0,No Special Jurisdiction,42,Tree (Standing Only),0,Not a Collision with Motor Vehicle In-Transport,0,No,1,Non-Junction,1,Not an Intersection,0,None,4,Rural-Major Collector,4,On Roadside,2,Dark - Not Lighted,1,Clear,0,No Additional Atmospheric Conditions,1,Clear,0,No,0000000,Not Applicable,3,3:00am-3:59am,37,37,3,3:00am-3:59am,58,58,88,"Not Applicable (Not Transported) ",88,Not Applicable (Not Transported),0,None,0,None,0,None,1,0
2014,1,10568,Alabama,2,2,0,0,0,2,2,95,MARSHALL (95),0,NOT APPLICABLE,19,9,September,2014,6,Friday,15,3:00pm-3:59pm,55,55,1,This section IS ON the NHS,,,,,,,2,U.S. Highway,US-SR 1,BARNARD RD,3124,3124,34.49503333,34.49503333,-86.387436110,-86.387436110,0,No Special Jurisdiction,12,"Motor Vehicle In-Transport ",6,"Angle ",0,No,8,Driveway Access Related,1,Not an Intersection,0,None,2,Rural-Principal Arterial-Other,1,On Roadway,1,Daylight,1,Clear,0,No Additional Atmospheric Conditions,1,Clear,0,No,0000000,Not Applicable,15,3:00pm-3:59pm,58,58,15,3:00pm-3:59pm,58,58,16,4:00pm-4:59pm,43,43,0,None,0,None,0,None,1,0
2014,1,10569,Alabama,1,1,0,0,0,1,1,25,CLARKE (25),0,NOT APPLICABLE,20,10,October,2014,2,Monday,20,8:00pm-8:59pm,25,25,1,This section IS ON the NHS,,,,,,,2,U.S. Highway,US-SR 13,,803,803,31.76177222,31.76177222,-87.763627780,-87.763627780,0,No Special Jurisdiction,59,"Traffic Sign Support ",0,Not a Collision with Motor Vehicle In-Transport,0,No,1,Non-Junction,1,Not an Intersection,0,None,2,Rural-Principal Arterial-Other,4,On Roadside,2,Dark - Not Lighted,1,Clear,0,No Additional Atmospheric Conditions,1,Clear,0,No,0000000,Not Applicable,99,Unknown,99,Unknown,21,9:00pm-9:59pm,40,40,99,Unknown,99,Unknown EMS Hospital Arrival Time,0,None,0,None,0,None,1,1
2014,1,10570,Alabama,3,3,0,0,0,4,4,81,LEE (81),200,AUBURN,6,10,October,2014,2,Monday,15,3:00pm-3:59pm,48,48,1,This section IS ON the NHS,,,,,,,1,Interstate,I-85,,510,510,32.55854167,32.55854167,-85.506605560,-85.506605560,0,No Special Jurisdiction,12,"Motor Vehicle In-Transport ",1,"Front-to-Rear ",0,No,1,Non-Junction,1,Not an Intersection,1,Construction,11,Urban-Principal Arterial-Interstate,1,On Roadway,1,Daylight,1,Clear,0,No Additional Atmospheric Conditions,1,Clear,0,No,0000000,Not Applicable,16,4:00pm-4:59pm,50,50,16,4:00pm-4:59pm,59,59,17,5:00pm-5:59pm,20,20,19,Recent/Previous Crash scene Nearby,0,None,0,None,1,0