caseyear,state,st_case,statename,ve_total,ve_forms,pvh_invl,peds,pernotmvit,permvit,persons,county,countyname,city,cityname,day,month,monthname,year,day_week,day_weekname,hour,hourname,minute,minutename,nhs,nhsname,rur_urb,rur_urbname,func_sys,func_sysname,rd_owner,rd_ownername,route,routename,tway_id,tway_id2,milept,mileptname,latitude,latitudename,longitud,longitudname,sp_jur,sp_jurname,harm_ev,harm_evname,man_coll,man_collname,reljct1,reljct1name,reljct2,reljct2name,typ_int,typ_intname,wrk_zone,wrk_zonename,road_fnc,road_fncname,rel_road,rel_roadname,lgt_cond,lgt_condname,weather1,weather1name,weather2,weather2name,weather,weathername,sch_bus,sch_busname,rail,railname,not_hour,not_hourname,not_min,not_minname,arr_hour,arr_hourname,arr_min,arr_minname,hosp_hr,hosp_hrname,hosp_mn,hosp_mnname,cf1,cf1name,cf2,cf2name,cf3,cf3name,fatals,drunk_dr
2014,1,10571,Alabama,1,1,0,1,1,1,1,77,LAUDERDALE (77),0,NOT APPLICABLE,24,9,September,2014,4,Wednesday,8,8:00am-8:59am,0,0,0,This section IS NOT on the NHS,,,,,,,3,State Highway,SR-20,,30,30,34.97611667,34.97611667,-87.894555560,-87.894555560,0,No Special Jurisdiction,8,Pedestrian,0,Not a Collision with Motor Vehicle In-Transport,0,No,1,Non-Junction,1,Not an Intersection,0,None,3,Rural-Minor Arterial,1,On Roadway,1,Daylight,1,Clear,0,No Additional Atmospheric Conditions,1,Clear,0,No,0000000,Not Applicable,99,Unknown,99,Unknown,8,8:00am-8:59am,30,30,88,"Not Applicable (Not Transported) ",88,Not Applicable (Not Transported),0,None,0,None,0,None,1,0
2014,1,10572,Alabama,1,1,0,1,1,2,2,97,MOBILE (97),0,NOT APPLICABLE,4,10,October,2014,7,Saturday,4,4:00am-4:59am,18,18,0,This section IS NOT on the NHS,,,,,,,3,State Highway,SR-217,,114,114,30.84249167,30.84249167,-88.275002780,-88.275002780,0,No Special Jurisdiction,8,Pedestrian,0,Not a Collision with Motor Vehicle In-Transport,0,No,1,Non-Junction,1,Not an Intersection,0,None,3,Rural-Minor Arterial,1,On Roadway,2,Dark - Not Lighted,1,Clear,0,No Additional Atmospheric Conditions,1,Clear,0,No,0000000,Not Applicable,99,Unknown,99,Unknown,4,4:00am-4:59am,39,39,88,"Not Applicable (Not Transported) ",88,Not Applicable (Not Transported),0,None,0,None,0,None,1,0
2014,1,10573,Alabama,1,1,0,0,0,1,1,79,LAWRENCE (79),0,NOT APPLICABLE,4,10,October,2014,7,Saturday,13,1:00pm-1:59pm,40,40,0,This section IS NOT on the NHS,,,,,,,3,State Highway,SR-33,,322,322,34.56921389,34.56921389,-87.271322220,-87.271322220,0,No Special Jurisdiction,38,Fence,0,Not a Collision with Motor Vehicle In-Transport,0,No,1,Non-Junction,1,Not an Intersection,0,None,4,Rural-Major Collector,4,On Roadside,1,Daylight,1,Clear,0,No Additional Atmospheric Conditions,1,Clear,0,No,0000000,Not Applicable,99,Unknown,99,Unknown,14,2:00pm-2:59pm,5,5,88,"Not Applicable (Not Transported) ",88,Not Applicable (Not Transported),0,None,0,None,0,None,1,0
2014,1,10574,Alabama,2,2,0,0,0,4,4,53,ESCAMBIA (53),0,NOT APPLICABLE,4,10,October,2014,7,Saturday,18,6:00pm-6:59pm,53,53,1,This section IS ON the NHS,,,,,,,2,U.S. Highway,US-SR 3,CR-7,760,760,31.19553056,31.19553056,-87.055550000,-87.055550000,0,No Special Jurisdiction,12,"Motor Vehicle In-Transport ",2,Front-to-Front,0,No,2,Intersection,3,T-Intersection,0,None,2,Rural-Principal Arterial-Other,1,On Roadway,2,Dark - Not Lighted,10,Cloudy,0,No Additional Atmospheric Conditions,10,Cloudy,0,No,0000000,Not Applicable,99,Unknown,99,Unknown,19,7:00pm-7:59pm,31,31,99,Unknown,99,Unknown EMS Hospital Arrival Time,0,None,0,None,0,None,1,1
2014,1,10575,Alabama,2,2,0,0,0,3,3,41,CRENSHAW (41),1950,LUVERNE,11,10,October,2014,7,Saturday,21,9:00pm-9:59pm,16,16,1,This section IS ON the NHS,,,,,,,2,U.S. Highway,US-SR 9,,530,530,31.71165833,31.71165833,-86.263725000,-86.263725000,0,No Special Jurisdiction,11,Live Animal,0,Not a Collision with Motor Vehicle In-Transport,0,No,1,Non-Junction,1,Not an Intersection,0,None,2,Rural-Principal Arterial-Other,1,On Roadway,3,Dark - Lighted,1,Clear,0,No Additional Atmospheric Conditions,1,Clear,0,No,0000000,Not Applicable,21,9:00pm-9:59pm,17,17,21,9:00pm-9:59pm,20,20,21,9:00pm-9:59pm,32,32,0,None,0,None,0,None,1,0
2014,1,10576,Alabama,2,2,0,0,0,2,2,109,PIKE (109),0,NOT APPLICABLE,14,10,October,2014,3,Tuesday,10,10:00am-10:59am,45,45,0,This section IS NOT on the NHS,,,,,,,3,State Highway,SR-10,,1840,1840,31.72734444,31.72734444,-85.761083330,-85.761083330,0,No Special Jurisdiction,12,"Motor Vehicle In-Transport ",6,"Angle ",0,No,1,Non-Junction,1,Not an Intersection,0,None,3,Rural-Minor Arterial,1,On Roadway,1,Daylight,10,Cloudy,0,No Additional Atmospheric Conditions,10,Cloudy,0,No,0000000,Not Applicable,99,Unknown,99,Unknown,10,10:00am-10:59am,57,57,88,"Not Applicable (Not Transported) ",88,Not Applicable (Not Transported),0,None,0,None,0,None,1,0
2014,1,10577,Alabama,1,1,0,0,0,1,1,119,SUMTER (119),0,NOT APPLICABLE,18,10,October,2014,7,Saturday,18,6:00pm-6:59pm,20,20,0,This section IS NOT on the NHS,,,,,,,3,State Highway,SR-17,,1310,1310,32.39073611,32.39073611,-88.200852780,-88.200852780,0,No Special Jurisdiction,34,Ditch,0,Not a Collision with Motor Vehicle In-Transport,0,No,1,Non-Junction,1,Not an Intersection,0,None,3,Rural-Minor Arterial,4,On Roadside,5,Dusk,1,Clear,0,No Additional Atmospheric Conditions,1,Clear,0,No,0000000,Not Applicable,99,Unknown,99,Unknown,18,6:00pm-6:59pm,40,40,88,"Not Applicable (Not Transported) ",88,Not Applicable (Not Transported),0,None,0,None,0,None,1,1
2014,1,10578,Alabama,1,1,0,0,0,2,2,117,SHELBY (117),0,NOT APPLICABLE,19,10,October,2014,1,Sunday,5,5:00am-5:59am,30,30,0,This section IS NOT on the NHS,,,,,,,4,County Road,CR-DUNNAVANT VALLEY ROAD,,0,None,33.41039167,33.41039167,-86.630672220,-86.630672220,0,No Special Jurisdiction,30,Utility Pole/Light Support,0,Not a Collision with Motor Vehicle In-Transport,0,No,1,Non-Junction,1,Not an Intersection,0,None,3,Rural-Minor Arterial,4,On Roadside,2,Dark - Not Lighted,1,Clear,0,No Additional Atmospheric Conditions,1,Clear,0,No,0000000,Not Applicable,5,5:00am-5:59am,31,31,5,5:00am-5:59am,39,39,6,6:00am-6:59am,24,24,0,None,0,None,0,None,1,1
2014,1,10579,Alabama,2,2,0,0,0,2,2,89,MADISON (89),1730,HUNTSVILLE,22,10,October,2014,4,Wednesday,19,7:00pm-7:59pm,12,12,0,This section IS NOT on the NHS,,,,,,,6,Local Street - Municipality,MASTIN LAKE RD,,0,None,34.77151111,34.77151111,-86.647427780,-86.647427780,0,No Special Jurisdiction,12,"Motor Vehicle In-Transport ",1,"Front-to-Rear ",0,No,1,Non-Junction,1,Not an Intersection,0,None,15,Urban-Collector,1,On Roadway,3,Dark - Lighted,1,Clear,0,No Additional Atmospheric Conditions,1,Clear,0,No,0000000,Not Applicable,19,7:00pm-7:59pm,12,12,19,7:00pm-7:59pm,17,17,19,7:00pm-7:59pm,37,37,0,None,0,None,0,None,1,0
2014,1,10580,Alabama,1,1,0,1,1,2,2,101,MONTGOMERY (101),2130,MONTGOMERY,19,10,October,2014,1,Sunday,11,11:00am-11:59am,48,48,1,This section IS ON the NHS,,,,,,,6,Local Street - Municipality,BIRMINGHAM HWY,,0,None,32.36526111,32.36526111,-86.370938890,-86.370938890,0,No Special Jurisdiction,8,Pedestrian,0,Not a Collision with Motor Vehicle In-Transport,0,No,1,Non-Junction,1,Not an Intersection,0,None,13,Urban-Other Principal Arterial,1,On Roadway,1,Daylight,1,Clear,0,No Additional Atmospheric Conditions,1,Clear,0,No,0000000,Not Applicable,12,12:00pm-12:59pm,31,31,12,12:00pm-12:59pm,39,39,88,"Not Applicable (Not Transported) ",88,Not Applicable (Not Transported),0,None,0,None,0,None,1,1
2014,1,10581,Alabama,1,1,0,0,0,1,1,73,JEFFERSON (73),0,NOT APPLICABLE,8,10,October,2014,4,Wednesday,4,4:00am-4:59am,0,0,0,This section IS NOT on the NHS,,,,,,,4,County Road,CR-ZUBER ROAD,,0,None,33.74828056,33.74828056,-86.555508330,-86.555508330,0,No Special Jurisdiction,42,Tree (Standing Only),0,Not a Collision with Motor Vehicle In-Transport,0,No,1,Non-Junction,1,Not an Intersection,0,None,4,Rural-Major Collector,4,On Roadside,2,Dark - Not Lighted,1,Clear,0,No Additional Atmospheric Conditions,1,Clear,0,No,0000000,Not Applicable,99,Unknown,99,Unknown,4,4:00am-4:59am,55,55,88,"Not Applicable (Not Transported) ",88,Not Applicable (Not Transported),0,None,0,None,0,None,1,0
2014,1,10582,Alabama,3,3,0,0,0,6,6,39,COVINGTON (39),0,NOT APPLICABLE,27,10,October,2014,2,Monday,18,6:00pm-6:59pm,30,30,0,This section IS NOT on the NHS,,,,,,,4,County Road,CR-67,,0,None,31.41196667,31.41196667,-86.376291670,-86.376291670,0,No Special Jurisdiction,12,"Motor Vehicle In-Transport ",1,"Front-to-Rear ",0,No,1,Non-Junction,1,Not an Intersection,0,None,4,Rural-Major Collector,1,On Roadway,2,Dark - Not Lighted,10,Cloudy,0,No Additional Atmospheric Conditions,10,Cloudy,0,No,0000000,Not Applicable,99,Unknown,99,Unknown,18,6:00pm-6:59pm,45,45,88,"Not Applicable (Not Transported) ",88,Not Applicable (Not Transported),14,"Motor Vehicle struck by falling cargo,or something that came loose from or something that was set in motion by a vehicle",0,None,0,None,2,0
2014,1,10583,Alabama,1,1,0,0,0,2,2,69,HOUSTON (69),0,NOT APPLICABLE,26,10,October,2014,1,Sunday,20,8:00pm-8:59pm,30,30,0,This section IS NOT on the NHS,,,,,,,3,State Highway,SR-53,,3,3,31.00464722,31.00464722,-85.207666670,-85.207666670,0,No Special Jurisdiction,38,Fence,0,Not a Collision with Motor Vehicle In-Transport,0,No,1,Non-Junction,1,Not an Intersection,0,None,3,Rural-Minor Arterial,4,On Roadside,2,Dark - Not Lighted,1,Clear,0,No Additional Atmospheric Conditions,1,Clear,0,No,0000000,Not Applicable,99,Unknown,99,Unknown,20,8:00pm-8:59pm,43,43,99,Unknown,99,Unknown EMS Hospital Arrival Time,0,None,0,None,0,None,1,1
2014,1,10584,Alabama,2,2,0,0,0,2,2,47,DALLAS (47),2760,SELMA,25,10,October,2014,7,Saturday,11,11:00am-11:59am,0,0,0,This section IS NOT on the NHS,,,,,,,6,Local Street - Municipality,SUMMERFIELD ROAD,,0,None,32.43176944,32.43176944,-87.032661110,-87.032661110,0,No Special Jurisdiction,34,Ditch,0,Not a Collision with Motor Vehicle In-Transport,0,No,1,Non-Junction,1,Not an Intersection,0,None,16,Urban-Local Road or Street,4,On Roadside,1,Daylight,1,Clear,0,No Additional Atmospheric Conditions,1,Clear,0,No,0000000,Not Applicable,99,Unknown,99,Unknown,11,11:00am-11:59am,5,5,88,"Not Applicable (Not Transported) ",88,Not Applicable (Not Transported),0,None,0,None,0,None,1,1
2014,1,10585,Alabama,1,1,0,0,0,3,3,23,CHOCTAW (23),0,NOT APPLICABLE,18,10,October,2014,7,Saturday,21,9:00pm-9:59pm,13,13,0,This section IS NOT on the NHS,,,,,,,4,County Road,CR-WALLACE MCNEELY ROAD,,0,None,32.19989167,32.19989167,-88.023905560,-88.023905560,0,No Special Jurisdiction,42,Tree (Standing Only),0,Not a Collision with Motor Vehicle In-Transport,0,No,1,Non-Junction,1,Not an Intersection,0,None,6,Rural-Local Road or Street,4,On Roadside,2,Dark - Not Lighted,1,Clear,0,No Additional Atmospheric Conditions,1,Clear,0,No,0000000,Not Applicable,99,Unknown,99,Unknown,21,9:00pm-9:59pm,24,24,99,Unknown,99,Unknown EMS Hospital Arrival Time,0,None,0,None,0,None,1,1
2014,1,10586,Alabama,2,2,0,0,0,2,2,59,FRANKLIN (59),0,NOT APPLICABLE,22,10,October,2014,4,Wednesday,20,8:00pm-8:59pm,23,23,1,This section IS ON the NHS,,,,,,,3,State Highway,SR-247,,26,26,34.47991389,34.47991389,-88.055136110,-88.055136110,0,No Special Jurisdiction,12,"Motor Vehicle In-Transport ",2,Front-to-Front,0,No,1,Non-Junction,1,Not an Intersection,0,None,2,Rural-Principal Arterial-Other,1,On Roadway,2,Dark - Not Lighted,1,Clear,0,No Additional Atmospheric Conditions,1,Clear,0,No,0000000,Not Applicable,99,Unknown,99,Unknown,20,8:00pm-8:59pm,35,35,88,"Not Applicable (Not Transported) ",88,Not Applicable (Not Transported),0,None,0,None,0,None,2,0
2014,1,10587,Alabama,1,1,0,0,0,4,4,113,RUSSELL (113),0,NOT APPLICABLE,19,10,October,2014,1,Sunday,16,4:00pm-4:59pm,34,34,0,This section IS NOT on the NHS,,,,,,,4,County Road,CR-BOSWELL RD,,0,None,32.42898333,32.42898333,-85.145936110,-85.145936110,0,No Special Jurisdiction,1,Rollover/Overturn,0,Not a Collision with Motor Vehicle In-Transport,0,No,1,Non-Junction,1,Not an Intersection,0,None,4,Rural-Major Collector,4,On Roadside,1,Daylight,1,Clear,0,No Additional Atmospheric Conditions,1,Clear,0,No,0000000,Not Applicable,99,Unknown,99,Unknown,16,4:00pm-4:59pm,44,44,99,Unknown,99,Unknown EMS Hospital Arrival Time,0,None,0,None,0,None,2,1
2014,1,10588,Alabama,1,1,0,0,0,1,1,87,MACON (87),0,NOT APPLICABLE,25,10,October,2014,7,Saturday,3,3:00am-3:59am,35,35,0,This section IS NOT on the NHS,,,,,,,4,County Road,CR-19,,0,None,32.32936944,32.32936944,-85.834350000,-85.834350000,0,No Special Jurisdiction,32,Culvert,0,Not a Collision with Motor Vehicle In-Transport,0,No,1,Non-Junction,1,Not an Intersection,0,None,4,Rural-Major Collector,4,On Roadside,2,Dark - Not Lighted,1,Clear,0,No Additional Atmospheric Conditions,1,Clear,0,No,0000000,Not Applicable,88,Not Applicable (Not Notified),88,Not Applicable (Not Notified),88,"Not Applicable ",88,Not Applicable,88,"Not Applicable (Not Transported) ",88,Not Applicable (Not Transported),0,None,0,None,0,None,1,0
2014,1,10589,Alabama,1,1,0,0,0,1,1,125,TUSCALOOSA (125),0,NOT APPLICABLE,25,10,October,2014,7,Saturday,17,5:00pm-5:59pm,15,15,0,This section IS NOT on the NHS,,,,,,,4,County Road,CR-EASTERN VALLEY ROAD,,0,None,33.23535000,33.23535000,-87.096613890,-87.096613890,0,No Special Jurisdiction,11,Live Animal,0,Not a Collision with Motor Vehicle In-Transport,0,No,1,Non-Junction,1,Not an Intersection,0,None,5,Rural-Minor Collector,1,On Roadway,1,Daylight,1,Clear,0,No Additional Atmospheric Conditions,1,Clear,0,No,0000000,Not Applicable,99,Unknown,99,Unknown,17,5:00pm-5:59pm,40,40,99,Unknown,99,Unknown EMS Hospital Arrival Time,0,None,0,None,0,None,1,0
2014,1,10590,Alabama,1,1,0,0,0,2,2,129,WASHINGTON (129),0,NOT APPLICABLE,27,10,October,2014,2,Monday,11,11:00am-11:59am,45,45,0,This section IS NOT on the NHS,,,,,,,4,County Road,CR-FAIRFORD RD,,0,None,31.15965556,31.15965556,-88.023786110,-88.023786110,0,No Special Jurisdiction,18,Other Object (not fixed),0,Not a Collision with Motor Vehicle In-Transport,0,No,1,Non-Junction,1,Not an Intersection,0,None,4,Rural-Major Collector,4,On Roadside,1,Daylight,1,Clear,0,No Additional Atmospheric Conditions,1,Clear,0,No,0000000,Not Applicable,99,Unknown,99,Unknown,12,12:00pm-12:59pm,0,0,88,"Not Applicable (Not Transported) ",88,Not Applicable (Not Transported),0,None,0,None,0,None,2,1
2014,1,10591,Alabama,2,2,0,0,0,4,4,35,CONECUH (35),0,NOT APPLICABLE,28,10,October,2014,3,Tuesday,17,5:00pm-5:59pm,6,6,0,This section IS NOT on the NHS,,,,,,,4,County Road,CR-15,CR-23,0,None,31.43343056,31.43343056,-87.401194440,-87.401194440,0,No Special Jurisdiction,12,"Motor Vehicle In-Transport ",2,Front-to-Front,0,No,2,Intersection,4,Y-Intersection,0,None,4,Rural-Major Collector,1,On Roadway,1,Daylight,1,Clear,0,No Additional Atmospheric Conditions,1,Clear,0,No,0000000,Not Applicable,17,5:00pm-5:59pm,21,21,17,5:00pm-5:59pm,33,33,17,5:00pm-5:59pm,50,50,0,None,0,None,0,None,1,1
2014,1,10592,Alabama,1,1,0,1,1,1,1,19,CHEROKEE (19),630,CENTRE,29,10,October,2014,4,Wednesday,18,6:00pm-6:59pm,43,43,0,This section IS NOT on the NHS,,,,,,,6,Local Street - Municipality,WEST MAIN ST,,0,None,34.15253611,34.15253611,-85.680972220,-85.680972220,0,No Special Jurisdiction,8,Pedestrian,0,Not a Collision with Motor Vehicle In-Transport,0,No,1,Non-Junction,1,Not an Intersection,0,None,4,Rural-Major Collector,1,On Roadway,2,Dark - Not Lighted,1,Clear,0,No Additional Atmospheric Conditions,1,Clear,0,No,0000000,Not Applicable,18,6:00pm-6:59pm,49,49,19,7:00pm-7:59pm,19,19,20,8:00pm-8:59pm,7,7,0,None,0,None,0,None,1,0
2014,1,10593,Alabama,1,1,0,0,0,2,2,83,LIMESTONE (83),0,NOT APPLICABLE,1,11,November,2014,7,Saturday,23,11:00pm-11:59pm,10,10,0,This section IS NOT on the NHS,,,,,,,4,County Road,CR-W LIMESTONE SCHOOL RD,,0,None,34.93440278,34.93440278,-87.123188890,-87.123188890,0,No Special Jurisdiction,42,Tree (Standing Only),0,Not a Collision with Motor Vehicle In-Transport,0,No,1,Non-Junction,1,Not an Intersection,0,None,6,Rural-Local Road or Street,4,On Roadside,2,Dark - Not Lighted,1,Clear,0,No Additional Atmospheric Conditions,1,Clear,0,No,0000000,Not Applicable,99,Unknown,99,Unknown,23,11:00pm-11:59pm,35,35,99,Unknown,99,Unknown EMS Hospital Arrival Time,0,None,0,None,0,None,1,1
2014,1,10594,Alabama,1,1,0,0,0,1,1,117,SHELBY (117),0,NOT APPLICABLE,24,10,October,2014,6,Friday,18,6:00pm-6:59pm,52,52,0,This section IS NOT on the NHS,,,,,,,4,County Road,CR-VALLEYDALE ROAD,,0,None,33.39256111,33.39256111,-86.721361110,-86.721361110,0,No Special Jurisdiction,32,Culvert,0,Not a Collision with Motor Vehicle In-Transport,0,No,1,Non-Junction,1,Not an Intersection,0,None,14,Urban-Minor Arterial,5,Outside Trafficway,2,Dark - Not Lighted,1,Clear,0,No Additional Atmospheric Conditions,1,Clear,0,No,0000000,Not Applicable,99,Unknown,99,Unknown,18,6:00pm-6:59pm,58,58,88,"Not Applicable (Not Transported) ",88,Not Applicable (Not Transported),0,None,0,None,0,None,1,1
2014,1,10595,Alabama,2,2,0,0,0,2,2,95,MARSHALL (95),0,NOT APPLICABLE,29,10,October,2014,4,Wednesday,17,5:00pm-5:59pm,20,20,1,This section IS ON the NHS,,,,,,,3,State Highway,SR-53,MATT MORROW ROAD,2916,2916,34.39226944,34.39226944,-86.515861110,-86.515861110,0,No Special Jurisdiction,12,"Motor Vehicle In-Transport ",6,"Angle ",0,No,2,Intersection,3,T-Intersection,0,None,2,Rural-Principal Arterial-Other,1,On Roadway,1,Daylight,1,Clear,0,No Additional Atmospheric Conditions,1,Clear,0,No,0000000,Not Applicable,99,Unknown,99,Unknown,17,5:00pm-5:59pm,33,33,88,"Not Applicable (Not Transported) ",88,Not Applicable (Not Transported),0,None,0,None,0,None,1,0
2014,1,10596,Alabama,2,2,0,0,0,2,2,51,ELMORE (51),3270,WETUMPKA,31,10,October,2014,6,Friday,6,6:00am-6:59am,16,16,1,This section IS ON the NHS,,,,,,,2,U.S. Highway,US-SR 9,,1150,1150,32.46269722,32.46269722,-86.193208330,-86.193208330,0,No Special Jurisdiction,12,"Motor Vehicle In-Transport ",1,"Front-to-Rear ",0,No,1,Non-Junction,1,Not an Intersection,0,None,13,Urban-Other Principal Arterial,1,On Roadway,2,Dark - Not Lighted,1,Clear,0,No Additional Atmospheric Conditions,1,Clear,0,No,0000000,Not Applicable,99,Unknown,99,Unknown,6,6:00am-6:59am,24,24,88,"Not Applicable (Not Transported) ",88,Not Applicable (Not Transported),0,None,0,None,0,None,1,0
2014,1,10597,Alabama,2,2,0,0,0,3,3,83,LIMESTONE (83),0,NOT APPLICABLE,31,10,October,2014,6,Friday,16,4:00pm-4:59pm,10,10,1,This section IS ON the NHS,,,,,,,2,U.S. Highway,US-SR 2,EAST LIMESTONE RD,832,832,34.75832500,34.75832500,-86.833880560,-86.833880560,0,No Special Jurisdiction,12,"Motor Vehicle In-Transport ",2,Front-to-Front,0,No,2,Intersection,3,T-Intersection,0,None,2,Rural-Principal Arterial-Other,1,On Roadway,1,Daylight,2,Rain,0,No Additional Atmospheric Conditions,2,Rain,0,No,0000000,Not Applicable,99,Unknown,99,Unknown,16,4:00pm-4:59pm,25,25,99,Unknown,99,Unknown EMS Hospital Arrival Time,0,None,0,None,0,None,1,0
2014,1,10598,Alabama,1,1,0,0,0,5,5,81,LEE (81),0,NOT APPLICABLE,31,10,October,2014,6,Friday,21,9:00pm-9:59pm,52,52,0,This section IS NOT on the NHS,,,,,,,4,County Road,CR-150,,0,None,32.57473611,32.57473611,-85.281436110,-85.281436110,0,No Special Jurisdiction,18,Other Object (not fixed),0,Not a Collision with Motor Vehicle In-Transport,0,No,1,Non-Junction,1,Not an Intersection,0,None,16,Urban-Local Road or Street,1,On Roadway,2,Dark - Not Lighted,8,Other,0,No Additional Atmospheric Conditions,8,Other,0,No,0000000,Not Applicable,99,Unknown,99,Unknown,22,10:00pm-10:59pm,10,10,99,Unknown,99,Unknown EMS Hospital Arrival Time,0,None,0,None,0,None,1,1
2014,1,10599,Alabama,1,1,0,0,0,1,1,97,MOBILE (97),0,NOT APPLICABLE,1,11,November,2014,7,Saturday,10,10:00am-10:59am,35,35,0,This section IS NOT on the NHS,,,,,,,4,County Road,CR-HENRY DAVIS RD,,0,None,31.02623056,31.02623056,-88.092913890,-88.092913890,0,No Special Jurisdiction,1,Rollover/Overturn,0,Not a Collision with Motor Vehicle In-Transport,0,No,1,Non-Junction,1,Not an Intersection,0,None,6,Rural-Local Road or Street,5,Outside Trafficway,1,Daylight,1,Clear,0,No Additional Atmospheric Conditions,1,Clear,0,No,0000000,Not Applicable,99,Unknown,99,Unknown,10,10:00am-10:59am,53,53,88,"Not Applicable (Not Transported) ",88,Not Applicable (Not Transported),0,None,0,None,0,None,1,0
2014,1,10600,Alabama,1,1,0,0,0,1,1,3,BALDWIN (3),0,NOT APPLICABLE,1,11,November,2014,7,Saturday,14,2:00pm-2:59pm,20,20,1,This section IS ON the NHS,,,,,,,1,Interstate,I-10,,420,420,30.65420278,30.65420278,-87.798463890,-87.798463890,0,No Special Jurisdiction,1,Rollover/Overturn,0,Not a Collision with Motor Vehicle In-Transport,0,No,1,Non-Junction,1,Not an Intersection,0,None,2,Rural-Principal Arterial-Other,5,Outside Trafficway,1,Daylight,1,Clear,0,No Additional Atmospheric Conditions,1,Clear,0,No,0000000,Not Applicable,99,Unknown,99,Unknown,14,2:00pm-2:59pm,32,32,88,"Not Applicable (Not Transported) ",88,Not Applicable (Not Transported),0,None,0,None,0,None,1,0
2014,1,10601,Alabama,1,1,0,0,0,3,3,33,COLBERT (33),2780,SHEFFIELD,2,11,November,2014,1,Sunday,2,2:00am-2:59am,2,2,0,This section IS NOT on the NHS,,,,,,,6,Local Street - Municipality,JACKSON HWY,28TH ST,0,None,34.76172778,34.76172778,-87.683438890,-87.683438890,0,No Special Jurisdiction,30,Utility Pole/Light Support,0,Not a Collision with Motor Vehicle In-Transport,0,No,3,"Intersection-Related ",2,Four-Way Intersection,0,None,14,Urban-Minor Arterial,4,On Roadside,3,Dark - Lighted,1,Clear,0,No Additional Atmospheric Conditions,1,Clear,0,No,0000000,Not Applicable,99,Unknown,99,Unknown,2,2:00am-2:59am,5,5,88,"Not Applicable (Not Transported) ",88,Not Applicable (Not Transported),0,None,0,None,0,None,3,0
2014,1,10602,Alabama,1,1,0,0,0,1,1,15,CALHOUN (15),0,NOT APPLICABLE,4,11,November,2014,3,Tuesday,23,11:00pm-11:59pm,15,15,0,This section IS NOT on the NHS,,,,,,,4,County Road,CR-WILLIAMS ROAD,,0,None,33.91276944,33.91276944,-85.777397220,-85.777397220,0,No Special Jurisdiction,35,Embankment,0,Not a Collision with Motor Vehicle In-Transport,0,No,1,Non-Junction,1,Not an Intersection,0,None,6,Rural-Local Road or Street,4,On Roadside,2,Dark - Not Lighted,10,Cloudy,0,No Additional Atmospheric Conditions,10,Cloudy,0,No,0000000,Not Applicable,99,Unknown,99,Unknown,23,11:00pm-11:59pm,35,35,88,"Not Applicable (Not Transported) ",88,Not Applicable (Not Transported),0,None,0,None,0,None,1,0
2014,1,10603,Alabama,1,1,0,0,0,1,1,123,TALLAPOOSA (123),0,NOT APPLICABLE,5,11,November,2014,4,Wednesday,10,10:00am-10:59am,25,25,0,This section IS NOT on the NHS,,,,,,,4,County Road,CR-OBED LOOP,,0,None,32.66676111,32.66676111,-85.834330560,-85.834330560,0,No Special Jurisdiction,34,Ditch,0,Not a Collision with Motor Vehicle In-Transport,0,No,1,Non-Junction,1,Not an Intersection,0,None,6,Rural-Local Road or Street,4,On Roadside,1,Daylight,10,Cloudy,0,No Additional Atmospheric Conditions,10,Cloudy,0,No,0000000,Not Applicable,99,Unknown,99,Unknown,10,10:00am-10:59am,55,55,88,"Not Applicable (Not Transported) ",88,Not Applicable (Not Transported),0,None,0,None,0,None,1,0
2014,1,10604,Alabama,2,2,0,0,0,3,3,115,ST. CLAIR (115),0,NOT APPLICABLE,5,11,November,2014,4,Wednesday,18,6:00pm-6:59pm,25,25,0,This section IS NOT on the NHS,,,,,,,2,U.S. Highway,US-SR 7,,1704,1704,33.81847778,33.81847778,-86.374847220,-86.374847220,0,No Special Jurisdiction,12,"Motor Vehicle In-Transport ",1,"Front-to-Rear ",0,No,8,Driveway Access Related,1,Not an Intersection,0,None,4,Rural-Major Collector,1,On Roadway,2,Dark - Not Lighted,1,Clear,0,No Additional Atmospheric Conditions,1,Clear,0,No,0000000,Not Applicable,99,Unknown,99,Unknown,18,6:00pm-6:59pm,35,35,99,Unknown,99,Unknown EMS Hospital Arrival Time,0,None,0,None,0,None,1,0
2014,1,10605,Alabama,1,1,0,1,1,1,1,103,MORGAN (103),1590,HARTSELLE,5,11,November,2014,4,Wednesday,16,4:00pm-4:59pm,53,53,0,This section IS NOT on the NHS,,,,,,,6,Local Street - Municipality,SPARKMAN ST,,0,None,34.44095000,34.44095000,-86.933616670,-86.933616670,0,No Special Jurisdiction,8,Pedestrian,0,Not a Collision with Motor Vehicle In-Transport,0,No,1,Non-Junction,1,Not an Intersection,0,None,14,Urban-Minor Arterial,1,On Roadway,5,Dusk,2,Rain,0,No Additional Atmospheric Conditions,2,Rain,0,No,0000000,Not Applicable,99,Unknown,99,Unknown,17,5:00pm-5:59pm,14,14,99,Unknown,99,Unknown EMS Hospital Arrival Time,0,None,0,None,0,None,1,0
2014,1,10606,Alabama,1,1,0,1,1,1,1,73,JEFFERSON (73),350,BIRMINGHAM,7,11,November,2014,6,Friday,18,6:00pm-6:59pm,10,10,0,This section IS NOT on the NHS,,,,,,,6,Local Street - Municipality,FINLEY BLVD,16TH ST N,0,None,33.53950000,33.53950000,-86.829033330,-86.829033330,0,No Special Jurisdiction,8,Pedestrian,0,Not a Collision with Motor Vehicle In-Transport,0,No,3,"Intersection-Related ",2,Four-Way Intersection,0,None,14,Urban-Minor Arterial,1,On Roadway,3,Dark - Lighted,1,Clear,0,No Additional Atmospheric Conditions,1,Clear,0,No,0000000,Not Applicable,99,Unknown,99,Unknown,18,6:00pm-6:59pm,12,12,99,Unknown,99,Unknown EMS Hospital Arrival Time,0,None,0,None,0,None,1,0