caseyear,state,st_case,statename,ve_total,ve_forms,pvh_invl,peds,pernotmvit,permvit,persons,county,countyname,city,cityname,day,month,monthname,year,day_week,day_weekname,hour,hourname,minute,minutename,nhs,nhsname,rur_urb,rur_urbname,func_sys,func_sysname,rd_owner,rd_ownername,route,routename,tway_id,tway_id2,milept,mileptname,latitude,latitudename,longitud,longitudname,sp_jur,sp_jurname,harm_ev,harm_evname,man_coll,man_collname,reljct1,reljct1name,reljct2,reljct2name,typ_int,typ_intname,wrk_zone,wrk_zonename,road_fnc,road_fncname,rel_road,rel_roadname,lgt_cond,lgt_condname,weather1,weather1name,weather2,weather2name,weather,weathername,sch_bus,sch_busname,rail,railname,not_hour,not_hourname,not_min,not_minname,arr_hour,arr_hourname,arr_min,arr_minname,hosp_hr,hosp_hrname,hosp_mn,hosp_mnname,cf1,cf1name,cf2,cf2name,cf3,cf3name,fatals,drunk_dr
2014,1,10607,Alabama,2,2,0,0,0,3,3,89,MADISON (89),1508,GURLEY,8,11,November,2014,7,Saturday,17,5:00pm-5:59pm,11,11,1,This section IS ON the NHS,,,,,,,3,State Highway,SR-2,STEEL DR,1140,1140,34.69468333,34.69468333,-86.368200000,-86.368200000,0,No Special Jurisdiction,12,"Motor Vehicle In-Transport ",6,"Angle ",0,No,8,Driveway Access Related,1,Not an Intersection,0,None,2,Rural-Principal Arterial-Other,1,On Roadway,5,Dusk,1,Clear,0,No Additional Atmospheric Conditions,1,Clear,0,No,0000000,Not Applicable,99,Unknown,99,Unknown,17,5:00pm-5:59pm,34,34,99,Unknown,99,Unknown EMS Hospital Arrival Time,0,None,0,None,0,None,1,0
2014,1,10608,Alabama,1,1,0,0,0,2,2,15,CALHOUN (15),100,ANNISTON,9,11,November,2014,1,Sunday,5,5:00am-5:59am,12,12,0,This section IS NOT on the NHS,,,,,,,6,Local Street - Municipality,COLEMAN ROAD,,0,None,33.63324167,33.63324167,-85.803416670,-85.803416670,0,No Special Jurisdiction,52,Guardrail End,0,Not a Collision with Motor Vehicle In-Transport,0,No,1,Non-Junction,1,Not an Intersection,0,None,15,Urban-Collector,4,On Roadside,4,Dawn,1,Clear,0,No Additional Atmospheric Conditions,1,Clear,0,No,0000000,Not Applicable,99,Unknown,99,Unknown,5,5:00am-5:59am,17,17,99,Unknown,99,Unknown EMS Hospital Arrival Time,0,None,0,None,0,None,1,1
2014,1,10609,Alabama,2,2,0,0,0,2,2,97,MOBILE (97),0,NOT APPLICABLE,10,11,November,2014,2,Monday,7,7:00am-7:59am,55,55,0,This section IS NOT on the NHS,,,,,,,3,State Highway,SR-217,SUNCREST DR,14,14,30.76026667,30.76026667,-88.153305560,-88.153305560,0,No Special Jurisdiction,12,"Motor Vehicle In-Transport ",2,Front-to-Front,0,No,3,"Intersection-Related ",3,T-Intersection,0,None,14,Urban-Minor Arterial,2,On Shoulder,1,Daylight,1,Clear,0,No Additional Atmospheric Conditions,1,Clear,0,No,0000000,Not Applicable,99,Unknown,99,Unknown,8,8:00am-8:59am,2,2,99,Unknown,99,Unknown EMS Hospital Arrival Time,0,None,0,None,0,None,2,0
2014,1,10610,Alabama,1,1,0,0,0,2,2,97,MOBILE (97),2100,MOBILE,10,11,November,2014,2,Monday,21,9:00pm-9:59pm,0,0,0,This section IS NOT on the NHS,,,,,,,6,Local Street - Municipality,HALLS MILL ROAD,,0,None,30.64355278,30.64355278,-88.114063890,-88.114063890,0,No Special Jurisdiction,42,Tree (Standing Only),0,Not a Collision with Motor Vehicle In-Transport,0,No,1,Non-Junction,1,Not an Intersection,0,None,14,Urban-Minor Arterial,4,On Roadside,3,Dark - Lighted,10,Cloudy,0,No Additional Atmospheric Conditions,10,Cloudy,0,No,0000000,Not Applicable,99,Unknown,99,Unknown,21,9:00pm-9:59pm,6,6,88,"Not Applicable (Not Transported) ",88,Not Applicable (Not Transported),0,None,0,None,0,None,2,1
2014,1,10612,Alabama,1,1,0,0,0,2,2,3,BALDWIN (3),1493,GULF SHORES,15,10,October,2014,4,Wednesday,13,1:00pm-1:59pm,23,23,0,This section IS NOT on the NHS,,,,,,,3,State Highway,SR-STATE PARK RD 2,,10,10,30.25617222,30.25617222,-87.653741670,-87.653741670,0,No Special Jurisdiction,23,Bridge Rail (Includes parapet),0,Not a Collision with Motor Vehicle In-Transport,0,No,1,Non-Junction,1,Not an Intersection,0,None,4,Rural-Major Collector,4,On Roadside,1,Daylight,1,Clear,0,No Additional Atmospheric Conditions,1,Clear,0,No,0000000,Not Applicable,99,Unknown,99,Unknown,13,1:00pm-1:59pm,30,30,99,Unknown,99,Unknown EMS Hospital Arrival Time,0,None,0,None,0,None,1,0
2014,1,10613,Alabama,1,1,0,0,0,3,3,125,TUSCALOOSA (125),0,NOT APPLICABLE,8,10,October,2014,4,Wednesday,21,9:00pm-9:59pm,50,50,0,This section IS NOT on the NHS,,,,,,,4,County Road,CR-KEENES MILL RD,,0,None,33.20095278,33.20095278,-87.447252780,-87.447252780,0,No Special Jurisdiction,23,Bridge Rail (Includes parapet),0,Not a Collision with Motor Vehicle In-Transport,0,No,1,Non-Junction,1,Not an Intersection,0,None,14,Urban-Minor Arterial,4,On Roadside,2,Dark - Not Lighted,1,Clear,0,No Additional Atmospheric Conditions,1,Clear,0,No,0000000,Not Applicable,22,10:00pm-10:59pm,21,21,22,10:00pm-10:59pm,34,34,23,11:00pm-11:59pm,3,3,0,None,0,None,0,None,1,1
2014,1,10614,Alabama,2,2,0,0,0,4,4,69,HOUSTON (69),930,DOTHAN,18,10,October,2014,7,Saturday,7,7:00am-7:59am,7,7,1,This section IS ON the NHS,,,,,,,6,Local Street - Municipality,GREY HODGES RD,REEVES ST,0,None,31.28350556,31.28350556,-85.368386110,-85.368386110,0,No Special Jurisdiction,12,"Motor Vehicle In-Transport ",6,"Angle ",0,No,2,Intersection,2,Four-Way Intersection,0,None,13,Urban-Other Principal Arterial,1,On Roadway,1,Daylight,1,Clear,0,No Additional Atmospheric Conditions,1,Clear,0,No,0000000,Not Applicable,99,Unknown,99,Unknown,7,7:00am-7:59am,15,15,99,Unknown,99,Unknown EMS Hospital Arrival Time,0,None,0,None,0,None,1,0
2014,1,10615,Alabama,2,2,0,0,0,3,3,63,GREENE (63),1213,FORKLAND,22,10,October,2014,4,Wednesday,8,8:00am-8:59am,5,5,1,This section IS ON the NHS,,,,,,,2,U.S. Highway,US-SR 43,ML KING DR,1461,1461,32.64298611,32.64298611,-87.870883330,-87.870883330,0,No Special Jurisdiction,12,"Motor Vehicle In-Transport ",6,"Angle ",0,No,2,Intersection,2,Four-Way Intersection,0,None,2,Rural-Principal Arterial-Other,1,On Roadway,1,Daylight,1,Clear,0,No Additional Atmospheric Conditions,1,Clear,0,No,0000000,Not Applicable,8,8:00am-8:59am,13,13,8,8:00am-8:59am,27,27,99,Unknown,99,Unknown EMS Hospital Arrival Time,0,None,0,None,0,None,1,0
2014,1,10616,Alabama,1,1,0,0,0,1,1,21,CHILTON (21),0,NOT APPLICABLE,28,10,October,2014,3,Tuesday,6,6:00am-6:59am,40,40,0,This section IS NOT on the NHS,,,,,,,3,State Highway,SR-22,,473,473,32.73000556,32.73000556,-86.902563890,-86.902563890,0,No Special Jurisdiction,34,Ditch,0,Not a Collision with Motor Vehicle In-Transport,0,No,1,Non-Junction,1,Not an Intersection,0,None,14,Urban-Minor Arterial,4,On Roadside,1,Daylight,5,"Fog, Smog, Smoke",0,No Additional Atmospheric Conditions,5,"Fog, Smog, Smoke",0,No,0000000,Not Applicable,99,Unknown,99,Unknown,7,7:00am-7:59am,11,11,88,"Not Applicable (Not Transported) ",88,Not Applicable (Not Transported),0,None,0,None,0,None,1,0
2014,1,10617,Alabama,2,2,0,0,0,5,5,65,HALE (65),0,NOT APPLICABLE,2,11,November,2014,1,Sunday,22,10:00pm-10:59pm,0,0,0,This section IS NOT on the NHS,,,,,,,3,State Highway,SR-69,,1133,1133,32.77354167,32.77354167,-87.585563890,-87.585563890,0,No Special Jurisdiction,12,"Motor Vehicle In-Transport ",6,"Angle ",0,No,1,Non-Junction,1,Not an Intersection,0,None,3,Rural-Minor Arterial,1,On Roadway,2,Dark - Not Lighted,1,Clear,0,No Additional Atmospheric Conditions,1,Clear,0,No,0000000,Not Applicable,99,Unknown,99,Unknown,22,10:00pm-10:59pm,15,15,99,Unknown,99,Unknown EMS Hospital Arrival Time,0,None,0,None,0,None,3,0
2014,1,10618,Alabama,2,2,0,1,1,2,2,97,MOBILE (97),0,NOT APPLICABLE,9,11,November,2014,1,Sunday,17,5:00pm-5:59pm,40,40,0,This section IS NOT on the NHS,,,,,,,4,County Road,CR-MCCRARY ROAD,,0,None,30.81620000,30.81620000,-88.259505560,-88.259505560,0,No Special Jurisdiction,8,Pedestrian,0,Not a Collision with Motor Vehicle In-Transport,0,No,8,Driveway Access Related,1,Not an Intersection,0,None,4,Rural-Major Collector,1,On Roadway,2,Dark - Not Lighted,1,Clear,0,No Additional Atmospheric Conditions,1,Clear,0,No,0000000,Not Applicable,99,Unknown,99,Unknown,17,5:00pm-5:59pm,50,50,99,Unknown,99,Unknown EMS Hospital Arrival Time,0,None,0,None,0,None,1,0
2014,1,10619,Alabama,1,1,0,0,0,1,1,97,MOBILE (97),0,NOT APPLICABLE,11,11,November,2014,3,Tuesday,23,11:00pm-11:59pm,10,10,0,This section IS NOT on the NHS,,,,,,,4,County Road,CR-JEFF HAMILTON ROAD,,0,None,30.63372778,30.63372778,-88.285377780,-88.285377780,0,No Special Jurisdiction,42,Tree (Standing Only),0,Not a Collision with Motor Vehicle In-Transport,0,No,1,Non-Junction,1,Not an Intersection,0,None,4,Rural-Major Collector,4,On Roadside,2,Dark - Not Lighted,1,Clear,0,No Additional Atmospheric Conditions,1,Clear,0,No,0000000,Not Applicable,99,Unknown,99,Unknown,23,11:00pm-11:59pm,20,20,88,"Not Applicable (Not Transported) ",88,Not Applicable (Not Transported),0,None,0,None,0,None,1,0
2014,1,10620,Alabama,1,1,0,0,0,1,1,129,WASHINGTON (129),0,NOT APPLICABLE,12,11,November,2014,4,Wednesday,3,3:00am-3:59am,0,0,1,This section IS ON the NHS,,,,,,,2,U.S. Highway,US-SR 43,,346,346,31.21934722,31.21934722,-88.018883330,-88.018883330,0,No Special Jurisdiction,1,Rollover/Overturn,0,Not a Collision with Motor Vehicle In-Transport,0,No,1,Non-Junction,1,Not an Intersection,0,None,2,Rural-Principal Arterial-Other,4,On Roadside,2,Dark - Not Lighted,1,Clear,0,No Additional Atmospheric Conditions,1,Clear,0,No,0000000,Not Applicable,99,Unknown,99,Unknown,3,3:00am-3:59am,15,15,88,"Not Applicable (Not Transported) ",88,Not Applicable (Not Transported),0,None,0,None,0,None,1,1
2014,1,10621,Alabama,1,1,0,0,0,2,2,15,CALHOUN (15),0,NOT APPLICABLE,12,11,November,2014,4,Wednesday,4,4:00am-4:59am,0,0,0,This section IS NOT on the NHS,,,,,,,4,County Road,CR-MAXWELLBORN RD,,0,None,33.88634444,33.88634444,-85.702680560,-85.702680560,0,No Special Jurisdiction,59,"Traffic Sign Support ",0,Not a Collision with Motor Vehicle In-Transport,0,No,1,Non-Junction,1,Not an Intersection,0,None,6,Rural-Local Road or Street,4,On Roadside,2,Dark - Not Lighted,1,Clear,0,No Additional Atmospheric Conditions,1,Clear,0,No,0000000,Not Applicable,99,Unknown,99,Unknown,99,Unknown EMS Scene Arrival Hour,99,Unknown EMS Scene Arrival Minutes,99,Unknown,99,Unknown EMS Hospital Arrival Time,0,None,0,None,0,None,1,1
2014,1,10622,Alabama,2,2,0,0,0,2,2,119,SUMTER (119),0,NOT APPLICABLE,13,11,November,2014,5,Thursday,21,9:00pm-9:59pm,10,10,0,This section IS NOT on the NHS,,,,,,,3,State Highway,SR-17,,1641,1641,32.83028611,32.83028611,-88.309397220,-88.309397220,0,No Special Jurisdiction,12,"Motor Vehicle In-Transport ",1,"Front-to-Rear ",0,No,8,Driveway Access Related,1,Not an Intersection,0,None,3,Rural-Minor Arterial,1,On Roadway,2,Dark - Not Lighted,1,Clear,0,No Additional Atmospheric Conditions,1,Clear,0,No,0000000,Not Applicable,88,Not Applicable (Not Notified),88,Not Applicable (Not Notified),88,"Not Applicable ",88,Not Applicable,88,"Not Applicable (Not Transported) ",88,Not Applicable (Not Transported),0,None,0,None,0,None,1,0
2014,1,10623,Alabama,1,1,0,1,1,1,1,89,MADISON (89),0,NOT APPLICABLE,15,11,November,2014,7,Saturday,0,0:00am-0:59am,25,25,0,This section IS NOT on the NHS,,,,,,,4,County Road,CR-WALL TRIANA HWY,,0,None,34.97955278,34.97955278,-86.748075000,-86.748075000,0,No Special Jurisdiction,8,Pedestrian,0,Not a Collision with Motor Vehicle In-Transport,0,No,1,Non-Junction,1,Not an Intersection,0,None,16,Urban-Local Road or Street,1,On Roadway,2,Dark - Not Lighted,1,Clear,0,No Additional Atmospheric Conditions,1,Clear,0,No,0000000,Not Applicable,99,Unknown,99,Unknown,0,0:00am-0:59am,37,37,99,Unknown,99,Unknown EMS Hospital Arrival Time,0,None,0,None,0,None,1,0
2014,1,10624,Alabama,1,1,0,0,0,1,1,73,JEFFERSON (73),1716,HOOVER,18,11,November,2014,3,Tuesday,3,3:00am-3:59am,20,20,0,This section IS NOT on the NHS,,,,,,,3,State Highway,SR-JOHN HAWKINS PKWY,,0,None,33.35826944,33.35826944,-86.878102780,-86.878102780,0,No Special Jurisdiction,24,Guardrail Face,0,Not a Collision with Motor Vehicle In-Transport,0,No,1,Non-Junction,1,Not an Intersection,0,None,16,Urban-Local Road or Street,4,On Roadside,3,Dark - Lighted,1,Clear,0,No Additional Atmospheric Conditions,1,Clear,0,No,0000000,Not Applicable,99,Unknown,99,Unknown,3,3:00am-3:59am,23,23,88,"Not Applicable (Not Transported) ",88,Not Applicable (Not Transported),0,None,0,None,0,None,1,0
2014,1,10625,Alabama,2,2,0,1,1,2,2,89,MADISON (89),1730,HUNTSVILLE,19,11,November,2014,4,Wednesday,18,6:00pm-6:59pm,59,59,1,This section IS ON the NHS,,,,,,,3,State Highway,SR-MEMORIAL PKWY,,3370,3370,34.76235833,34.76235833,-86.589316670,-86.589316670,0,No Special Jurisdiction,8,Pedestrian,0,Not a Collision with Motor Vehicle In-Transport,0,No,1,Non-Junction,1,Not an Intersection,0,None,12,Urban-Principal Arterial-Other Freeways or Expressways,1,On Roadway,3,Dark - Lighted,1,Clear,0,No Additional Atmospheric Conditions,1,Clear,0,No,0000000,Not Applicable,99,Unknown,99,Unknown,19,7:00pm-7:59pm,3,3,88,"Not Applicable (Not Transported) ",88,Not Applicable (Not Transported),0,None,0,None,0,None,1,0
2014,1,10626,Alabama,3,3,0,0,0,4,4,73,JEFFERSON (73),1710,HOMEWOOD,22,11,November,2014,7,Saturday,4,4:00am-4:59am,34,34,1,This section IS ON the NHS,,,,,,,1,Interstate,I-65,,2547,2547,33.44967500,33.44967500,-86.818041670,-86.818041670,0,No Special Jurisdiction,12,"Motor Vehicle In-Transport ",6,"Angle ",0,No,1,Non-Junction,1,Not an Intersection,0,None,11,Urban-Principal Arterial-Interstate,1,On Roadway,3,Dark - Lighted,1,Clear,0,No Additional Atmospheric Conditions,1,Clear,0,No,0000000,Not Applicable,99,Unknown,99,Unknown,4,4:00am-4:59am,43,43,99,Unknown,99,Unknown EMS Hospital Arrival Time,0,None,0,None,0,None,1,1
2014,1,10627,Alabama,2,2,0,0,0,2,2,53,ESCAMBIA (53),470,BREWTON,5,10,October,2014,1,Sunday,21,9:00pm-9:59pm,5,5,1,This section IS ON the NHS,,,,,,,2,U.S. Highway,US-SR SOUTH BLVD,,662,662,31.07922500,31.07922500,-87.115961110,-87.115961110,0,No Special Jurisdiction,12,"Motor Vehicle In-Transport ",1,"Front-to-Rear ",0,No,1,Non-Junction,1,Not an Intersection,0,None,13,Urban-Other Principal Arterial,1,On Roadway,2,Dark - Not Lighted,1,Clear,0,No Additional Atmospheric Conditions,1,Clear,0,No,0000000,Not Applicable,99,Unknown,99,Unknown,99,Unknown EMS Scene Arrival Hour,99,Unknown EMS Scene Arrival Minutes,88,"Not Applicable (Not Transported) ",88,Not Applicable (Not Transported),0,None,0,None,0,None,1,0
2014,1,10628,Alabama,2,2,0,0,0,7,7,69,HOUSTON (69),930,DOTHAN,22,10,October,2014,4,Wednesday,20,8:00pm-8:59pm,34,34,0,This section IS NOT on the NHS,,,,,,,3,State Highway,SR-ROSS CLARK CIRCLE,THIRD AVE,0,None,31.19319167,31.19319167,-85.379555560,-85.379555560,0,No Special Jurisdiction,12,"Motor Vehicle In-Transport ",6,"Angle ",0,No,2,Intersection,2,Four-Way Intersection,0,None,13,Urban-Other Principal Arterial,1,On Roadway,3,Dark - Lighted,1,Clear,0,No Additional Atmospheric Conditions,1,Clear,0,No,0000000,Not Applicable,99,Unknown,99,Unknown,20,8:00pm-8:59pm,38,38,99,Unknown,99,Unknown EMS Hospital Arrival Time,0,None,0,None,0,None,1,0
2014,1,10629,Alabama,3,3,0,0,0,4,4,95,MARSHALL (95),0,NOT APPLICABLE,8,11,November,2014,7,Saturday,13,1:00pm-1:59pm,45,45,0,This section IS NOT on the NHS,,,,,,,4,County Road,CR-MARTLING RD,DAMIEN DR,0,None,34.34118889,34.34118889,-86.166333330,-86.166333330,0,No Special Jurisdiction,12,"Motor Vehicle In-Transport ",6,"Angle ",0,No,3,"Intersection-Related ",4,Y-Intersection,0,None,4,Rural-Major Collector,1,On Roadway,1,Daylight,1,Clear,0,No Additional Atmospheric Conditions,1,Clear,0,No,0000000,Not Applicable,99,Unknown,99,Unknown,14,2:00pm-2:59pm,0,0,99,Unknown,99,Unknown EMS Hospital Arrival Time,0,None,0,None,0,None,1,0
2014,1,10630,Alabama,1,1,0,0,0,1,1,75,LAMAR (75),0,NOT APPLICABLE,17,11,November,2014,2,Monday,8,8:00am-8:59am,21,21,0,This section IS NOT on the NHS,,,,,,,3,State Highway,SR-17,,2555,2555,33.91953056,33.91953056,-88.146783330,-88.146783330,0,No Special Jurisdiction,58,Ground,0,Not a Collision with Motor Vehicle In-Transport,0,No,1,Non-Junction,1,Not an Intersection,0,None,3,Rural-Minor Arterial,5,Outside Trafficway,1,Daylight,10,Cloudy,0,No Additional Atmospheric Conditions,10,Cloudy,0,No,0000000,Not Applicable,99,Unknown,99,Unknown,8,8:00am-8:59am,30,30,88,"Not Applicable (Not Transported) ",88,Not Applicable (Not Transported),0,None,0,None,0,None,1,0
2014,1,10631,Alabama,1,1,0,0,0,1,1,101,MONTGOMERY (101),2465,PIKE ROAD,18,11,November,2014,3,Tuesday,10,10:00am-10:59am,15,15,0,This section IS NOT on the NHS,,,,,,,4,County Road,CR-OLD CARTER HILL ROAD,,0,None,32.21745000,32.21745000,-86.089716670,-86.089716670,0,No Special Jurisdiction,34,Ditch,0,Not a Collision with Motor Vehicle In-Transport,0,No,1,Non-Junction,1,Not an Intersection,0,None,15,Urban-Collector,4,On Roadside,1,Daylight,1,Clear,0,No Additional Atmospheric Conditions,1,Clear,0,No,0000000,Not Applicable,99,Unknown,99,Unknown,10,10:00am-10:59am,20,20,99,Unknown,99,Unknown EMS Hospital Arrival Time,0,None,0,None,0,None,1,0
2014,1,10632,Alabama,1,1,0,0,0,1,1,121,TALLADEGA (121),0,NOT APPLICABLE,18,11,November,2014,3,Tuesday,22,10:00pm-10:59pm,10,10,1,This section IS ON the NHS,,,,,,,3,State Highway,SR-21,,2156,2156,33.25041111,33.25041111,-86.216600000,-86.216600000,0,No Special Jurisdiction,30,Utility Pole/Light Support,0,Not a Collision with Motor Vehicle In-Transport,0,No,1,Non-Junction,1,Not an Intersection,0,None,2,Rural-Principal Arterial-Other,4,On Roadside,2,Dark - Not Lighted,1,Clear,0,No Additional Atmospheric Conditions,1,Clear,0,No,0000000,Not Applicable,99,Unknown,99,Unknown,22,10:00pm-10:59pm,20,20,88,"Not Applicable (Not Transported) ",88,Not Applicable (Not Transported),0,None,0,None,0,None,1,0
2014,1,10633,Alabama,1,1,0,0,0,1,1,117,SHELBY (117),1630,HELENA,18,11,November,2014,3,Tuesday,23,11:00pm-11:59pm,30,30,0,This section IS NOT on the NHS,,,,,,,4,County Road,CR-52,,0,None,33.29391111,33.29391111,-86.866122220,-86.866122220,0,No Special Jurisdiction,1,Rollover/Overturn,0,Not a Collision with Motor Vehicle In-Transport,0,No,1,Non-Junction,1,Not an Intersection,0,None,14,Urban-Minor Arterial,4,On Roadside,2,Dark - Not Lighted,1,Clear,0,No Additional Atmospheric Conditions,1,Clear,0,No,0000000,Not Applicable,99,Unknown,99,Unknown,23,11:00pm-11:59pm,40,40,88,"Not Applicable (Not Transported) ",88,Not Applicable (Not Transported),0,None,0,None,0,None,1,0
2014,1,10634,Alabama,1,1,0,0,0,1,1,3,BALDWIN (3),0,NOT APPLICABLE,21,11,November,2014,6,Friday,5,5:00am-5:59am,0,0,0,This section IS NOT on the NHS,,,,,,,4,County Road,CR-47,,0,None,31.00538889,31.00538889,-87.624350000,-87.624350000,0,No Special Jurisdiction,32,Culvert,0,Not a Collision with Motor Vehicle In-Transport,0,No,1,Non-Junction,1,Not an Intersection,0,None,4,Rural-Major Collector,4,On Roadside,4,Dawn,1,Clear,0,No Additional Atmospheric Conditions,1,Clear,0,No,0000000,Not Applicable,99,Unknown,99,Unknown,6,6:00am-6:59am,50,50,88,"Not Applicable (Not Transported) ",88,Not Applicable (Not Transported),0,None,0,None,0,None,1,1
2014,1,10635,Alabama,2,2,0,0,0,2,2,37,COOSA (37),0,NOT APPLICABLE,22,11,November,2014,7,Saturday,8,8:00am-8:59am,35,35,1,This section IS ON the NHS,,,,,,,3,State Highway,SR-21,,1932,1932,32.94818611,32.94818611,-86.202130560,-86.202130560,0,No Special Jurisdiction,12,"Motor Vehicle In-Transport ",2,Front-to-Front,0,No,1,Non-Junction,1,Not an Intersection,0,None,2,Rural-Principal Arterial-Other,1,On Roadway,1,Daylight,1,Clear,0,No Additional Atmospheric Conditions,1,Clear,0,No,0000000,Not Applicable,99,Unknown,99,Unknown,9,9:00am-9:59am,3,3,99,Unknown,99,Unknown EMS Hospital Arrival Time,0,None,0,None,0,None,1,0
2014,1,10636,Alabama,1,1,0,1,1,1,1,121,TALLADEGA (121),2910,TALLADEGA,23,11,November,2014,1,Sunday,19,7:00pm-7:59pm,0,0,0,This section IS NOT on the NHS,,,,,,,3,State Highway,SR-275,,2350,2350,33.46744167,33.46744167,-86.035650000,-86.035650000,0,No Special Jurisdiction,8,Pedestrian,0,Not a Collision with Motor Vehicle In-Transport,0,No,1,Non-Junction,1,Not an Intersection,0,None,14,Urban-Minor Arterial,1,On Roadway,2,Dark - Not Lighted,10,Cloudy,0,No Additional Atmospheric Conditions,10,Cloudy,0,No,0000000,Not Applicable,99,Unknown,99,Unknown,19,7:00pm-7:59pm,12,12,88,"Not Applicable (Not Transported) ",88,Not Applicable (Not Transported),0,None,0,None,0,None,1,0
2014,1,10637,Alabama,2,2,0,0,0,2,2,97,MOBILE (97),2716,SATSUMA,16,11,November,2014,1,Sunday,4,4:00am-4:59am,0,0,1,This section IS ON the NHS,,,,,,,1,Interstate,I-65,,178,178,30.86247500,30.86247500,-88.068822220,-88.068822220,0,No Special Jurisdiction,12,"Motor Vehicle In-Transport ",2,Front-to-Front,0,No,1,Non-Junction,1,Not an Intersection,0,None,11,Urban-Principal Arterial-Interstate,1,On Roadway,2,Dark - Not Lighted,1,Clear,0,No Additional Atmospheric Conditions,1,Clear,0,No,0000000,Not Applicable,4,4:00am-4:59am,1,1,4,4:00am-4:59am,12,12,88,"Not Applicable (Not Transported) ",88,Not Applicable (Not Transported),0,None,0,None,0,None,1,0
2014,1,10638,Alabama,1,1,0,0,0,2,2,13,BUTLER (13),0,NOT APPLICABLE,23,11,November,2014,1,Sunday,3,3:00am-3:59am,45,45,1,This section IS ON the NHS,,,,,,,1,Interstate,I-65,,1210,1210,31.73877222,31.73877222,-86.715113890,-86.715113890,0,No Special Jurisdiction,57,Cable Barrier,0,Not a Collision with Motor Vehicle In-Transport,0,No,1,Non-Junction,1,Not an Intersection,0,None,1,Rural-Principal Arterial-Interstate,3,On Median,2,Dark - Not Lighted,2,Rain,0,No Additional Atmospheric Conditions,2,Rain,0,No,0000000,Not Applicable,3,3:00am-3:59am,55,55,4,4:00am-4:59am,1,1,88,"Not Applicable (Not Transported) ",88,Not Applicable (Not Transported),0,None,0,None,0,None,1,0
2014,1,10639,Alabama,4,4,0,0,0,5,5,73,JEFFERSON (73),330,BESSEMER,24,11,November,2014,2,Monday,19,7:00pm-7:59pm,31,31,1,This section IS ON the NHS,,,,,,,1,Interstate,I-459,,45,45,33.33530278,33.33530278,-86.945361110,-86.945361110,0,No Special Jurisdiction,12,"Motor Vehicle In-Transport ",2,Front-to-Front,0,No,1,Non-Junction,1,Not an Intersection,0,None,11,Urban-Principal Arterial-Interstate,1,On Roadway,2,Dark - Not Lighted,1,Clear,0,No Additional Atmospheric Conditions,1,Clear,0,No,0000000,Not Applicable,99,Unknown,99,Unknown,19,7:00pm-7:59pm,38,38,99,Unknown,99,Unknown EMS Hospital Arrival Time,0,None,0,None,0,None,1,0
2014,1,10640,Alabama,2,2,0,0,0,2,2,97,MOBILE (97),2175,MOUNT VERNON,15,8,August,2014,6,Friday,22,10:00pm-10:59pm,42,42,1,This section IS ON the NHS,,,,,,,2,U.S. Highway,US-SR 13,MILITARY RD,280,280,31.08652778,31.08652778,-88.018233330,-88.018233330,0,No Special Jurisdiction,12,"Motor Vehicle In-Transport ",6,"Angle ",0,No,2,Intersection,2,Four-Way Intersection,0,None,2,Rural-Principal Arterial-Other,1,On Roadway,3,Dark - Lighted,1,Clear,0,No Additional Atmospheric Conditions,1,Clear,0,No,0000000,Not Applicable,99,Unknown,99,Unknown,22,10:00pm-10:59pm,43,43,99,Unknown,99,Unknown EMS Hospital Arrival Time,0,None,0,None,0,None,1,1
2014,1,10641,Alabama,1,1,0,0,0,1,1,65,HALE (65),0,NOT APPLICABLE,10,11,November,2014,2,Monday,21,9:00pm-9:59pm,45,45,0,This section IS NOT on the NHS,,,,,,,3,State Highway,SR-14,,732,732,32.68547778,32.68547778,-87.509336110,-87.509336110,0,No Special Jurisdiction,11,Live Animal,0,Not a Collision with Motor Vehicle In-Transport,0,No,1,Non-Junction,1,Not an Intersection,0,None,3,Rural-Minor Arterial,1,On Roadway,2,Dark - Not Lighted,1,Clear,0,No Additional Atmospheric Conditions,1,Clear,0,No,0000000,Not Applicable,99,Unknown,99,Unknown,10,10:00am-10:59am,25,25,88,"Not Applicable (Not Transported) ",88,Not Applicable (Not Transported),0,None,0,None,0,None,1,1
2014,1,10642,Alabama,2,2,0,0,0,2,2,83,LIMESTONE (83),170,ATHENS,1,10,October,2014,4,Wednesday,12,12:00pm-12:59pm,19,19,1,This section IS ON the NHS,,,,,,,3,State Highway,SR-3,LAUGHMILLER ROAD,0,None,34.69349444,34.69349444,-86.955811110,-86.955811110,0,No Special Jurisdiction,12,"Motor Vehicle In-Transport ",6,"Angle ",0,No,2,Intersection,2,Four-Way Intersection,0,None,13,Urban-Other Principal Arterial,1,On Roadway,1,Daylight,1,Clear,0,No Additional Atmospheric Conditions,1,Clear,0,No,0000000,Not Applicable,99,Unknown,99,Unknown,12,12:00pm-12:59pm,28,28,88,"Not Applicable (Not Transported) ",88,Not Applicable (Not Transported),0,None,0,None,0,None,1,0