caseyear,state,st_case,statename,ve_total,ve_forms,pvh_invl,peds,pernotmvit,permvit,persons,county,countyname,city,cityname,day,month,monthname,year,day_week,day_weekname,hour,hourname,minute,minutename,nhs,nhsname,rur_urb,rur_urbname,func_sys,func_sysname,rd_owner,rd_ownername,route,routename,tway_id,tway_id2,milept,mileptname,latitude,latitudename,longitud,longitudname,sp_jur,sp_jurname,harm_ev,harm_evname,man_coll,man_collname,reljct1,reljct1name,reljct2,reljct2name,typ_int,typ_intname,wrk_zone,wrk_zonename,road_fnc,road_fncname,rel_road,rel_roadname,lgt_cond,lgt_condname,weather1,weather1name,weather2,weather2name,weather,weathername,sch_bus,sch_busname,rail,railname,not_hour,not_hourname,not_min,not_minname,arr_hour,arr_hourname,arr_min,arr_minname,hosp_hr,hosp_hrname,hosp_mn,hosp_mnname,cf1,cf1name,cf2,cf2name,cf3,cf3name,fatals,drunk_dr
2014,1,10680,Alabama,1,1,0,1,1,1,1,3,BALDWIN (3),0,NOT APPLICABLE,13,12,December,2014,7,Saturday,17,5:00pm-5:59pm,37,37,1,This section IS ON the NHS,,,,,,,1,Interstate,I-10,,641,641,30.57843611,30.57843611,-87.447686110,-87.447686110,0,No Special Jurisdiction,8,Pedestrian,0,Not a Collision with Motor Vehicle In-Transport,0,No,1,Non-Junction,1,Not an Intersection,0,None,1,Rural-Principal Arterial-Interstate,1,On Roadway,2,Dark - Not Lighted,1,Clear,0,No Additional Atmospheric Conditions,1,Clear,0,No,0000000,Not Applicable,17,5:00pm-5:59pm,37,37,18,6:00pm-6:59pm,1,1,18,6:00pm-6:59pm,39,39,0,None,0,None,0,None,1,0
2014,1,10681,Alabama,1,1,0,2,2,1,1,95,MARSHALL (95),1500,GUNTERSVILLE,15,6,June,2014,1,Sunday,23,11:00pm-11:59pm,5,5,0,This section IS NOT on the NHS,,,,,,,6,Local Street - Municipality,WYETH DR,,0,None,34.32330278,34.32330278,-86.309713890,-86.309713890,0,No Special Jurisdiction,8,Pedestrian,0,Not a Collision with Motor Vehicle In-Transport,0,No,1,Non-Junction,1,Not an Intersection,0,None,16,Urban-Local Road or Street,1,On Roadway,3,Dark - Lighted,10,Cloudy,0,No Additional Atmospheric Conditions,10,Cloudy,0,No,0000000,Not Applicable,99,Unknown,99,Unknown,23,11:00pm-11:59pm,11,11,99,Unknown,99,Unknown EMS Hospital Arrival Time,19,Recent/Previous Crash scene Nearby,0,None,0,None,1,1
2014,1,10682,Alabama,1,1,0,0,0,1,1,51,ELMORE (51),0,NOT APPLICABLE,4,12,December,2014,5,Thursday,2,2:00am-2:59am,45,45,0,This section IS NOT on the NHS,,,,,,,4,County Road,CR-ALABAMA RIVER PKWY,,0,None,32.43410556,32.43410556,-86.319691670,-86.319691670,0,No Special Jurisdiction,33,Curb,0,Not a Collision with Motor Vehicle In-Transport,0,No,1,Non-Junction,1,Not an Intersection,0,None,14,Urban-Minor Arterial,4,On Roadside,2,Dark - Not Lighted,5,"Fog, Smog, Smoke",0,No Additional Atmospheric Conditions,5,"Fog, Smog, Smoke",0,No,0000000,Not Applicable,99,Unknown,99,Unknown,6,6:00am-6:59am,21,21,88,"Not Applicable (Not Transported) ",88,Not Applicable (Not Transported),0,None,0,None,0,None,1,1
2014,1,10683,Alabama,1,1,0,0,0,2,2,59,FRANKLIN (59),0,NOT APPLICABLE,4,12,December,2014,5,Thursday,23,11:00pm-11:59pm,35,35,0,This section IS NOT on the NHS,,,,,,,4,County Road,CR-724,,0,None,34.48230556,34.48230556,-87.662463890,-87.662463890,0,No Special Jurisdiction,11,Live Animal,0,Not a Collision with Motor Vehicle In-Transport,0,No,1,Non-Junction,1,Not an Intersection,0,None,4,Rural-Major Collector,1,On Roadway,2,Dark - Not Lighted,1,Clear,0,No Additional Atmospheric Conditions,1,Clear,0,No,0000000,Not Applicable,99,Unknown,99,Unknown,23,11:00pm-11:59pm,47,47,99,Unknown,99,Unknown EMS Hospital Arrival Time,0,None,0,None,0,None,1,0
2014,1,10684,Alabama,1,1,0,0,0,1,1,113,RUSSELL (113),0,NOT APPLICABLE,5,12,December,2014,6,Friday,17,5:00pm-5:59pm,43,43,0,This section IS NOT on the NHS,,,,,,,3,State Highway,SR-169,,13,13,32.34483611,32.34483611,-85.176977780,-85.176977780,0,No Special Jurisdiction,42,Tree (Standing Only),0,Not a Collision with Motor Vehicle In-Transport,0,No,1,Non-Junction,1,Not an Intersection,0,None,3,Rural-Minor Arterial,4,On Roadside,2,Dark - Not Lighted,1,Clear,0,No Additional Atmospheric Conditions,1,Clear,0,No,0000000,Not Applicable,17,5:00pm-5:59pm,44,44,17,5:00pm-5:59pm,53,53,18,6:00pm-6:59pm,20,20,0,None,0,None,0,None,1,0
2014,1,10685,Alabama,2,2,0,0,0,3,3,39,COVINGTON (39),2350,OPP,8,12,December,2014,2,Monday,18,6:00pm-6:59pm,35,35,0,This section IS NOT on the NHS,,,,,,,6,Local Street - Municipality,HATTAWAY RD,BRYANT AVE,0,None,31.25016389,31.25016389,-86.229750000,-86.229750000,0,No Special Jurisdiction,12,"Motor Vehicle In-Transport ",2,Front-to-Front,0,No,3,"Intersection-Related ",3,T-Intersection,0,None,4,Rural-Major Collector,1,On Roadway,5,Dusk,1,Clear,0,No Additional Atmospheric Conditions,1,Clear,0,No,0000000,Not Applicable,18,6:00pm-6:59pm,33,33,18,6:00pm-6:59pm,40,40,19,7:00pm-7:59pm,28,28,0,None,0,None,0,None,1,1
2014,1,10686,Alabama,1,1,0,0,0,2,2,107,PICKENS (107),0,NOT APPLICABLE,11,12,December,2014,5,Thursday,10,10:00am-10:59am,45,45,0,This section IS NOT on the NHS,,,,,,,4,County Road,CR-30,,0,None,33.47973333,33.47973333,-88.261522220,-88.261522220,0,No Special Jurisdiction,32,Culvert,0,Not a Collision with Motor Vehicle In-Transport,0,No,1,Non-Junction,1,Not an Intersection,0,None,4,Rural-Major Collector,4,On Roadside,1,Daylight,1,Clear,0,No Additional Atmospheric Conditions,1,Clear,0,No,0000000,Not Applicable,11,11:00am-11:59am,8,8,11,11:00am-11:59am,11,11,11,11:00am-11:59am,30,30,0,None,0,None,0,None,1,1
2014,1,10687,Alabama,1,1,0,0,0,1,1,103,MORGAN (103),890,DECATUR,12,12,December,2014,6,Friday,16,4:00pm-4:59pm,19,19,1,This section IS ON the NHS,,,,,,,3,State Highway,SR-67,KATHY LANE SW,0,None,34.58400833,34.58400833,-87.023819440,-87.023819440,0,No Special Jurisdiction,58,Ground,0,Not a Collision with Motor Vehicle In-Transport,0,No,3,"Intersection-Related ",2,Four-Way Intersection,0,None,13,Urban-Other Principal Arterial,3,On Median,1,Daylight,1,Clear,0,No Additional Atmospheric Conditions,1,Clear,0,No,0000000,Not Applicable,16,4:00pm-4:59pm,20,20,16,4:00pm-4:59pm,26,26,88,"Not Applicable (Not Transported) ",88,Not Applicable (Not Transported),0,None,0,None,0,None,1,0
2014,1,10688,Alabama,2,2,0,0,0,2,2,97,MOBILE (97),0,NOT APPLICABLE,12,12,December,2014,6,Friday,22,10:00pm-10:59pm,20,20,1,This section IS ON the NHS,,,,,,,2,U.S. Highway,US-SR 90,,121,121,30.52169167,30.52169167,-88.210972220,-88.210972220,0,No Special Jurisdiction,12,"Motor Vehicle In-Transport ",8,Sideswipe - Opposite Direction,0,No,1,Non-Junction,1,Not an Intersection,0,None,11,Urban-Principal Arterial-Interstate,1,On Roadway,2,Dark - Not Lighted,1,Clear,0,No Additional Atmospheric Conditions,1,Clear,0,No,0000000,Not Applicable,99,Unknown,99,Unknown,22,10:00pm-10:59pm,31,31,99,Unknown,99,Unknown EMS Hospital Arrival Time,0,None,0,None,0,None,1,1
2014,1,10689,Alabama,1,1,0,1,1,1,1,97,MOBILE (97),2100,MOBILE,12,12,December,2014,6,Friday,22,10:00pm-10:59pm,45,45,1,This section IS ON the NHS,,,,,,,2,U.S. Highway,US-SR 16,,170,170,30.57470000,30.57470000,-88.170969440,-88.170969440,0,No Special Jurisdiction,8,Pedestrian,0,Not a Collision with Motor Vehicle In-Transport,0,No,1,Non-Junction,1,Not an Intersection,0,None,13,Urban-Other Principal Arterial,1,On Roadway,3,Dark - Lighted,1,Clear,0,No Additional Atmospheric Conditions,1,Clear,0,No,0000000,Not Applicable,99,Unknown,99,Unknown,22,10:00pm-10:59pm,53,53,99,Unknown,99,Unknown EMS Hospital Arrival Time,0,None,0,None,0,None,1,0
2014,1,10690,Alabama,1,1,0,0,0,1,1,97,MOBILE (97),0,NOT APPLICABLE,13,12,December,2014,7,Saturday,0,0:00am-0:59am,30,30,0,This section IS NOT on the NHS,,,,,,,4,County Road,CR-JEFF HAMILTON RD,,0,None,30.64499722,30.64499722,-88.264755560,-88.264755560,0,No Special Jurisdiction,35,Embankment,0,Not a Collision with Motor Vehicle In-Transport,0,No,1,Non-Junction,1,Not an Intersection,0,None,16,Urban-Local Road or Street,4,On Roadside,2,Dark - Not Lighted,1,Clear,0,No Additional Atmospheric Conditions,1,Clear,0,No,0000000,Not Applicable,0,0:00am-0:59am,29,29,0,0:00am-0:59am,39,39,88,"Not Applicable (Not Transported) ",88,Not Applicable (Not Transported),0,None,0,None,0,None,1,1
2014,1,10691,Alabama,3,3,0,0,0,5,5,41,CRENSHAW (41),0,NOT APPLICABLE,14,12,December,2014,1,Sunday,13,1:00pm-1:59pm,40,40,0,This section IS NOT on the NHS,,,,,,,2,U.S. Highway,US-SR 15,,612,612,31.47267222,31.47267222,-86.388836110,-86.388836110,0,No Special Jurisdiction,24,Guardrail Face,0,Not a Collision with Motor Vehicle In-Transport,0,No,1,Non-Junction,1,Not an Intersection,0,None,14,Urban-Minor Arterial,4,On Roadside,1,Daylight,1,Clear,0,No Additional Atmospheric Conditions,1,Clear,0,No,0000000,Not Applicable,99,Unknown,99,Unknown,13,1:00pm-1:59pm,55,55,99,Unknown,99,Unknown EMS Hospital Arrival Time,0,None,0,None,0,None,1,0
2014,1,10692,Alabama,1,1,0,0,0,1,1,121,TALLADEGA (121),0,NOT APPLICABLE,15,12,December,2014,2,Monday,17,5:00pm-5:59pm,25,25,1,This section IS ON the NHS,,,,,,,3,State Highway,SR-21,,2233,2233,33.35477222,33.35477222,-86.178658330,-86.178658330,0,No Special Jurisdiction,42,Tree (Standing Only),0,Not a Collision with Motor Vehicle In-Transport,0,No,1,Non-Junction,1,Not an Intersection,0,None,2,Rural-Principal Arterial-Other,4,On Roadside,2,Dark - Not Lighted,10,Cloudy,0,No Additional Atmospheric Conditions,10,Cloudy,0,No,0000000,Not Applicable,17,5:00pm-5:59pm,28,28,17,5:00pm-5:59pm,35,35,88,"Not Applicable (Not Transported) ",88,Not Applicable (Not Transported),0,None,0,None,0,None,1,0
2014,1,10693,Alabama,1,1,0,0,0,1,1,15,CALHOUN (15),2370,OXFORD,16,12,December,2014,3,Tuesday,1,1:00am-1:59am,44,44,0,This section IS NOT on the NHS,,,,,,,2,U.S. Highway,US-SR 4,HALE ST,1600,1600,33.60883333,33.60883333,-85.829588890,-85.829588890,0,No Special Jurisdiction,34,Ditch,0,Not a Collision with Motor Vehicle In-Transport,0,No,3,"Intersection-Related ",2,Four-Way Intersection,0,None,16,Urban-Local Road or Street,4,On Roadside,3,Dark - Lighted,10,Cloudy,0,No Additional Atmospheric Conditions,10,Cloudy,0,No,0000000,Not Applicable,99,Unknown,99,Unknown,1,1:00am-1:59am,54,54,88,"Not Applicable (Not Transported) ",88,Not Applicable (Not Transported),0,None,0,None,0,None,1,0
2014,1,10694,Alabama,1,1,0,1,1,1,1,71,JACKSON (71),2720,SCOTTSBORO,15,12,December,2014,2,Monday,17,5:00pm-5:59pm,56,56,0,This section IS NOT on the NHS,,,,,,,3,State Highway,SR-279,GEORGE ADAMS RD,30,30,34.69499722,34.69499722,-85.996047220,-85.996047220,0,No Special Jurisdiction,8,Pedestrian,0,Not a Collision with Motor Vehicle In-Transport,0,No,2,Intersection,3,T-Intersection,0,None,14,Urban-Minor Arterial,1,On Roadway,3,Dark - Lighted,2,Rain,0,No Additional Atmospheric Conditions,2,Rain,0,No,0000000,Not Applicable,17,5:00pm-5:59pm,59,59,18,6:00pm-6:59pm,4,4,88,"Not Applicable (Not Transported) ",88,Not Applicable (Not Transported),0,None,0,None,0,None,1,0
2014,1,10695,Alabama,1,1,0,0,0,3,3,121,TALLADEGA (121),0,NOT APPLICABLE,17,12,December,2014,4,Wednesday,13,1:00pm-1:59pm,45,45,0,This section IS NOT on the NHS,,,,,,,4,County Road,CR-SANTA ROSA LANE,,0,None,33.12191111,33.12191111,-86.252986110,-86.252986110,0,No Special Jurisdiction,34,Ditch,0,Not a Collision with Motor Vehicle In-Transport,0,No,1,Non-Junction,1,Not an Intersection,0,None,6,Rural-Local Road or Street,4,On Roadside,1,Daylight,1,Clear,0,No Additional Atmospheric Conditions,1,Clear,0,No,0000000,Not Applicable,99,Unknown,99,Unknown,13,1:00pm-1:59pm,57,57,99,Unknown,99,Unknown EMS Hospital Arrival Time,0,None,0,None,0,None,2,0
2014,1,10696,Alabama,2,1,1,0,0,5,5,87,MACON (87),3070,TUSKEGEE,14,12,December,2014,1,Sunday,0,0:00am-0:59am,48,48,0,This section IS NOT on the NHS,,,,,,,6,Local Street - Municipality,GAUTIER ST,,0,None,32.41438056,32.41438056,-85.690072220,-85.690072220,0,No Special Jurisdiction,53,Mail Box,0,Not a Collision with Motor Vehicle In-Transport,0,No,1,Non-Junction,1,Not an Intersection,0,None,16,Urban-Local Road or Street,4,On Roadside,3,Dark - Lighted,1,Clear,0,No Additional Atmospheric Conditions,1,Clear,0,No,0000000,Not Applicable,0,0:00am-0:59am,54,54,1,1:00am-1:59am,3,3,2,2:00am-2:59am,31,31,20,Police Pursuit Involved,0,None,0,None,2,1
2014,1,10697,Alabama,1,1,0,1,1,1,1,101,MONTGOMERY (101),2130,MONTGOMERY,25,11,November,2014,3,Tuesday,21,9:00pm-9:59pm,35,35,0,This section IS NOT on the NHS,,,,,,,6,Local Street - Municipality,ASHLEY RD,,0,None,32.34512222,32.34512222,-86.372152780,-86.372152780,0,No Special Jurisdiction,8,Pedestrian,0,Not a Collision with Motor Vehicle In-Transport,0,No,1,Non-Junction,1,Not an Intersection,0,None,15,Urban-Collector,1,On Roadway,2,Dark - Not Lighted,1,Clear,0,No Additional Atmospheric Conditions,1,Clear,0,No,0000000,Not Applicable,99,Unknown,99,Unknown,21,9:00pm-9:59pm,46,46,99,Unknown,99,Unknown EMS Hospital Arrival Time,0,None,0,None,0,None,1,0
2014,1,10698,Alabama,2,2,0,0,0,5,5,101,MONTGOMERY (101),2130,MONTGOMERY,15,12,December,2014,2,Monday,9,9:00am-9:59am,15,15,0,This section IS NOT on the NHS,,,,,,,6,Local Street - Municipality,WOODLEY RD,,0,None,32.34378056,32.34378056,-86.280111110,-86.280111110,0,No Special Jurisdiction,32,Culvert,0,Not a Collision with Motor Vehicle In-Transport,0,No,1,Non-Junction,1,Not an Intersection,0,None,14,Urban-Minor Arterial,4,On Roadside,1,Daylight,1,Clear,0,No Additional Atmospheric Conditions,1,Clear,0,No,0000000,Not Applicable,9,9:00am-9:59am,31,31,9,9:00am-9:59am,35,35,10,10:00am-10:59am,0,0,0,None,0,None,0,None,1,0
2014,1,10699,Alabama,2,2,0,0,0,2,2,49,DEKALB (49),1230,FORT PAYNE,16,12,December,2014,3,Tuesday,23,11:00pm-11:59pm,39,39,1,This section IS ON the NHS,,,,,,,1,Interstate,I-59,,2210,2210,34.48941944,34.48941944,-85.701327780,-85.701327780,0,No Special Jurisdiction,12,"Motor Vehicle In-Transport ",1,"Front-to-Rear ",0,No,1,Non-Junction,1,Not an Intersection,0,None,11,Urban-Principal Arterial-Interstate,1,On Roadway,2,Dark - Not Lighted,1,Clear,0,No Additional Atmospheric Conditions,1,Clear,0,No,0000000,Not Applicable,99,Unknown,99,Unknown,23,11:00pm-11:59pm,50,50,88,"Not Applicable (Not Transported) ",88,Not Applicable (Not Transported),0,None,0,None,0,None,1,0
2014,1,10700,Alabama,4,4,0,0,0,8,8,97,MOBILE (97),2100,MOBILE,18,12,December,2014,5,Thursday,20,8:00pm-8:59pm,50,50,1,This section IS ON the NHS,,,,,,,1,Interstate,I-65,,26,26,30.65659722,30.65659722,-88.124644440,-88.124644440,0,No Special Jurisdiction,12,"Motor Vehicle In-Transport ",1,"Front-to-Rear ",0,No,1,Non-Junction,1,Not an Intersection,0,None,11,Urban-Principal Arterial-Interstate,1,On Roadway,3,Dark - Lighted,10,Cloudy,0,No Additional Atmospheric Conditions,10,Cloudy,0,No,0000000,Not Applicable,99,Unknown,99,Unknown,20,8:00pm-8:59pm,53,53,99,Unknown,99,Unknown EMS Hospital Arrival Time,14,"Motor Vehicle struck by falling cargo,or something that came loose from or something that was set in motion by a vehicle",0,None,0,None,1,0
2014,1,10701,Alabama,1,1,0,1,1,1,1,103,MORGAN (103),890,DECATUR,4,12,December,2014,5,Thursday,0,0:00am-0:59am,6,6,0,This section IS NOT on the NHS,,,,,,,6,Local Street - Municipality,BEECH ST,,0,None,34.59429444,34.59429444,-86.964980560,-86.964980560,0,No Special Jurisdiction,8,Pedestrian,0,Not a Collision with Motor Vehicle In-Transport,0,No,1,Non-Junction,1,Not an Intersection,0,None,16,Urban-Local Road or Street,1,On Roadway,3,Dark - Lighted,10,Cloudy,0,No Additional Atmospheric Conditions,10,Cloudy,0,No,0000000,Not Applicable,99,Unknown,99,Unknown,0,0:00am-0:59am,9,9,99,Unknown,99,Unknown EMS Hospital Arrival Time,0,None,0,None,0,None,1,0
2014,1,10702,Alabama,1,1,0,0,0,4,4,77,LAUDERDALE (77),0,NOT APPLICABLE,8,12,December,2014,2,Monday,22,10:00pm-10:59pm,5,5,0,This section IS NOT on the NHS,,,,,,,4,County Road,CR-76,CR-92,0,None,34.88475000,34.88475000,-87.414891670,-87.414891670,0,No Special Jurisdiction,42,Tree (Standing Only),0,Not a Collision with Motor Vehicle In-Transport,0,No,3,"Intersection-Related ",3,T-Intersection,0,None,5,Rural-Minor Collector,4,On Roadside,2,Dark - Not Lighted,1,Clear,0,No Additional Atmospheric Conditions,1,Clear,0,No,0000000,Not Applicable,99,Unknown,99,Unknown,22,10:00pm-10:59pm,17,17,99,Unknown,99,Unknown EMS Hospital Arrival Time,0,None,0,None,0,None,1,0
2014,1,10703,Alabama,2,2,0,0,0,3,3,3,BALDWIN (3),0,NOT APPLICABLE,9,12,December,2014,3,Tuesday,17,5:00pm-5:59pm,20,20,1,This section IS ON the NHS,,,,,,,2,U.S. Highway,US-SR 3,,170,170,30.82909167,30.82909167,-87.775283330,-87.775283330,0,No Special Jurisdiction,12,"Motor Vehicle In-Transport ",1,"Front-to-Rear ",0,No,8,Driveway Access Related,1,Not an Intersection,0,None,2,Rural-Principal Arterial-Other,1,On Roadway,2,Dark - Not Lighted,1,Clear,0,No Additional Atmospheric Conditions,1,Clear,0,No,0000000,Not Applicable,99,Unknown,99,Unknown,17,5:00pm-5:59pm,31,31,99,Unknown,99,Unknown EMS Hospital Arrival Time,0,None,0,None,0,None,1,0
2014,1,10704,Alabama,2,2,0,0,0,3,3,25,CLARKE (25),1760,JACKSON,12,12,December,2014,6,Friday,21,9:00pm-9:59pm,19,19,1,This section IS ON the NHS,,,,,,,3,State Highway,SR-13,MCVAY RD,665,665,31.59379722,31.59379722,-87.871550000,-87.871550000,0,No Special Jurisdiction,12,"Motor Vehicle In-Transport ",2,Front-to-Front,0,No,1,Non-Junction,1,Not an Intersection,0,None,2,Rural-Principal Arterial-Other,1,On Roadway,3,Dark - Lighted,1,Clear,0,No Additional Atmospheric Conditions,1,Clear,0,No,0000000,Not Applicable,99,Unknown,99,Unknown,21,9:00pm-9:59pm,27,27,99,Unknown,99,Unknown EMS Hospital Arrival Time,0,None,0,None,0,None,1,1
2014,1,10705,Alabama,2,2,0,0,0,3,3,51,ELMORE (51),0,NOT APPLICABLE,16,12,December,2014,3,Tuesday,15,3:00pm-3:59pm,0,0,0,This section IS NOT on the NHS,,,,,,,4,County Road,CR-LIGHTWOOD ROAD,,0,None,32.68600833,32.68600833,-86.364922220,-86.364922220,0,No Special Jurisdiction,12,"Motor Vehicle In-Transport ",2,Front-to-Front,0,No,1,Non-Junction,1,Not an Intersection,0,None,4,Rural-Major Collector,1,On Roadway,1,Daylight,1,Clear,0,No Additional Atmospheric Conditions,1,Clear,0,No,0000000,Not Applicable,99,Unknown,99,Unknown,15,3:00pm-3:59pm,10,10,99,Unknown,99,Unknown EMS Hospital Arrival Time,0,None,0,None,0,None,1,0
2014,1,10706,Alabama,1,1,0,1,1,1,1,97,MOBILE (97),0,NOT APPLICABLE,16,12,December,2014,3,Tuesday,19,7:00pm-7:59pm,30,30,1,This section IS ON the NHS,,,,,,,2,U.S. Highway,US-SR 42,,123,123,30.77826667,30.77826667,-88.251819440,-88.251819440,0,No Special Jurisdiction,8,Pedestrian,0,Not a Collision with Motor Vehicle In-Transport,0,No,1,Non-Junction,1,Not an Intersection,0,None,13,Urban-Other Principal Arterial,1,On Roadway,2,Dark - Not Lighted,1,Clear,0,No Additional Atmospheric Conditions,1,Clear,0,No,0000000,Not Applicable,88,Not Applicable (Not Notified),88,Not Applicable (Not Notified),88,"Not Applicable ",88,Not Applicable,88,"Not Applicable (Not Transported) ",88,Not Applicable (Not Transported),0,None,0,None,0,None,1,0
2014,1,10707,Alabama,2,2,0,0,0,2,2,97,MOBILE (97),250,BAYOU LA BATRE,16,12,December,2014,3,Tuesday,17,5:00pm-5:59pm,26,26,0,This section IS NOT on the NHS,,,,,,,3,State Highway,SR-188,GRAND GARDENS DR,64,64,30.44802222,30.44802222,-88.276097220,-88.276097220,0,No Special Jurisdiction,12,"Motor Vehicle In-Transport ",1,"Front-to-Rear ",0,No,3,"Intersection-Related ",3,T-Intersection,0,None,14,Urban-Minor Arterial,1,On Roadway,2,Dark - Not Lighted,1,Clear,0,No Additional Atmospheric Conditions,1,Clear,0,No,0000000,Not Applicable,99,Unknown,99,Unknown,17,5:00pm-5:59pm,38,38,99,Unknown,99,Unknown EMS Hospital Arrival Time,0,None,0,None,0,None,1,0
2014,1,10708,Alabama,2,2,0,0,0,3,3,43,CULLMAN (43),0,NOT APPLICABLE,19,12,December,2014,6,Friday,12,12:00pm-12:59pm,52,52,1,This section IS ON the NHS,,,,,,,2,U.S. Highway,US-SR 74,HWY 157,792,792,34.18363889,34.18363889,-86.785027780,-86.785027780,0,No Special Jurisdiction,12,"Motor Vehicle In-Transport ",6,"Angle ",0,No,2,Intersection,2,Four-Way Intersection,0,None,13,Urban-Other Principal Arterial,1,On Roadway,1,Daylight,1,Clear,0,No Additional Atmospheric Conditions,1,Clear,0,No,0000000,Not Applicable,99,Unknown,99,Unknown,12,12:00pm-12:59pm,55,55,99,Unknown,99,Unknown EMS Hospital Arrival Time,0,None,0,None,0,None,1,0
2014,1,10709,Alabama,2,2,0,0,0,2,2,121,TALLADEGA (121),0,NOT APPLICABLE,19,12,December,2014,6,Friday,21,9:00pm-9:59pm,40,40,0,This section IS NOT on the NHS,,,,,,,3,State Highway,SR-235,,44,44,33.34230556,33.34230556,-86.357952780,-86.357952780,0,No Special Jurisdiction,12,"Motor Vehicle In-Transport ",6,"Angle ",0,No,1,Non-Junction,1,Not an Intersection,0,None,4,Rural-Major Collector,1,On Roadway,2,Dark - Not Lighted,2,Rain,0,No Additional Atmospheric Conditions,2,Rain,0,No,0000000,Not Applicable,99,Unknown,99,Unknown,21,9:00pm-9:59pm,50,50,99,Unknown,99,Unknown EMS Hospital Arrival Time,0,None,0,None,0,None,1,0
2014,1,10710,Alabama,1,1,0,1,1,1,1,97,MOBILE (97),2550,PRICHARD,19,12,December,2014,6,Friday,23,11:00pm-11:59pm,20,20,0,This section IS NOT on the NHS,,,,,,,6,Local Street - Municipality,BEAR FORK RD,,0,None,30.74891667,30.74891667,-88.132583330,-88.132583330,0,No Special Jurisdiction,8,Pedestrian,0,Not a Collision with Motor Vehicle In-Transport,0,No,1,Non-Junction,1,Not an Intersection,0,None,14,Urban-Minor Arterial,1,On Roadway,2,Dark - Not Lighted,2,Rain,0,No Additional Atmospheric Conditions,2,Rain,0,No,0000000,Not Applicable,99,Unknown,99,Unknown,23,11:00pm-11:59pm,24,24,99,Unknown,99,Unknown EMS Hospital Arrival Time,0,None,0,None,0,None,1,0
2014,1,10711,Alabama,1,1,0,1,1,1,1,91,MARENGO (91),0,NOT APPLICABLE,20,12,December,2014,7,Saturday,2,2:00am-2:59am,15,15,0,This section IS NOT on the NHS,,,,,,,4,County Road,CR-30,,0,None,32.12491389,32.12491389,-87.722669440,-87.722669440,0,No Special Jurisdiction,8,Pedestrian,0,Not a Collision with Motor Vehicle In-Transport,0,No,1,Non-Junction,1,Not an Intersection,0,None,4,Rural-Major Collector,1,On Roadway,2,Dark - Not Lighted,2,Rain,0,No Additional Atmospheric Conditions,2,Rain,0,No,0000000,Not Applicable,99,Unknown,99,Unknown,3,3:00am-3:59am,27,27,88,"Not Applicable (Not Transported) ",88,Not Applicable (Not Transported),0,None,0,None,0,None,1,0
2014,1,10712,Alabama,1,1,0,0,0,1,1,97,MOBILE (97),2713,SARALAND,20,12,December,2014,7,Saturday,11,11:00am-11:59am,0,0,0,This section IS NOT on the NHS,,,,,,,6,Local Street - Municipality,LAFITTE RD,,0,None,30.83353056,30.83353056,-88.123694440,-88.123694440,0,No Special Jurisdiction,59,"Traffic Sign Support ",0,Not a Collision with Motor Vehicle In-Transport,0,No,1,Non-Junction,1,Not an Intersection,0,None,16,Urban-Local Road or Street,4,On Roadside,1,Daylight,2,Rain,0,No Additional Atmospheric Conditions,2,Rain,0,No,0000000,Not Applicable,99,Unknown,99,Unknown,11,11:00am-11:59am,8,8,99,Unknown,99,Unknown EMS Hospital Arrival Time,0,None,0,None,0,None,1,0
2014,1,10713,Alabama,1,1,0,1,1,1,1,117,SHELBY (117),0,NOT APPLICABLE,21,12,December,2014,1,Sunday,21,9:00pm-9:59pm,20,20,1,This section IS ON the NHS,,,,,,,2,U.S. Highway,US-SR 38,,70,70,33.42132222,33.42132222,-86.697369440,-86.697369440,0,No Special Jurisdiction,8,Pedestrian,0,Not a Collision with Motor Vehicle In-Transport,0,No,1,Non-Junction,1,Not an Intersection,0,None,13,Urban-Other Principal Arterial,1,On Roadway,2,Dark - Not Lighted,10,Cloudy,0,No Additional Atmospheric Conditions,10,Cloudy,0,No,0000000,Not Applicable,99,Unknown,99,Unknown,21,9:00pm-9:59pm,30,30,88,"Not Applicable (Not Transported) ",88,Not Applicable (Not Transported),0,None,0,None,0,None,1,0
2014,1,10714,Alabama,1,1,0,1,1,1,1,73,JEFFERSON (73),350,BIRMINGHAM,18,12,December,2014,5,Thursday,5,5:00am-5:59am,30,30,0,This section IS NOT on the NHS,,,,,,,6,Local Street - Municipality,10TH AVE S,10TH PLACE S,0,None,33.49486111,33.49486111,-86.812102780,-86.812102780,0,No Special Jurisdiction,8,Pedestrian,0,Not a Collision with Motor Vehicle In-Transport,0,No,3,"Intersection-Related ",3,T-Intersection,0,None,15,Urban-Collector,1,On Roadway,3,Dark - Lighted,1,Clear,0,No Additional Atmospheric Conditions,1,Clear,0,No,0000000,Not Applicable,99,Unknown,99,Unknown,5,5:00am-5:59am,37,37,99,Unknown,99,Unknown EMS Hospital Arrival Time,0,None,0,None,0,None,1,0