caseyear,state,st_case,statename,ve_total,ve_forms,pvh_invl,peds,pernotmvit,permvit,persons,county,countyname,city,cityname,day,month,monthname,year,day_week,day_weekname,hour,hourname,minute,minutename,nhs,nhsname,rur_urb,rur_urbname,func_sys,func_sysname,rd_owner,rd_ownername,route,routename,tway_id,tway_id2,milept,mileptname,latitude,latitudename,longitud,longitudname,sp_jur,sp_jurname,harm_ev,harm_evname,man_coll,man_collname,reljct1,reljct1name,reljct2,reljct2name,typ_int,typ_intname,wrk_zone,wrk_zonename,road_fnc,road_fncname,rel_road,rel_roadname,lgt_cond,lgt_condname,weather1,weather1name,weather2,weather2name,weather,weathername,sch_bus,sch_busname,rail,railname,not_hour,not_hourname,not_min,not_minname,arr_hour,arr_hourname,arr_min,arr_minname,hosp_hr,hosp_hrname,hosp_mn,hosp_mnname,cf1,cf1name,cf2,cf2name,cf3,cf3name,fatals,drunk_dr
2014,1,10751,Alabama,1,1,0,0,0,2,2,73,JEFFERSON (73),2960,TARRANT CITY,28,2,February,2014,6,Friday,12,12:00pm-12:59pm,0,0,0,This section IS NOT on the NHS,,,,,,,6,Local Street - Municipality,SPRING ST,,0,None,33.50823333,33.50823333,-86.754186110,-86.754186110,0,No Special Jurisdiction,42,Tree (Standing Only),0,Not a Collision with Motor Vehicle In-Transport,0,No,1,Non-Junction,1,Not an Intersection,0,None,16,Urban-Local Road or Street,4,On Roadside,1,Daylight,1,Clear,0,No Additional Atmospheric Conditions,1,Clear,0,No,0000000,Not Applicable,99,Unknown,99,Unknown,99,Unknown EMS Scene Arrival Hour,99,Unknown EMS Scene Arrival Minutes,99,Unknown,99,Unknown EMS Hospital Arrival Time,0,None,0,None,0,None,1,0
2014,1,10752,Alabama,1,1,0,1,1,1,1,39,COVINGTON (39),90,ANDALUSIA,17,9,September,2014,4,Wednesday,20,8:00pm-8:59pm,57,57,0,This section IS NOT on the NHS,,,,,,,6,Local Street - Municipality,ANTIOCH RD,,0,None,31.32602500,31.32602500,-86.455455560,-86.455455560,0,No Special Jurisdiction,9,Pedalcyclist,0,Not a Collision with Motor Vehicle In-Transport,0,No,1,Non-Junction,1,Not an Intersection,0,None,16,Urban-Local Road or Street,1,On Roadway,3,Dark - Lighted,1,Clear,0,No Additional Atmospheric Conditions,1,Clear,0,No,0000000,Not Applicable,20,8:00pm-8:59pm,55,55,21,9:00pm-9:59pm,1,1,21,9:00pm-9:59pm,20,20,0,None,0,None,0,None,1,0
2014,1,10753,Alabama,1,1,0,0,0,1,1,53,ESCAMBIA (53),470,BREWTON,26,11,November,2014,4,Wednesday,99,Unknown Hours,99,Unknown Minutes,1,This section IS ON the NHS,,,,,,,2,U.S. Highway,US-SR 3,,675,675,31.08827500,31.08827500,-87.096683330,-87.096683330,0,No Special Jurisdiction,42,Tree (Standing Only),0,Not a Collision with Motor Vehicle In-Transport,0,No,1,Non-Junction,1,Not an Intersection,0,None,13,Urban-Other Principal Arterial,4,On Roadside,9,Unknown,99,Unknown,0,No Additional Atmospheric Conditions,99,Unknown,0,No,0000000,Not Applicable,88,Not Applicable (Not Notified),88,Not Applicable (Not Notified),88,"Not Applicable ",88,Not Applicable,88,"Not Applicable (Not Transported) ",88,Not Applicable (Not Transported),0,None,0,None,0,None,1,1
2015,1,10001,Alabama,1,1,0,0,0,1,1,127,WALKER (127),0,NOT APPLICABLE,1,1,January,2015,5,Thursday,2,2:00am-2:59am,40,40,0,This section IS NOT on the NHS,1,Rural,3,Principal Arterial - Other,1,State Highway Agency,3,State Highway,SR-5,,1754,1754,33.87865278,33.87865278,-87.325327780,-87.325327780,0,No Special Jurisdiction,35,Embankment,0,Not a Collision with Motor Vehicle In-Transport,0,No,1,Non-Junction,1,Not an Intersection,0,None,,,4,On Roadside,2,Dark - Not Lighted,1,Clear,0,No Additional Atmospheric Conditions,1,Clear,0,No,0000000,Not Applicable,99,Unknown,99,Unknown,2,2:00am-2:59am,58,58,88,"Not Applicable (Not Transported) ",88,Not Applicable (Not Transported),0,None,0,None,0,None,1,1
2015,1,10002,Alabama,1,1,0,0,0,1,1,83,LIMESTONE (83),0,NOT APPLICABLE,1,1,January,2015,5,Thursday,22,10:00pm-10:59pm,13,13,1,This section IS ON the NHS,1,Rural,1,Interstate,1,State Highway Agency,1,Interstate,I-65,,3604,3604,34.91044167,34.91044167,-86.908708330,-86.908708330,0,No Special Jurisdiction,34,Ditch,0,Not a Collision with Motor Vehicle In-Transport,0,No,1,Non-Junction,1,Not an Intersection,0,None,,,3,On Median,2,Dark - Not Lighted,10,Cloudy,0,No Additional Atmospheric Conditions,10,Cloudy,0,No,0000000,Not Applicable,99,Unknown,99,Unknown,22,10:00pm-10:59pm,20,20,88,"Not Applicable (Not Transported) ",88,Not Applicable (Not Transported),0,None,0,None,0,None,1,0
2015,1,10003,Alabama,1,1,0,0,0,2,2,11,BULLOCK (11),0,NOT APPLICABLE,1,1,January,2015,5,Thursday,1,1:00am-1:59am,25,25,0,This section IS NOT on the NHS,1,Rural,3,Principal Arterial - Other,1,State Highway Agency,2,U.S. Highway,US-SR 6,,1958,1958,32.14200556,32.14200556,-85.758455560,-85.758455560,0,No Special Jurisdiction,42,Tree (Standing Only),0,Not a Collision with Motor Vehicle In-Transport,0,No,1,Non-Junction,1,Not an Intersection,0,None,,,4,On Roadside,2,Dark - Not Lighted,1,Clear,0,No Additional Atmospheric Conditions,1,Clear,0,No,0000000,Not Applicable,99,Unknown,99,Unknown,1,1:00am-1:59am,45,45,99,Unknown,99,Unknown EMS Hospital Arrival Time,0,None,0,None,0,None,1,1
2015,1,10004,Alabama,1,1,0,0,0,1,1,45,DALE (45),0,NOT APPLICABLE,4,1,January,2015,1,Sunday,0,0:00am-0:59am,57,57,0,This section IS NOT on the NHS,1,Rural,4,Minor Arterial,1,State Highway Agency,3,State Highway,SR-27,,566,566,31.43981389,31.43981389,-85.510300000,-85.510300000,0,No Special Jurisdiction,53,Mail Box,0,Not a Collision with Motor Vehicle In-Transport,0,No,1,Non-Junction,1,Not an Intersection,0,None,,,4,On Roadside,2,Dark - Not Lighted,10,Cloudy,0,No Additional Atmospheric Conditions,10,Cloudy,0,No,0000000,Not Applicable,99,Unknown,99,Unknown,1,1:00am-1:59am,15,15,88,"Not Applicable (Not Transported) ",88,Not Applicable (Not Transported),0,None,0,None,0,None,1,1
2015,1,10005,Alabama,2,2,0,0,0,2,2,45,DALE (45),2050,MIDLAND CITY,7,1,January,2015,4,Wednesday,7,7:00am-7:59am,9,9,0,This section IS NOT on the NHS,2,Urban,3,Principal Arterial - Other,1,State Highway Agency,2,U.S. Highway,US-SR 53,HINTON WATERS AVE,308,308,31.31933056,31.31933056,-85.515100000,-85.515100000,0,No Special Jurisdiction,12,"Motor Vehicle In-Transport ",6,"Angle ",0,No,2,Intersection,3,T-Intersection,0,None,,,1,On Roadway,1,Daylight,1,Clear,0,No Additional Atmospheric Conditions,1,Clear,0,No,0000000,Not Applicable,99,Unknown,99,Unknown,7,7:00am-7:59am,16,16,88,"Not Applicable (Not Transported) ",88,Not Applicable (Not Transported),0,None,0,None,0,None,1,0
2015,1,10006,Alabama,1,1,0,0,0,2,2,111,RANDOLPH (111),0,NOT APPLICABLE,8,1,January,2015,5,Thursday,9,9:00am-9:59am,59,59,0,This section IS NOT on the NHS,1,Rural,5,Major Collector,2,County Highway Agency,4,County Road,CR-82,,0,None,33.43849444,33.43849444,-85.389266670,-85.389266670,0,No Special Jurisdiction,1,Rollover/Overturn,0,Not a Collision with Motor Vehicle In-Transport,0,No,1,Non-Junction,1,Not an Intersection,0,None,,,4,On Roadside,1,Daylight,1,Clear,0,No Additional Atmospheric Conditions,1,Clear,0,No,0000000,Not Applicable,99,Unknown,99,Unknown,10,10:00am-10:59am,17,17,99,Unknown,99,Unknown EMS Hospital Arrival Time,0,None,0,None,0,None,1,0
2015,1,10007,Alabama,1,1,0,0,0,2,2,89,MADISON (89),1730,HUNTSVILLE,8,1,January,2015,5,Thursday,18,6:00pm-6:59pm,33,33,1,This section IS ON the NHS,2,Urban,3,Principal Arterial - Other,1,State Highway Agency,2,U.S. Highway,US-SR 2,,1030,1030,34.77304444,34.77304444,-86.527663890,-86.527663890,0,No Special Jurisdiction,43,Other Fixed Object,0,Not a Collision with Motor Vehicle In-Transport,0,No,1,Non-Junction,1,Not an Intersection,0,None,,,4,On Roadside,3,Dark - Lighted,1,Clear,0,No Additional Atmospheric Conditions,1,Clear,0,No,0000000,Not Applicable,99,Unknown,99,Unknown,18,6:00pm-6:59pm,38,38,99,Unknown,99,Unknown EMS Hospital Arrival Time,0,None,0,None,0,None,1,0
2015,1,10008,Alabama,1,1,0,1,1,1,1,73,JEFFERSON (73),350,BIRMINGHAM,3,1,January,2015,7,Saturday,21,9:00pm-9:59pm,30,30,0,This section IS NOT on the NHS,2,Urban,5,Major Collector,4,City or Municipal Highway Agency,6,Local Street - Municipality,ISHKOODA RD SW,,0,None,33.46248889,33.46248889,-86.870905560,-86.870905560,0,No Special Jurisdiction,8,Pedestrian,0,Not a Collision with Motor Vehicle In-Transport,0,No,1,Non-Junction,1,Not an Intersection,0,None,,,1,On Roadway,2,Dark - Not Lighted,2,Rain,0,No Additional Atmospheric Conditions,2,Rain,0,No,0000000,Not Applicable,99,Unknown,99,Unknown,21,9:00pm-9:59pm,48,48,99,Unknown,99,Unknown EMS Hospital Arrival Time,0,None,0,None,0,None,1,0
2015,1,10009,Alabama,1,1,0,0,0,1,1,117,SHELBY (117),47,ALABASTER,13,1,January,2015,3,Tuesday,8,8:00am-8:59am,0,0,1,This section IS ON the NHS,2,Urban,3,Principal Arterial - Other,1,State Highway Agency,2,U.S. Highway,US-SR 3,,2520,2520,33.23610000,33.23610000,-86.813922220,-86.813922220,0,No Special Jurisdiction,23,Bridge Rail (Includes parapet),0,Not a Collision with Motor Vehicle In-Transport,0,No,1,Non-Junction,1,Not an Intersection,0,None,,,4,On Roadside,1,Daylight,10,Cloudy,0,No Additional Atmospheric Conditions,10,Cloudy,0,No,0000000,Not Applicable,99,Unknown,99,Unknown,8,8:00am-8:59am,3,3,88,"Not Applicable (Not Transported) ",88,Not Applicable (Not Transported),0,None,0,None,0,None,1,0
2015,1,10010,Alabama,2,2,0,0,0,2,2,33,COLBERT (33),0,NOT APPLICABLE,5,1,January,2015,2,Monday,18,6:00pm-6:59pm,45,45,0,This section IS NOT on the NHS,1,Rural,4,Minor Arterial,1,State Highway Agency,3,State Highway,SR-184,,34,34,34.75836667,34.75836667,-87.607508330,-87.607508330,0,No Special Jurisdiction,12,"Motor Vehicle In-Transport ",2,Front-to-Front,0,No,1,Non-Junction,1,Not an Intersection,0,None,,,1,On Roadway,2,Dark - Not Lighted,1,Clear,0,No Additional Atmospheric Conditions,1,Clear,0,No,0000000,Not Applicable,99,Unknown,99,Unknown,19,7:00pm-7:59pm,1,1,99,Unknown,99,Unknown EMS Hospital Arrival Time,0,None,0,None,0,None,1,0
2015,1,10011,Alabama,2,2,0,0,0,2,2,83,LIMESTONE (83),0,NOT APPLICABLE,7,1,January,2015,4,Wednesday,20,8:00pm-8:59pm,55,55,0,This section IS NOT on the NHS,2,Urban,3,Principal Arterial - Other,1,State Highway Agency,3,State Highway,SR-2,,809,809,34.76602778,34.76602778,-86.879211110,-86.879211110,0,No Special Jurisdiction,12,"Motor Vehicle In-Transport ",7,Sideswipe - Same Direction,0,No,1,Non-Junction,1,Not an Intersection,0,None,,,1,On Roadway,2,Dark - Not Lighted,1,Clear,0,No Additional Atmospheric Conditions,1,Clear,0,No,0000000,Not Applicable,99,Unknown,99,Unknown,21,9:00pm-9:59pm,20,20,88,"Not Applicable (Not Transported) ",88,Not Applicable (Not Transported),0,None,0,None,0,None,1,0
2015,1,10012,Alabama,3,3,0,0,0,6,6,95,MARSHALL (95),1500,GUNTERSVILLE,9,1,January,2015,6,Friday,6,6:00am-6:59am,35,35,0,This section IS NOT on the NHS,2,Urban,3,Principal Arterial - Other,1,State Highway Agency,2,U.S. Highway,US-SR 1,,2944,2944,34.36911667,34.36911667,-86.288877780,-86.288877780,0,No Special Jurisdiction,12,"Motor Vehicle In-Transport ",6,"Angle ",0,No,1,Non-Junction,1,Not an Intersection,0,None,,,1,On Roadway,1,Daylight,1,Clear,0,No Additional Atmospheric Conditions,1,Clear,0,No,0000000,Not Applicable,99,Unknown,99,Unknown,6,6:00am-6:59am,41,41,99,Unknown,99,Unknown EMS Hospital Arrival Time,0,None,0,None,0,None,1,0
2015,1,10013,Alabama,1,1,0,0,0,1,1,87,MACON (87),0,NOT APPLICABLE,10,1,January,2015,7,Saturday,10,10:00am-10:59am,55,55,0,This section IS NOT on the NHS,1,Rural,5,Major Collector,2,County Highway Agency,4,County Road,CR-54,,0,None,32.55177222,32.55177222,-85.744644440,-85.744644440,0,No Special Jurisdiction,1,Rollover/Overturn,0,Not a Collision with Motor Vehicle In-Transport,0,No,1,Non-Junction,1,Not an Intersection,0,None,,,1,On Roadway,1,Daylight,1,Clear,0,No Additional Atmospheric Conditions,1,Clear,0,No,0000000,Not Applicable,88,Not Applicable (Not Notified),88,Not Applicable (Not Notified),88,"Not Applicable ",88,Not Applicable,88,"Not Applicable (Not Transported) ",88,Not Applicable (Not Transported),0,None,0,None,0,None,1,1
2015,1,10014,Alabama,1,1,0,0,0,1,1,11,BULLOCK (11),0,NOT APPLICABLE,11,1,January,2015,1,Sunday,6,6:00am-6:59am,13,13,0,This section IS NOT on the NHS,1,Rural,4,Minor Arterial,1,State Highway Agency,2,U.S. Highway,US-SR 15,,1454,1454,32.16270833,32.16270833,-85.714027780,-85.714027780,0,No Special Jurisdiction,1,Rollover/Overturn,0,Not a Collision with Motor Vehicle In-Transport,0,No,1,Non-Junction,1,Not an Intersection,0,None,,,4,On Roadside,1,Daylight,10,Cloudy,0,No Additional Atmospheric Conditions,10,Cloudy,0,No,0000000,Not Applicable,99,Unknown,99,Unknown,6,6:00am-6:59am,29,29,88,"Not Applicable (Not Transported) ",88,Not Applicable (Not Transported),0,None,0,None,0,None,1,1
2015,1,10015,Alabama,1,1,0,0,0,1,1,127,WALKER (127),0,NOT APPLICABLE,11,1,January,2015,1,Sunday,8,8:00am-8:59am,30,30,0,This section IS NOT on the NHS,1,Rural,3,Principal Arterial - Other,2,County Highway Agency,4,County Road,CR-BYLER RD,,0,None,33.96415000,33.96415000,-87.605697220,-87.605697220,0,No Special Jurisdiction,1,Rollover/Overturn,0,Not a Collision with Motor Vehicle In-Transport,0,No,1,Non-Junction,1,Not an Intersection,0,None,,,4,On Roadside,1,Daylight,1,Clear,0,No Additional Atmospheric Conditions,1,Clear,0,No,0000000,Not Applicable,99,Unknown,99,Unknown,8,8:00am-8:59am,55,55,88,"Not Applicable (Not Transported) ",88,Not Applicable (Not Transported),0,None,0,None,0,None,1,0
2015,1,10016,Alabama,2,2,0,0,0,2,2,81,LEE (81),2340,OPELIKA,13,1,January,2015,3,Tuesday,17,5:00pm-5:59pm,20,20,0,This section IS NOT on the NHS,2,Urban,4,Minor Arterial,1,State Highway Agency,3,State Highway,SR-51,,0,None,32.61823889,32.61823889,-85.371383330,-85.371383330,0,No Special Jurisdiction,12,"Motor Vehicle In-Transport ",6,"Angle ",0,No,8,Driveway Access Related,1,Not an Intersection,0,None,,,1,On Roadway,3,Dark - Lighted,10,Cloudy,0,No Additional Atmospheric Conditions,10,Cloudy,0,No,0000000,Not Applicable,99,Unknown,99,Unknown,17,5:00pm-5:59pm,30,30,99,Unknown,99,Unknown EMS Hospital Arrival Time,0,None,0,None,0,None,1,0
2015,1,10017,Alabama,1,1,0,0,0,1,1,97,MOBILE (97),0,NOT APPLICABLE,14,1,January,2015,4,Wednesday,14,2:00pm-2:59pm,40,40,0,This section IS NOT on the NHS,2,Urban,5,Major Collector,2,County Highway Agency,4,County Road,CR-IRVINGTON BAYOU LABATRE HWY,,0,None,30.50592778,30.50592778,-88.233925000,-88.233925000,0,No Special Jurisdiction,42,Tree (Standing Only),0,Not a Collision with Motor Vehicle In-Transport,0,No,1,Non-Junction,1,Not an Intersection,0,None,,,4,On Roadside,1,Daylight,10,Cloudy,0,No Additional Atmospheric Conditions,10,Cloudy,0,No,0000000,Not Applicable,99,Unknown,99,Unknown,14,2:00pm-2:59pm,50,50,99,Unknown,99,Unknown EMS Hospital Arrival Time,0,None,0,None,0,None,1,0
2015,1,10018,Alabama,1,1,0,0,0,2,2,1,AUTAUGA (1),0,NOT APPLICABLE,16,1,January,2015,6,Friday,19,7:00pm-7:59pm,15,15,0,This section IS NOT on the NHS,1,Rural,5,Major Collector,2,County Highway Agency,4,County Road,CR-40,,0,None,32.52434444,32.52434444,-86.672119440,-86.672119440,0,No Special Jurisdiction,42,Tree (Standing Only),0,Not a Collision with Motor Vehicle In-Transport,0,No,1,Non-Junction,1,Not an Intersection,0,None,,,4,On Roadside,2,Dark - Not Lighted,1,Clear,0,No Additional Atmospheric Conditions,1,Clear,0,No,0000000,Not Applicable,99,Unknown,99,Unknown,19,7:00pm-7:59pm,35,35,99,Unknown,99,Unknown EMS Hospital Arrival Time,0,None,0,None,0,None,1,1
2015,1,10019,Alabama,1,1,0,0,0,1,1,121,TALLADEGA (121),0,NOT APPLICABLE,19,1,January,2015,2,Monday,1,1:00am-1:59am,0,0,0,This section IS NOT on the NHS,1,Rural,6,Minor Collector,2,County Highway Agency,4,County Road,CR-ODENA ROAD N,,0,None,33.22930833,33.22930833,-86.269277780,-86.269277780,0,No Special Jurisdiction,1,Rollover/Overturn,0,Not a Collision with Motor Vehicle In-Transport,0,No,1,Non-Junction,1,Not an Intersection,0,None,,,1,On Roadway,2,Dark - Not Lighted,1,Clear,0,No Additional Atmospheric Conditions,1,Clear,0,No,0000000,Not Applicable,88,Not Applicable (Not Notified),88,Not Applicable (Not Notified),88,"Not Applicable ",88,Not Applicable,88,"Not Applicable (Not Transported) ",88,Not Applicable (Not Transported),0,None,0,None,0,None,1,0
2015,1,10020,Alabama,2,2,0,0,0,3,3,121,TALLADEGA (121),2910,TALLADEGA,15,1,January,2015,5,Thursday,17,5:00pm-5:59pm,10,10,0,This section IS NOT on the NHS,1,Rural,5,Major Collector,4,City or Municipal Highway Agency,6,Local Street - Municipality,EASTABOGA RD,HWY 275,0,None,33.46581111,33.46581111,-86.049991670,-86.049991670,0,No Special Jurisdiction,12,"Motor Vehicle In-Transport ",6,"Angle ",0,No,2,Intersection,2,Four-Way Intersection,0,None,,,1,On Roadway,2,Dark - Not Lighted,2,Rain,0,No Additional Atmospheric Conditions,2,Rain,0,No,0000000,Not Applicable,99,Unknown,99,Unknown,17,5:00pm-5:59pm,18,18,99,Unknown,99,Unknown EMS Hospital Arrival Time,0,None,0,None,0,None,1,0
2015,1,10021,Alabama,2,2,0,0,0,4,4,115,ST. CLAIR (115),0,NOT APPLICABLE,23,1,January,2015,6,Friday,13,1:00pm-1:59pm,48,48,1,This section IS ON the NHS,1,Rural,1,Interstate,1,State Highway Agency,1,Interstate,I-20,,1446,1446,33.56601667,33.56601667,-86.521022220,-86.521022220,0,No Special Jurisdiction,12,"Motor Vehicle In-Transport ",1,"Front-to-Rear ",0,No,1,Non-Junction,1,Not an Intersection,0,None,,,1,On Roadway,1,Daylight,2,Rain,0,No Additional Atmospheric Conditions,2,Rain,0,No,0000000,Not Applicable,99,Unknown,99,Unknown,14,2:00pm-2:59pm,5,5,99,Unknown,99,Unknown EMS Hospital Arrival Time,27,Backup Due to Prior Crash,0,None,0,None,1,0
2015,1,10022,Alabama,1,1,0,0,0,2,2,127,WALKER (127),0,NOT APPLICABLE,26,1,January,2015,2,Monday,6,6:00am-6:59am,15,15,1,This section IS ON the NHS,1,Rural,2,Principal Arterial - Other Freeways and Expressways,1,State Highway Agency,1,Interstate,I-22,,585,585,33.84021944,33.84021944,-87.331558330,-87.331558330,0,No Special Jurisdiction,52,Guardrail End,0,Not a Collision with Motor Vehicle In-Transport,0,No,1,Non-Junction,1,Not an Intersection,0,None,,,3,On Median,2,Dark - Not Lighted,1,Clear,0,No Additional Atmospheric Conditions,1,Clear,0,No,0000000,Not Applicable,99,Unknown,99,Unknown,6,6:00am-6:59am,30,30,99,Unknown,99,Unknown EMS Hospital Arrival Time,0,None,0,None,0,None,1,0
2015,1,10023,Alabama,1,1,0,0,0,1,1,11,BULLOCK (11),0,NOT APPLICABLE,12,1,January,2015,2,Monday,21,9:00pm-9:59pm,20,20,0,This section IS NOT on the NHS,1,Rural,4,Minor Arterial,1,State Highway Agency,3,State Highway,SR-110,,210,210,32.21718333,32.21718333,-85.918750000,-85.918750000,0,No Special Jurisdiction,42,Tree (Standing Only),0,Not a Collision with Motor Vehicle In-Transport,0,No,1,Non-Junction,1,Not an Intersection,0,None,,,4,On Roadside,2,Dark - Not Lighted,5,"Fog, Smog, Smoke",0,No Additional Atmospheric Conditions,5,"Fog, Smog, Smoke",0,No,0000000,Not Applicable,99,Unknown,99,Unknown,21,9:00pm-9:59pm,25,25,88,"Not Applicable (Not Transported) ",88,Not Applicable (Not Transported),0,None,0,None,0,None,1,1
2015,1,10024,Alabama,1,1,0,0,0,1,1,5,BARBOUR (5),0,NOT APPLICABLE,2,1,January,2015,6,Friday,6,6:00am-6:59am,0,0,0,This section IS NOT on the NHS,1,Rural,7,Local,2,County Highway Agency,4,County Road,CR-32,,0,None,31.83945278,31.83945278,-85.220700000,-85.220700000,0,No Special Jurisdiction,42,Tree (Standing Only),0,Not a Collision with Motor Vehicle In-Transport,0,No,1,Non-Junction,1,Not an Intersection,0,None,,,5,Outside Trafficway,4,Dawn,1,Clear,0,No Additional Atmospheric Conditions,1,Clear,0,No,0000000,Not Applicable,99,Unknown,99,Unknown,6,6:00am-6:59am,25,25,99,Unknown,99,Unknown EMS Hospital Arrival Time,0,None,0,None,0,None,1,0
2015,1,10025,Alabama,1,1,0,0,0,2,2,125,TUSCALOOSA (125),0,NOT APPLICABLE,15,1,January,2015,5,Thursday,3,3:00am-3:59am,5,5,0,This section IS NOT on the NHS,1,Rural,5,Major Collector,2,County Highway Agency,4,County Road,CR-HOLLEY SPRINGS LANE,,0,None,33.08890556,33.08890556,-87.674597220,-87.674597220,0,No Special Jurisdiction,18,Other Object (not fixed),0,Not a Collision with Motor Vehicle In-Transport,0,No,1,Non-Junction,1,Not an Intersection,0,None,,,4,On Roadside,2,Dark - Not Lighted,1,Clear,0,No Additional Atmospheric Conditions,1,Clear,0,No,0000000,Not Applicable,88,Not Applicable (Not Notified),88,Not Applicable (Not Notified),88,"Not Applicable ",88,Not Applicable,88,"Not Applicable (Not Transported) ",88,Not Applicable (Not Transported),0,None,0,None,0,None,2,1
2015,1,10026,Alabama,1,1,0,0,0,1,1,73,JEFFERSON (73),2052,MIDFIELD,13,1,January,2015,3,Tuesday,13,1:00pm-1:59pm,33,33,0,This section IS NOT on the NHS,2,Urban,4,Minor Arterial,4,City or Municipal Highway Agency,6,Local Street - Municipality,ALLISON-BONNETT MEMORIAL DR,FAIRFIELD BLVD,0,None,33.46460556,33.46460556,-86.941675000,-86.941675000,0,No Special Jurisdiction,33,Curb,0,Not a Collision with Motor Vehicle In-Transport,0,No,3,"Intersection-Related ",3,T-Intersection,0,None,,,4,On Roadside,1,Daylight,10,Cloudy,0,No Additional Atmospheric Conditions,10,Cloudy,0,No,0000000,Not Applicable,99,Unknown,99,Unknown,13,1:00pm-1:59pm,42,42,88,"Not Applicable (Not Transported) ",88,Not Applicable (Not Transported),0,None,0,None,0,None,1,0
2015,1,10027,Alabama,2,2,0,0,0,3,3,3,BALDWIN (3),2890,SUMMERDALE,17,1,January,2015,7,Saturday,14,2:00pm-2:59pm,42,42,0,This section IS NOT on the NHS,2,Urban,4,Minor Arterial,2,County Highway Agency,4,County Road,CR-BALDWIN BEACH EXPRESS,CR-32,0,None,30.47271111,30.47271111,-87.666330560,-87.666330560,0,No Special Jurisdiction,12,"Motor Vehicle In-Transport ",6,"Angle ",0,No,2,Intersection,2,Four-Way Intersection,0,None,,,1,On Roadway,1,Daylight,1,Clear,0,No Additional Atmospheric Conditions,1,Clear,0,No,0000000,Not Applicable,99,Unknown,99,Unknown,14,2:00pm-2:59pm,47,47,99,Unknown,99,Unknown EMS Hospital Arrival Time,0,None,0,None,0,None,1,0
2015,1,10028,Alabama,1,1,0,0,0,1,1,1,AUTAUGA (1),2540,PRATTVILLE,10,1,January,2015,7,Saturday,0,0:00am-0:59am,31,31,0,This section IS NOT on the NHS,2,Urban,4,Minor Arterial,4,City or Municipal Highway Agency,3,State Highway,SR-14,,0,None,32.43066389,32.43066389,-86.517916670,-86.517916670,0,No Special Jurisdiction,1,Rollover/Overturn,0,Not a Collision with Motor Vehicle In-Transport,0,No,1,Non-Junction,1,Not an Intersection,0,None,,,4,On Roadside,2,Dark - Not Lighted,1,Clear,0,No Additional Atmospheric Conditions,1,Clear,0,No,0000000,Not Applicable,99,Unknown,99,Unknown,0,0:00am-0:59am,40,40,88,"Not Applicable (Not Transported) ",88,Not Applicable (Not Transported),0,None,0,None,0,None,1,1
2015,1,10029,Alabama,1,1,0,0,0,1,1,69,HOUSTON (69),0,NOT APPLICABLE,23,1,January,2015,6,Friday,5,5:00am-5:59am,40,40,0,This section IS NOT on the NHS,1,Rural,3,Principal Arterial - Other,1,State Highway Agency,2,U.S. Highway,US-SR 12,THOMPSON RD,2228,2228,31.16130833,31.16130833,-85.190561110,-85.190561110,0,No Special Jurisdiction,59,"Traffic Sign Support ",0,Not a Collision with Motor Vehicle In-Transport,0,No,3,"Intersection-Related ",3,T-Intersection,0,None,,,4,On Roadside,2,Dark - Not Lighted,2,Rain,0,No Additional Atmospheric Conditions,2,Rain,0,No,0000000,Not Applicable,99,Unknown,99,Unknown,5,5:00am-5:59am,52,52,88,"Not Applicable (Not Transported) ",88,Not Applicable (Not Transported),0,None,0,None,0,None,1,0
2015,1,10030,Alabama,2,2,0,0,0,5,5,21,CHILTON (21),0,NOT APPLICABLE,24,1,January,2015,7,Saturday,13,1:00pm-1:59pm,15,15,0,This section IS NOT on the NHS,1,Rural,4,Minor Arterial,1,State Highway Agency,3,State Highway,SR-22,,784,784,32.78083333,32.78083333,-86.470200000,-86.470200000,0,No Special Jurisdiction,12,"Motor Vehicle In-Transport ",2,Front-to-Front,0,No,1,Non-Junction,1,Not an Intersection,0,None,,,1,On Roadway,1,Daylight,1,Clear,0,No Additional Atmospheric Conditions,1,Clear,0,No,0000000,Not Applicable,99,Unknown,99,Unknown,13,1:00pm-1:59pm,35,35,88,"Not Applicable (Not Transported) ",88,Not Applicable (Not Transported),0,None,0,None,0,None,5,0
2015,1,10031,Alabama,1,1,0,1,1,1,1,93,MARION (93),0,NOT APPLICABLE,24,1,January,2015,7,Saturday,16,4:00pm-4:59pm,38,38,0,This section IS NOT on the NHS,1,Rural,6,Minor Collector,2,County Highway Agency,4,County Road,CR-69,ATKINSON RD,0,None,33.92139167,33.92139167,-87.867250000,-87.867250000,0,No Special Jurisdiction,8,Pedestrian,0,Not a Collision with Motor Vehicle In-Transport,0,No,2,Intersection,3,T-Intersection,0,None,,,1,On Roadway,5,Dusk,1,Clear,0,No Additional Atmospheric Conditions,1,Clear,0,No,0000000,Not Applicable,99,Unknown,99,Unknown,16,4:00pm-4:59pm,51,51,99,Unknown,99,Unknown EMS Hospital Arrival Time,0,None,0,None,0,None,1,0