caseyear,state,st_case,statename,ve_total,ve_forms,pvh_invl,peds,pernotmvit,permvit,persons,county,countyname,city,cityname,day,month,monthname,year,day_week,day_weekname,hour,hourname,minute,minutename,nhs,nhsname,rur_urb,rur_urbname,func_sys,func_sysname,rd_owner,rd_ownername,route,routename,tway_id,tway_id2,milept,mileptname,latitude,latitudename,longitud,longitudname,sp_jur,sp_jurname,harm_ev,harm_evname,man_coll,man_collname,reljct1,reljct1name,reljct2,reljct2name,typ_int,typ_intname,wrk_zone,wrk_zonename,road_fnc,road_fncname,rel_road,rel_roadname,lgt_cond,lgt_condname,weather1,weather1name,weather2,weather2name,weather,weathername,sch_bus,sch_busname,rail,railname,not_hour,not_hourname,not_min,not_minname,arr_hour,arr_hourname,arr_min,arr_minname,hosp_hr,hosp_hrname,hosp_mn,hosp_mnname,cf1,cf1name,cf2,cf2name,cf3,cf3name,fatals,drunk_dr
2015,1,10101,Alabama,1,1,0,0,0,2,2,59,FRANKLIN (59),0,NOT APPLICABLE,7,3,March,2015,7,Saturday,4,4:00am-4:59am,0,0,0,This section IS NOT on the NHS,1,Rural,5,Major Collector,2,County Highway Agency,4,County Road,CR-48,,0,None,34.51690278,34.51690278,-87.654902780,-87.654902780,0,No Special Jurisdiction,1,Rollover/Overturn,0,Not a Collision with Motor Vehicle In-Transport,0,No,1,Non-Junction,1,Not an Intersection,0,None,,,4,On Roadside,2,Dark - Not Lighted,1,Clear,0,No Additional Atmospheric Conditions,1,Clear,0,No,0000000,Not Applicable,99,Unknown,99,Unknown,4,4:00am-4:59am,15,15,99,Unknown,99,Unknown EMS Hospital Arrival Time,0,None,0,None,0,None,1,1
2015,1,10102,Alabama,1,1,0,0,0,1,1,101,MONTGOMERY (101),2130,MONTGOMERY,14,3,March,2015,7,Saturday,3,3:00am-3:59am,38,38,1,This section IS ON the NHS,2,Urban,1,Interstate,1,State Highway Agency,1,Interstate,I-85,,40,40,32.35867222,32.35867222,-86.247736110,-86.247736110,0,No Special Jurisdiction,25,Concrete Traffic Barrier,0,Not a Collision with Motor Vehicle In-Transport,1,Yes,5,Entrance/Exit Ramp Related,1,Not an Intersection,0,None,,,8,Gore,3,Dark - Lighted,2,Rain,0,No Additional Atmospheric Conditions,2,Rain,0,No,0000000,Not Applicable,3,3:00am-3:59am,40,40,3,3:00am-3:59am,50,50,4,4:00am-4:59am,4,4,0,None,0,None,0,None,1,1
2015,1,10103,Alabama,1,1,0,0,0,2,2,125,TUSCALOOSA (125),0,NOT APPLICABLE,28,2,February,2015,7,Saturday,1,1:00am-1:59am,40,40,0,This section IS NOT on the NHS,1,Rural,7,Local,2,County Highway Agency,4,County Road,CR-INDIAN CREEK RD,,0,None,33.06118056,33.06118056,-87.509444440,-87.509444440,0,No Special Jurisdiction,53,Mail Box,0,Not a Collision with Motor Vehicle In-Transport,0,No,1,Non-Junction,1,Not an Intersection,0,None,,,4,On Roadside,2,Dark - Not Lighted,1,Clear,0,No Additional Atmospheric Conditions,1,Clear,0,No,0000000,Not Applicable,99,Unknown,99,Unknown,3,3:00am-3:59am,35,35,99,Unknown,99,Unknown EMS Hospital Arrival Time,0,None,0,None,0,None,1,1
2015,1,10104,Alabama,2,2,0,0,0,3,3,3,BALDWIN (3),2650,ROBERTSDALE,5,3,March,2015,5,Thursday,15,3:00pm-3:59pm,3,3,0,This section IS NOT on the NHS,1,Rural,4,Minor Arterial,2,County Highway Agency,4,County Road,CR-83,HWY 90,0,None,30.56744167,30.56744167,-87.666047220,-87.666047220,0,No Special Jurisdiction,12,"Motor Vehicle In-Transport ",2,Front-to-Front,0,No,2,Intersection,2,Four-Way Intersection,0,None,,,1,On Roadway,1,Daylight,10,Cloudy,0,No Additional Atmospheric Conditions,10,Cloudy,0,No,0000000,Not Applicable,99,Unknown,99,Unknown,15,3:00pm-3:59pm,9,9,99,Unknown,99,Unknown EMS Hospital Arrival Time,0,None,0,None,0,None,2,0
2015,1,10105,Alabama,1,1,0,0,0,2,2,77,LAUDERDALE (77),1200,FLORENCE,6,3,March,2015,6,Friday,99,Unknown Hours,99,Unknown Minutes,1,This section IS ON the NHS,2,Urban,3,Principal Arterial - Other,4,City or Municipal Highway Agency,6,Local Street - Municipality,HWY 20,,210,210,34.78616389,34.78616389,-87.697908330,-87.697908330,0,No Special Jurisdiction,42,Tree (Standing Only),0,Not a Collision with Motor Vehicle In-Transport,0,No,1,Non-Junction,1,Not an Intersection,0,None,,,4,On Roadside,2,Dark - Not Lighted,1,Clear,0,No Additional Atmospheric Conditions,1,Clear,0,No,0000000,Not Applicable,4,4:00am-4:59am,48,48,5,5:00am-5:59am,0,0,5,5:00am-5:59am,7,7,0,None,0,None,0,None,1,1
2015,1,10106,Alabama,1,1,0,0,0,1,1,23,CHOCTAW (23),0,NOT APPLICABLE,9,3,March,2015,2,Monday,23,11:00pm-11:59pm,5,5,1,This section IS ON the NHS,1,Rural,3,Principal Arterial - Other,1,State Highway Agency,2,U.S. Highway,US-SR 12,,170,170,31.76922500,31.76922500,-88.186569440,-88.186569440,0,No Special Jurisdiction,42,Tree (Standing Only),0,Not a Collision with Motor Vehicle In-Transport,0,No,1,Non-Junction,1,Not an Intersection,0,None,,,4,On Roadside,2,Dark - Not Lighted,2,Rain,0,No Additional Atmospheric Conditions,2,Rain,0,No,0000000,Not Applicable,99,Unknown,99,Unknown,23,11:00pm-11:59pm,32,32,88,"Not Applicable (Not Transported) ",88,Not Applicable (Not Transported),0,None,0,None,0,None,1,1
2015,1,10107,Alabama,2,2,0,0,0,2,2,73,JEFFERSON (73),0,NOT APPLICABLE,13,3,March,2015,6,Friday,0,0:00am-0:59am,41,41,0,This section IS NOT on the NHS,1,Rural,4,Minor Arterial,1,State Highway Agency,2,U.S. Highway,US-SR 3,,2970,2970,33.82046667,33.82046667,-86.808194440,-86.808194440,0,No Special Jurisdiction,12,"Motor Vehicle In-Transport ",6,"Angle ",0,No,1,Non-Junction,1,Not an Intersection,0,None,,,1,On Roadway,2,Dark - Not Lighted,2,Rain,0,No Additional Atmospheric Conditions,2,Rain,0,No,0000000,Not Applicable,99,Unknown,99,Unknown,0,0:00am-0:59am,58,58,99,Unknown,99,Unknown EMS Hospital Arrival Time,20,Police Pursuit Involved,0,None,0,None,1,1
2015,1,10108,Alabama,2,2,0,0,0,3,3,15,CALHOUN (15),2325,OHATCHEE,13,3,March,2015,6,Friday,19,7:00pm-7:59pm,21,21,1,This section IS ON the NHS,2,Urban,3,Principal Arterial - Other,1,State Highway Agency,3,State Highway,SR-77,,889,889,33.76190556,33.76190556,-86.043430560,-86.043430560,0,No Special Jurisdiction,12,"Motor Vehicle In-Transport ",2,Front-to-Front,0,No,1,Non-Junction,1,Not an Intersection,0,None,,,1,On Roadway,2,Dark - Not Lighted,2,Rain,0,No Additional Atmospheric Conditions,2,Rain,0,No,0000000,Not Applicable,99,Unknown,99,Unknown,19,7:00pm-7:59pm,55,55,99,Unknown,99,Unknown EMS Hospital Arrival Time,0,None,0,None,0,None,1,0
2015,1,10109,Alabama,3,3,0,0,0,3,3,17,CHAMBERS (17),0,NOT APPLICABLE,14,3,March,2015,7,Saturday,10,10:00am-10:59am,0,0,1,This section IS ON the NHS,1,Rural,3,Principal Arterial - Other,1,State Highway Agency,3,State Highway,SR-1,,1624,1624,32.93260278,32.93260278,-85.395258330,-85.395258330,0,No Special Jurisdiction,12,"Motor Vehicle In-Transport ",2,Front-to-Front,0,No,1,Non-Junction,1,Not an Intersection,0,None,,,1,On Roadway,1,Daylight,5,"Fog, Smog, Smoke",0,No Additional Atmospheric Conditions,5,"Fog, Smog, Smoke",0,No,0000000,Not Applicable,99,Unknown,99,Unknown,10,10:00am-10:59am,10,10,99,Unknown,99,Unknown EMS Hospital Arrival Time,0,None,0,None,0,None,1,0
2015,1,10110,Alabama,1,1,0,0,0,1,1,37,COOSA (37),0,NOT APPLICABLE,14,3,March,2015,7,Saturday,16,4:00pm-4:59pm,40,40,1,This section IS ON the NHS,1,Rural,4,Minor Arterial,1,State Highway Agency,3,State Highway,SR-9,,1657,1657,33.09906389,33.09906389,-86.011202780,-86.011202780,0,No Special Jurisdiction,42,Tree (Standing Only),0,Not a Collision with Motor Vehicle In-Transport,0,No,1,Non-Junction,1,Not an Intersection,0,None,,,4,On Roadside,1,Daylight,10,Cloudy,0,No Additional Atmospheric Conditions,10,Cloudy,0,No,0000000,Not Applicable,99,Unknown,99,Unknown,16,4:00pm-4:59pm,54,54,88,"Not Applicable (Not Transported) ",88,Not Applicable (Not Transported),0,None,0,None,0,None,1,0
2015,1,10111,Alabama,1,1,0,0,0,2,2,125,TUSCALOOSA (125),0,NOT APPLICABLE,16,3,March,2015,2,Monday,22,10:00pm-10:59pm,55,55,0,This section IS NOT on the NHS,1,Rural,7,Local,2,County Highway Agency,4,County Road,CR-CARROLLTON RD,,0,None,33.25796389,33.25796389,-87.805600000,-87.805600000,0,No Special Jurisdiction,35,Embankment,0,Not a Collision with Motor Vehicle In-Transport,0,No,1,Non-Junction,1,Not an Intersection,0,None,,,4,On Roadside,2,Dark - Not Lighted,1,Clear,0,No Additional Atmospheric Conditions,1,Clear,0,No,0000000,Not Applicable,23,11:00pm-11:59pm,6,6,23,11:00pm-11:59pm,26,26,0,0:00am-0:59am,5,5,0,None,0,None,0,None,1,1
2015,1,10112,Alabama,1,1,0,0,0,1,1,93,MARION (93),0,NOT APPLICABLE,21,3,March,2015,7,Saturday,1,1:00am-1:59am,45,45,0,This section IS NOT on the NHS,1,Rural,5,Major Collector,1,State Highway Agency,3,State Highway,SR-253,,48,48,33.98633611,33.98633611,-87.853013890,-87.853013890,0,No Special Jurisdiction,42,Tree (Standing Only),0,Not a Collision with Motor Vehicle In-Transport,0,No,1,Non-Junction,1,Not an Intersection,0,None,,,4,On Roadside,2,Dark - Not Lighted,1,Clear,0,No Additional Atmospheric Conditions,1,Clear,0,No,0000000,Not Applicable,1,1:00am-1:59am,54,54,2,2:00am-2:59am,0,0,88,"Not Applicable (Not Transported) ",88,Not Applicable (Not Transported),0,None,0,None,0,None,1,0
2015,1,10113,Alabama,1,1,0,1,1,2,2,73,JEFFERSON (73),0,NOT APPLICABLE,4,4,April,2015,7,Saturday,20,8:00pm-8:59pm,15,15,1,This section IS ON the NHS,2,Urban,1,Interstate,1,State Highway Agency,1,Interstate,I-65,,2730,2730,33.68797500,33.68797500,-86.830113890,-86.830113890,0,No Special Jurisdiction,8,Pedestrian,0,Not a Collision with Motor Vehicle In-Transport,0,No,1,Non-Junction,1,Not an Intersection,0,None,,,1,On Roadway,2,Dark - Not Lighted,1,Clear,0,No Additional Atmospheric Conditions,1,Clear,0,No,0000000,Not Applicable,88,Not Applicable (Not Notified),88,Not Applicable (Not Notified),88,"Not Applicable ",88,Not Applicable,88,"Not Applicable (Not Transported) ",88,Not Applicable (Not Transported),0,None,0,None,0,None,1,0
2015,1,10114,Alabama,2,2,0,0,0,2,2,3,BALDWIN (3),860,DAPHNE,1,4,April,2015,4,Wednesday,22,10:00pm-10:59pm,49,49,1,This section IS ON the NHS,2,Urban,1,Interstate,1,State Highway Agency,1,Interstate,I-10,,370,370,30.66108056,30.66108056,-87.870469440,-87.870469440,0,No Special Jurisdiction,12,"Motor Vehicle In-Transport ",1,"Front-to-Rear ",0,No,1,Non-Junction,1,Not an Intersection,0,None,,,1,On Roadway,2,Dark - Not Lighted,1,Clear,0,No Additional Atmospheric Conditions,1,Clear,0,No,0000000,Not Applicable,99,Unknown,99,Unknown,23,11:00pm-11:59pm,5,5,99,Unknown,99,Unknown EMS Hospital Arrival Time,0,None,0,None,0,None,1,1
2015,1,10115,Alabama,1,1,0,0,0,1,1,127,WALKER (127),0,NOT APPLICABLE,27,3,March,2015,6,Friday,23,11:00pm-11:59pm,28,28,1,This section IS ON the NHS,1,Rural,1,Interstate,1,State Highway Agency,1,Interstate,I-22,,489,489,33.90062500,33.90062500,-87.469427780,-87.469427780,0,No Special Jurisdiction,1,Rollover/Overturn,0,Not a Collision with Motor Vehicle In-Transport,0,No,1,Non-Junction,1,Not an Intersection,0,None,,,1,On Roadway,2,Dark - Not Lighted,10,Cloudy,0,No Additional Atmospheric Conditions,10,Cloudy,0,No,0000000,Not Applicable,99,Unknown,99,Unknown,23,11:00pm-11:59pm,56,56,99,Unknown,99,Unknown EMS Hospital Arrival Time,0,None,0,None,0,None,1,0
2015,1,10116,Alabama,2,2,0,0,0,3,3,35,CONECUH (35),0,NOT APPLICABLE,14,3,March,2015,7,Saturday,21,9:00pm-9:59pm,7,7,1,This section IS ON the NHS,1,Rural,1,Interstate,1,State Highway Agency,1,Interstate,I-65,,767,767,31.26938889,31.26938889,-87.214005560,-87.214005560,0,No Special Jurisdiction,12,"Motor Vehicle In-Transport ",1,"Front-to-Rear ",0,No,1,Non-Junction,1,Not an Intersection,0,None,,,1,On Roadway,2,Dark - Not Lighted,1,Clear,0,No Additional Atmospheric Conditions,1,Clear,0,No,0000000,Not Applicable,99,Unknown,99,Unknown,21,9:00pm-9:59pm,25,25,99,Unknown,99,Unknown EMS Hospital Arrival Time,0,None,0,None,0,None,1,0
2015,1,10117,Alabama,2,2,0,1,1,5,5,3,BALDWIN (3),0,NOT APPLICABLE,11,3,March,2015,4,Wednesday,19,7:00pm-7:59pm,30,30,1,This section IS ON the NHS,1,Rural,1,Interstate,1,State Highway Agency,1,Interstate,I-65,,433,433,31.00395000,31.00395000,-87.678616670,-87.678616670,0,No Special Jurisdiction,12,"Motor Vehicle In-Transport ",1,"Front-to-Rear ",0,No,1,Non-Junction,1,Not an Intersection,0,None,,,1,On Roadway,2,Dark - Not Lighted,10,Cloudy,0,No Additional Atmospheric Conditions,10,Cloudy,0,No,0000000,Not Applicable,99,Unknown,99,Unknown,19,7:00pm-7:59pm,50,50,99,Unknown,99,Unknown EMS Hospital Arrival Time,15,"Non-occupant struck by falling cargo, or something that came loose from, or something that was set in motion by a vehicle",0,None,0,None,1,0
2015,1,10118,Alabama,1,1,0,0,0,2,2,103,MORGAN (103),890,DECATUR,8,3,March,2015,1,Sunday,4,4:00am-4:59am,34,34,1,This section IS ON the NHS,2,Urban,3,Principal Arterial - Other,1,State Highway Agency,3,State Highway,SR-67,,390,390,34.56162222,34.56162222,-86.970405560,-86.970405560,0,No Special Jurisdiction,30,Utility Pole/Light Support,0,Not a Collision with Motor Vehicle In-Transport,0,No,1,Non-Junction,1,Not an Intersection,0,None,,,4,On Roadside,3,Dark - Lighted,1,Clear,0,No Additional Atmospheric Conditions,1,Clear,0,No,0000000,Not Applicable,99,Unknown,99,Unknown,4,4:00am-4:59am,46,46,99,Unknown,99,Unknown EMS Hospital Arrival Time,0,None,0,None,0,None,1,1
2015,1,10119,Alabama,2,2,0,0,0,2,2,125,TUSCALOOSA (125),0,NOT APPLICABLE,1,3,March,2015,1,Sunday,20,8:00pm-8:59pm,5,5,1,This section IS ON the NHS,1,Rural,3,Principal Arterial - Other,1,State Highway Agency,2,U.S. Highway,US-SR 6,,384,384,33.26156389,33.26156389,-87.705311110,-87.705311110,0,No Special Jurisdiction,12,"Motor Vehicle In-Transport ",2,Front-to-Front,0,No,1,Non-Junction,1,Not an Intersection,0,None,,,1,On Roadway,2,Dark - Not Lighted,10,Cloudy,0,No Additional Atmospheric Conditions,10,Cloudy,0,No,0000000,Not Applicable,99,Unknown,99,Unknown,20,8:00pm-8:59pm,20,20,99,Unknown,99,Unknown EMS Hospital Arrival Time,0,None,0,None,0,None,1,0
2015,1,10120,Alabama,2,2,0,0,0,2,2,115,ST. CLAIR (115),160,ASHVILLE,3,3,March,2015,3,Tuesday,13,1:00pm-1:59pm,27,27,0,This section IS NOT on the NHS,1,Rural,4,Minor Arterial,1,State Highway Agency,2,U.S. Highway,US-SR 53,,2380,2380,33.84600556,33.84600556,-86.270150000,-86.270150000,0,No Special Jurisdiction,12,"Motor Vehicle In-Transport ",6,"Angle ",0,No,1,Non-Junction,1,Not an Intersection,0,None,,,1,On Roadway,1,Daylight,10,Cloudy,0,No Additional Atmospheric Conditions,10,Cloudy,0,No,0000000,Not Applicable,99,Unknown,99,Unknown,13,1:00pm-1:59pm,32,32,99,Unknown,99,Unknown EMS Hospital Arrival Time,0,None,0,None,0,None,1,0
2015,1,10121,Alabama,2,2,0,0,0,3,3,51,ELMORE (51),3270,WETUMPKA,8,3,March,2015,1,Sunday,14,2:00pm-2:59pm,15,15,0,This section IS NOT on the NHS,2,Urban,4,Minor Arterial,1,State Highway Agency,3,State Highway,SR-170,,2,2,32.54603889,32.54603889,-86.188444440,-86.188444440,0,No Special Jurisdiction,12,"Motor Vehicle In-Transport ",1,"Front-to-Rear ",0,No,1,Non-Junction,1,Not an Intersection,0,None,,,1,On Roadway,1,Daylight,1,Clear,0,No Additional Atmospheric Conditions,1,Clear,0,No,0000000,Not Applicable,99,Unknown,99,Unknown,14,2:00pm-2:59pm,30,30,99,Unknown,99,Unknown EMS Hospital Arrival Time,20,Police Pursuit Involved,0,None,0,None,1,0
2015,1,10122,Alabama,1,1,0,0,0,1,1,1,AUTAUGA (1),0,NOT APPLICABLE,10,3,March,2015,3,Tuesday,11,11:00am-11:59am,50,50,0,This section IS NOT on the NHS,1,Rural,5,Major Collector,2,County Highway Agency,4,County Road,CR-81,,0,None,32.50412778,32.50412778,-86.573327780,-86.573327780,0,No Special Jurisdiction,34,Ditch,0,Not a Collision with Motor Vehicle In-Transport,0,No,1,Non-Junction,1,Not an Intersection,0,None,,,4,On Roadside,1,Daylight,10,Cloudy,0,No Additional Atmospheric Conditions,10,Cloudy,0,No,0000000,Not Applicable,99,Unknown,99,Unknown,11,11:00am-11:59am,55,55,88,"Not Applicable (Not Transported) ",88,Not Applicable (Not Transported),0,None,0,None,0,None,1,0
2015,1,10123,Alabama,2,2,0,0,0,3,3,43,CULLMAN (43),0,NOT APPLICABLE,16,3,March,2015,2,Monday,7,7:00am-7:59am,55,55,0,This section IS NOT on the NHS,1,Rural,5,Major Collector,2,County Highway Agency,4,County Road,CR-1435,CR-1301,0,None,34.22031111,34.22031111,-86.829494440,-86.829494440,0,No Special Jurisdiction,12,"Motor Vehicle In-Transport ",6,"Angle ",0,No,2,Intersection,2,Four-Way Intersection,0,None,,,1,On Roadway,1,Daylight,1,Clear,0,No Additional Atmospheric Conditions,1,Clear,0,No,0000000,Not Applicable,99,Unknown,99,Unknown,8,8:00am-8:59am,7,7,99,Unknown,99,Unknown EMS Hospital Arrival Time,0,None,0,None,0,None,1,0
2015,1,10124,Alabama,1,1,0,1,1,1,1,89,MADISON (89),1970,MADISON,16,3,March,2015,2,Monday,10,10:00am-10:59am,4,4,0,This section IS NOT on the NHS,2,Urban,4,Minor Arterial,4,City or Municipal Highway Agency,6,Local Street - Municipality,MADISON BLVD,QUARRY RD,0,None,34.67851667,34.67851667,-86.747316670,-86.747316670,0,No Special Jurisdiction,8,Pedestrian,0,Not a Collision with Motor Vehicle In-Transport,0,No,3,"Intersection-Related ",2,Four-Way Intersection,0,None,,,1,On Roadway,1,Daylight,1,Clear,0,No Additional Atmospheric Conditions,1,Clear,0,No,0000000,Not Applicable,99,Unknown,99,Unknown,10,10:00am-10:59am,9,9,99,Unknown,99,Unknown EMS Hospital Arrival Time,0,None,0,None,0,None,1,0
2015,1,10125,Alabama,1,1,0,0,0,4,4,113,RUSSELL (113),0,NOT APPLICABLE,17,3,March,2015,3,Tuesday,15,3:00pm-3:59pm,6,6,0,This section IS NOT on the NHS,1,Rural,5,Major Collector,2,County Highway Agency,4,County Road,CR-OSWICHEE RD,,0,None,32.26903333,32.26903333,-85.011486110,-85.011486110,0,No Special Jurisdiction,38,Fence,0,Not a Collision with Motor Vehicle In-Transport,0,No,1,Non-Junction,1,Not an Intersection,0,None,,,5,Outside Trafficway,1,Daylight,1,Clear,0,No Additional Atmospheric Conditions,1,Clear,0,No,0000000,Not Applicable,99,Unknown,99,Unknown,15,3:00pm-3:59pm,19,19,99,Unknown,99,Unknown EMS Hospital Arrival Time,0,None,0,None,0,None,2,0
2015,1,10126,Alabama,2,2,0,0,0,2,2,31,COFFEE (31),0,NOT APPLICABLE,19,3,March,2015,5,Thursday,12,12:00pm-12:59pm,0,0,0,This section IS NOT on the NHS,1,Rural,4,Minor Arterial,1,State Highway Agency,3,State Highway,SR-134,,212,212,31.31268333,31.31268333,-85.929722220,-85.929722220,0,No Special Jurisdiction,12,"Motor Vehicle In-Transport ",2,Front-to-Front,0,No,1,Non-Junction,1,Not an Intersection,0,None,,,1,On Roadway,1,Daylight,1,Clear,0,No Additional Atmospheric Conditions,1,Clear,0,No,0000000,Not Applicable,99,Unknown,99,Unknown,12,12:00pm-12:59pm,17,17,88,"Not Applicable (Not Transported) ",88,Not Applicable (Not Transported),0,None,0,None,0,None,1,0
2015,1,10127,Alabama,2,2,0,0,0,5,5,31,COFFEE (31),0,NOT APPLICABLE,20,3,March,2015,6,Friday,21,9:00pm-9:59pm,30,30,0,This section IS NOT on the NHS,1,Rural,4,Minor Arterial,1,State Highway Agency,3,State Highway,SR-167,CR-114,390,390,31.48936944,31.48936944,-85.913730560,-85.913730560,0,No Special Jurisdiction,12,"Motor Vehicle In-Transport ",6,"Angle ",0,No,2,Intersection,2,Four-Way Intersection,0,None,,,1,On Roadway,6,Dark - Unknown Lighting,10,Cloudy,0,No Additional Atmospheric Conditions,10,Cloudy,0,No,0000000,Not Applicable,99,Unknown,99,Unknown,21,9:00pm-9:59pm,56,56,99,Unknown,99,Unknown EMS Hospital Arrival Time,0,None,0,None,0,None,2,0
2015,1,10128,Alabama,1,1,0,1,1,1,1,63,GREENE (63),1213,FORKLAND,20,3,March,2015,6,Friday,21,9:00pm-9:59pm,45,45,0,This section IS NOT on the NHS,1,Rural,6,Minor Collector,2,County Highway Agency,4,County Road,CR-41,,0,None,32.65625000,32.65625000,-87.875438890,-87.875438890,0,No Special Jurisdiction,8,Pedestrian,0,Not a Collision with Motor Vehicle In-Transport,0,No,1,Non-Junction,1,Not an Intersection,0,None,,,1,On Roadway,2,Dark - Not Lighted,1,Clear,0,No Additional Atmospheric Conditions,1,Clear,0,No,0000000,Not Applicable,88,Not Applicable (Not Notified),88,Not Applicable (Not Notified),88,"Not Applicable ",88,Not Applicable,88,"Not Applicable (Not Transported) ",88,Not Applicable (Not Transported),0,None,0,None,0,None,1,0
2015,1,10129,Alabama,2,2,0,0,0,3,3,49,DEKALB (49),2564,RAINSVILLE,24,3,March,2015,3,Tuesday,7,7:00am-7:59am,15,15,0,This section IS NOT on the NHS,1,Rural,3,Principal Arterial - Other,4,City or Municipal Highway Agency,6,Local Street - Municipality,MAIN ST,DEKALB DR,0,None,34.49746111,34.49746111,-85.852480560,-85.852480560,0,No Special Jurisdiction,12,"Motor Vehicle In-Transport ",6,"Angle ",0,No,2,Intersection,3,T-Intersection,0,None,,,1,On Roadway,1,Daylight,1,Clear,0,No Additional Atmospheric Conditions,1,Clear,0,No,0000000,Not Applicable,99,Unknown,99,Unknown,7,7:00am-7:59am,16,16,99,Unknown,99,Unknown EMS Hospital Arrival Time,0,None,0,None,0,None,1,0
2015,1,10130,Alabama,2,2,0,0,0,3,3,97,MOBILE (97),2100,MOBILE,24,3,March,2015,3,Tuesday,8,8:00am-8:59am,20,20,0,This section IS NOT on the NHS,2,Urban,3,Principal Arterial - Other,1,State Highway Agency,2,U.S. Highway,US-SR 16,,270,270,30.69029167,30.69029167,-88.023602780,-88.023602780,0,No Special Jurisdiction,12,"Motor Vehicle In-Transport ",2,Front-to-Front,0,No,1,Non-Junction,1,Not an Intersection,0,None,,,1,On Roadway,1,Daylight,10,Cloudy,0,No Additional Atmospheric Conditions,10,Cloudy,0,No,0000000,Not Applicable,99,Unknown,99,Unknown,8,8:00am-8:59am,27,27,99,Unknown,99,Unknown EMS Hospital Arrival Time,0,None,0,None,0,None,1,0
2015,1,10131,Alabama,1,1,0,1,1,2,2,93,MARION (93),0,NOT APPLICABLE,24,3,March,2015,3,Tuesday,19,7:00pm-7:59pm,40,40,0,This section IS NOT on the NHS,1,Rural,7,Local,2,County Highway Agency,4,County Road,CR-63,,0,None,34.00402500,34.00402500,-87.745869440,-87.745869440,0,No Special Jurisdiction,8,Pedestrian,0,Not a Collision with Motor Vehicle In-Transport,0,No,1,Non-Junction,1,Not an Intersection,0,None,,,1,On Roadway,2,Dark - Not Lighted,1,Clear,0,No Additional Atmospheric Conditions,1,Clear,0,No,0000000,Not Applicable,88,Not Applicable (Not Notified),88,Not Applicable (Not Notified),88,"Not Applicable ",88,Not Applicable,88,"Not Applicable (Not Transported) ",88,Not Applicable (Not Transported),0,None,0,None,0,None,1,0
2015,1,10132,Alabama,2,2,0,0,0,3,3,89,MADISON (89),1970,MADISON,26,3,March,2015,5,Thursday,4,4:00am-4:59am,36,36,0,This section IS NOT on the NHS,2,Urban,4,Minor Arterial,4,City or Municipal Highway Agency,6,Local Street - Municipality,WALL TRIANA HWY,GILLESPIE RD,0,None,34.72875556,34.72875556,-86.750152780,-86.750152780,0,No Special Jurisdiction,12,"Motor Vehicle In-Transport ",6,"Angle ",0,No,2,Intersection,2,Four-Way Intersection,0,None,,,1,On Roadway,3,Dark - Lighted,1,Clear,0,No Additional Atmospheric Conditions,1,Clear,0,No,0000000,Not Applicable,99,Unknown,99,Unknown,4,4:00am-4:59am,43,43,99,Unknown,99,Unknown EMS Hospital Arrival Time,0,None,0,None,0,None,1,0
2015,1,10133,Alabama,2,2,0,0,0,2,2,97,MOBILE (97),0,NOT APPLICABLE,26,3,March,2015,5,Thursday,8,8:00am-8:59am,25,25,0,This section IS NOT on the NHS,1,Rural,5,Major Collector,2,County Highway Agency,4,County Road,CR-CELESTE RD,,0,None,31.00971111,31.00971111,-88.158872220,-88.158872220,0,No Special Jurisdiction,12,"Motor Vehicle In-Transport ",6,"Angle ",0,No,8,Driveway Access Related,1,Not an Intersection,0,None,,,1,On Roadway,1,Daylight,10,Cloudy,0,No Additional Atmospheric Conditions,10,Cloudy,0,No,0000000,Not Applicable,99,Unknown,99,Unknown,8,8:00am-8:59am,53,53,88,"Not Applicable (Not Transported) ",88,Not Applicable (Not Transported),0,None,0,None,0,None,1,0
2015,1,10134,Alabama,2,2,0,0,0,2,2,55,ETOWAH (55),0,NOT APPLICABLE,27,3,March,2015,6,Friday,23,11:00pm-11:59pm,35,35,1,This section IS ON the NHS,1,Rural,3,Principal Arterial - Other,1,State Highway Agency,2,U.S. Highway,US-SR 74,SR-179,1202,1202,34.05098889,34.05098889,-86.183927780,-86.183927780,0,No Special Jurisdiction,12,"Motor Vehicle In-Transport ",6,"Angle ",0,No,2,Intersection,3,T-Intersection,0,None,,,1,On Roadway,2,Dark - Not Lighted,10,Cloudy,0,No Additional Atmospheric Conditions,10,Cloudy,0,No,0000000,Not Applicable,99,Unknown,99,Unknown,23,11:00pm-11:59pm,46,46,99,Unknown,99,Unknown EMS Hospital Arrival Time,0,None,0,None,0,None,1,0
2015,1,10135,Alabama,3,3,0,0,0,3,3,15,CALHOUN (15),0,NOT APPLICABLE,27,3,March,2015,6,Friday,21,9:00pm-9:59pm,45,45,0,This section IS NOT on the NHS,1,Rural,4,Minor Arterial,2,County Highway Agency,4,County Road,CR-CHOCCOLOCCO RD,,0,None,33.65057500,33.65057500,-85.743238890,-85.743238890,0,No Special Jurisdiction,12,"Motor Vehicle In-Transport ",6,"Angle ",0,No,1,Non-Junction,1,Not an Intersection,0,None,,,1,On Roadway,2,Dark - Not Lighted,10,Cloudy,0,No Additional Atmospheric Conditions,10,Cloudy,0,No,0000000,Not Applicable,99,Unknown,99,Unknown,21,9:00pm-9:59pm,58,58,99,Unknown,99,Unknown EMS Hospital Arrival Time,14,"Motor Vehicle struck by falling cargo,or something that came loose from or something that was set in motion by a vehicle",0,None,0,None,1,1