caseyear,state,st_case,statename,ve_total,ve_forms,pvh_invl,peds,pernotmvit,permvit,persons,county,countyname,city,cityname,day,month,monthname,year,day_week,day_weekname,hour,hourname,minute,minutename,nhs,nhsname,rur_urb,rur_urbname,func_sys,func_sysname,rd_owner,rd_ownername,route,routename,tway_id,tway_id2,milept,mileptname,latitude,latitudename,longitud,longitudname,sp_jur,sp_jurname,harm_ev,harm_evname,man_coll,man_collname,reljct1,reljct1name,reljct2,reljct2name,typ_int,typ_intname,wrk_zone,wrk_zonename,road_fnc,road_fncname,rel_road,rel_roadname,lgt_cond,lgt_condname,weather1,weather1name,weather2,weather2name,weather,weathername,sch_bus,sch_busname,rail,railname,not_hour,not_hourname,not_min,not_minname,arr_hour,arr_hourname,arr_min,arr_minname,hosp_hr,hosp_hrname,hosp_mn,hosp_mnname,cf1,cf1name,cf2,cf2name,cf3,cf3name,fatals,drunk_dr
2015,1,10136,Alabama,1,1,0,0,0,2,2,125,TUSCALOOSA (125),0,NOT APPLICABLE,28,3,March,2015,7,Saturday,4,4:00am-4:59am,45,45,0,This section IS NOT on the NHS,1,Rural,5,Major Collector,2,County Highway Agency,4,County Road,CR-NORTHSIDE ROAD,,0,None,33.48036667,33.48036667,-87.593263890,-87.593263890,0,No Special Jurisdiction,42,Tree (Standing Only),0,Not a Collision with Motor Vehicle In-Transport,0,No,1,Non-Junction,1,Not an Intersection,0,None,,,4,On Roadside,2,Dark - Not Lighted,1,Clear,0,No Additional Atmospheric Conditions,1,Clear,0,No,0000000,Not Applicable,99,Unknown,99,Unknown,5,5:00am-5:59am,0,0,99,Unknown,99,Unknown EMS Hospital Arrival Time,0,None,0,None,0,None,1,1
2015,1,10137,Alabama,1,1,0,1,1,2,2,73,JEFFERSON (73),350,BIRMINGHAM,30,3,March,2015,2,Monday,19,7:00pm-7:59pm,15,15,0,This section IS NOT on the NHS,2,Urban,7,Local,3,Town or Township Highway Agency,6,Local Street - Municipality,NORTHLAND AVENUE SOUTHWEST,,0,None,33.47045000,33.47045000,-86.873288890,-86.873288890,0,No Special Jurisdiction,8,Pedestrian,0,Not a Collision with Motor Vehicle In-Transport,0,No,1,Non-Junction,1,Not an Intersection,0,None,,,1,On Roadway,5,Dusk,1,Clear,0,No Additional Atmospheric Conditions,1,Clear,0,No,0000000,Not Applicable,99,Unknown,99,Unknown,19,7:00pm-7:59pm,27,27,99,Unknown,99,Unknown EMS Hospital Arrival Time,0,None,0,None,0,None,1,0
2015,1,10138,Alabama,3,3,0,0,0,4,4,55,ETOWAH (55),2822,SOUTHSIDE,3,4,April,2015,6,Friday,19,7:00pm-7:59pm,50,50,1,This section IS ON the NHS,2,Urban,3,Principal Arterial - Other,1,State Highway Agency,3,State Highway,SR-77,,993,993,33.90453611,33.90453611,-86.025666670,-86.025666670,0,No Special Jurisdiction,12,"Motor Vehicle In-Transport ",2,Front-to-Front,0,No,1,Non-Junction,1,Not an Intersection,0,None,,,1,On Roadway,2,Dark - Not Lighted,1,Clear,0,No Additional Atmospheric Conditions,1,Clear,0,No,0000000,Not Applicable,99,Unknown,99,Unknown,19,7:00pm-7:59pm,52,52,99,Unknown,99,Unknown EMS Hospital Arrival Time,0,None,0,None,0,None,1,0
2015,1,10139,Alabama,3,3,0,0,0,4,4,43,CULLMAN (43),830,CULLMAN,3,4,April,2015,6,Friday,11,11:00am-11:59am,29,29,1,This section IS ON the NHS,2,Urban,3,Principal Arterial - Other,1,State Highway Agency,3,State Highway,SR-157,,0,None,34.21063056,34.21063056,-86.887544440,-86.887544440,0,No Special Jurisdiction,12,"Motor Vehicle In-Transport ",6,"Angle ",0,No,1,Non-Junction,1,Not an Intersection,0,None,,,1,On Roadway,1,Daylight,10,Cloudy,0,No Additional Atmospheric Conditions,10,Cloudy,0,No,0000000,Not Applicable,99,Unknown,99,Unknown,11,11:00am-11:59am,39,39,99,Unknown,99,Unknown EMS Hospital Arrival Time,0,None,0,None,0,None,1,0
2015,1,10140,Alabama,2,2,0,0,0,3,3,117,SHELBY (117),0,NOT APPLICABLE,4,4,April,2015,7,Saturday,18,6:00pm-6:59pm,30,30,0,This section IS NOT on the NHS,1,Rural,4,Minor Arterial,2,County Highway Agency,4,County Road,CR-47,,0,None,33.32356944,33.32356944,-86.618277780,-86.618277780,0,No Special Jurisdiction,12,"Motor Vehicle In-Transport ",2,Front-to-Front,0,No,1,Non-Junction,1,Not an Intersection,0,None,,,1,On Roadway,1,Daylight,1,Clear,0,No Additional Atmospheric Conditions,1,Clear,0,No,0000000,Not Applicable,99,Unknown,99,Unknown,18,6:00pm-6:59pm,33,33,99,Unknown,99,Unknown EMS Hospital Arrival Time,0,None,0,None,0,None,1,1
2015,1,10141,Alabama,9,9,0,0,0,14,14,53,ESCAMBIA (53),0,NOT APPLICABLE,2,4,April,2015,5,Thursday,16,4:00pm-4:59pm,50,50,1,This section IS ON the NHS,1,Rural,1,Interstate,1,State Highway Agency,1,Interstate,I-65,,688,688,31.19800278,31.19800278,-87.317780560,-87.317780560,0,No Special Jurisdiction,12,"Motor Vehicle In-Transport ",1,"Front-to-Rear ",0,No,1,Non-Junction,1,Not an Intersection,0,None,,,1,On Roadway,1,Daylight,1,Clear,0,No Additional Atmospheric Conditions,1,Clear,0,No,0000000,Not Applicable,99,Unknown,99,Unknown,16,4:00pm-4:59pm,53,53,99,Unknown,99,Unknown EMS Hospital Arrival Time,14,"Motor Vehicle struck by falling cargo,or something that came loose from or something that was set in motion by a vehicle",19,Recent/Previous Crash scene Nearby,27,Backup Due to Prior Crash,1,0
2015,1,10142,Alabama,1,1,0,0,0,2,2,69,HOUSTON (69),0,NOT APPLICABLE,21,3,March,2015,7,Saturday,20,8:00pm-8:59pm,15,15,0,This section IS NOT on the NHS,1,Rural,6,Minor Collector,2,County Highway Agency,4,County Road,CR-S ROCKY CREEK RD,,0,None,31.06918889,31.06918889,-85.267638890,-85.267638890,0,No Special Jurisdiction,42,Tree (Standing Only),0,Not a Collision with Motor Vehicle In-Transport,0,No,1,Non-Junction,1,Not an Intersection,0,None,,,5,Outside Trafficway,2,Dark - Not Lighted,1,Clear,0,No Additional Atmospheric Conditions,1,Clear,0,No,0000000,Not Applicable,99,Unknown,99,Unknown,21,9:00pm-9:59pm,17,17,99,Unknown,99,Unknown EMS Hospital Arrival Time,0,None,0,None,0,None,2,1
2015,1,10143,Alabama,2,2,0,0,0,2,2,101,MONTGOMERY (101),2130,MONTGOMERY,23,3,March,2015,2,Monday,0,0:00am-0:59am,38,38,0,This section IS NOT on the NHS,2,Urban,3,Principal Arterial - Other,4,City or Municipal Highway Agency,6,Local Street - Municipality,TROY HWY,VIRGINIA LOOP RD,0,None,32.32344444,32.32344444,-86.238327780,-86.238327780,0,No Special Jurisdiction,12,"Motor Vehicle In-Transport ",2,Front-to-Front,0,No,2,Intersection,2,Four-Way Intersection,0,None,,,1,On Roadway,3,Dark - Lighted,1,Clear,0,No Additional Atmospheric Conditions,1,Clear,0,No,0000000,Not Applicable,99,Unknown,99,Unknown,0,0:00am-0:59am,44,44,88,"Not Applicable (Not Transported) ",88,Not Applicable (Not Transported),0,None,0,None,0,None,1,2
2015,1,10144,Alabama,2,2,0,0,0,4,4,101,MONTGOMERY (101),2130,MONTGOMERY,24,3,March,2015,3,Tuesday,19,7:00pm-7:59pm,48,48,0,This section IS NOT on the NHS,2,Urban,3,Principal Arterial - Other,4,City or Municipal Highway Agency,6,Local Street - Municipality,DAY ST,BIRMINGHAM HWY,0,None,32.36861667,32.36861667,-86.354980560,-86.354980560,0,No Special Jurisdiction,12,"Motor Vehicle In-Transport ",2,Front-to-Front,0,No,3,"Intersection-Related ",2,Four-Way Intersection,0,None,,,1,On Roadway,3,Dark - Lighted,1,Clear,0,No Additional Atmospheric Conditions,1,Clear,0,No,0000000,Not Applicable,99,Unknown,99,Unknown,20,8:00pm-8:59pm,15,15,99,Unknown,99,Unknown EMS Hospital Arrival Time,0,None,0,None,0,None,1,1
2015,1,10145,Alabama,2,2,0,0,0,3,3,55,ETOWAH (55),1280,GADSDEN,24,3,March,2015,3,Tuesday,20,8:00pm-8:59pm,0,0,1,This section IS ON the NHS,2,Urban,3,Principal Arterial - Other,1,State Highway Agency,3,State Highway,SR-77,I-59 RAMP,1075,1075,33.99697500,33.99697500,-86.090636110,-86.090636110,0,No Special Jurisdiction,12,"Motor Vehicle In-Transport ",6,"Angle ",1,Yes,2,Intersection,2,Four-Way Intersection,1,Construction,,,1,On Roadway,3,Dark - Lighted,1,Clear,0,No Additional Atmospheric Conditions,1,Clear,0,No,0000000,Not Applicable,99,Unknown,99,Unknown,20,8:00pm-8:59pm,5,5,99,Unknown,99,Unknown EMS Hospital Arrival Time,20,Police Pursuit Involved,14,"Motor Vehicle struck by falling cargo,or something that came loose from or something that was set in motion by a vehicle",0,None,1,0
2015,1,10146,Alabama,3,3,0,0,0,4,4,49,DEKALB (49),2564,RAINSVILLE,28,3,March,2015,7,Saturday,20,8:00pm-8:59pm,4,4,1,This section IS ON the NHS,1,Rural,3,Principal Arterial - Other,4,City or Municipal Highway Agency,6,Local Street - Municipality,MAIN ST,LOVE RD,0,None,34.47056667,34.47056667,-85.786250000,-85.786250000,0,No Special Jurisdiction,12,"Motor Vehicle In-Transport ",1,"Front-to-Rear ",0,No,1,Non-Junction,1,Not an Intersection,0,None,,,1,On Roadway,2,Dark - Not Lighted,1,Clear,0,No Additional Atmospheric Conditions,1,Clear,0,No,0000000,Not Applicable,99,Unknown,99,Unknown,20,8:00pm-8:59pm,7,7,99,Unknown,99,Unknown EMS Hospital Arrival Time,0,None,0,None,0,None,1,1
2015,1,10147,Alabama,2,2,0,0,0,2,2,25,CLARKE (25),0,NOT APPLICABLE,1,4,April,2015,4,Wednesday,16,4:00pm-4:59pm,43,43,0,This section IS NOT on the NHS,1,Rural,5,Major Collector,2,County Highway Agency,4,County Road,CR-44,,0,None,31.90763611,31.90763611,-87.817411110,-87.817411110,0,No Special Jurisdiction,12,"Motor Vehicle In-Transport ",2,Front-to-Front,0,No,1,Non-Junction,1,Not an Intersection,0,None,,,1,On Roadway,1,Daylight,1,Clear,0,No Additional Atmospheric Conditions,1,Clear,0,No,0000000,Not Applicable,99,Unknown,99,Unknown,17,5:00pm-5:59pm,0,0,99,Unknown,99,Unknown EMS Hospital Arrival Time,0,None,0,None,0,None,1,0
2015,1,10148,Alabama,1,1,0,1,1,2,2,71,JACKSON (71),0,NOT APPLICABLE,3,4,April,2015,6,Friday,8,8:00am-8:59am,50,50,0,This section IS NOT on the NHS,1,Rural,6,Minor Collector,2,County Highway Agency,4,County Road,CR-93,,0,None,34.91848333,34.91848333,-85.640636110,-85.640636110,0,No Special Jurisdiction,8,Pedestrian,0,Not a Collision with Motor Vehicle In-Transport,0,No,1,Non-Junction,1,Not an Intersection,0,None,,,4,On Roadside,1,Daylight,1,Clear,0,No Additional Atmospheric Conditions,1,Clear,0,No,0000000,Not Applicable,99,Unknown,99,Unknown,9,9:00am-9:59am,17,17,99,Unknown,99,Unknown EMS Hospital Arrival Time,0,None,0,None,0,None,1,0
2015,1,10149,Alabama,1,1,0,0,0,1,1,77,LAUDERDALE (77),0,NOT APPLICABLE,3,4,April,2015,6,Friday,19,7:00pm-7:59pm,5,5,1,This section IS ON the NHS,1,Rural,5,Major Collector,1,State Highway Agency,3,State Highway,SR-157,,800,800,34.87791389,34.87791389,-87.710294440,-87.710294440,0,No Special Jurisdiction,42,Tree (Standing Only),0,Not a Collision with Motor Vehicle In-Transport,0,No,1,Non-Junction,1,Not an Intersection,0,None,,,4,On Roadside,5,Dusk,10,Cloudy,0,No Additional Atmospheric Conditions,10,Cloudy,0,No,0000000,Not Applicable,99,Unknown,99,Unknown,19,7:00pm-7:59pm,18,18,88,"Not Applicable (Not Transported) ",88,Not Applicable (Not Transported),0,None,0,None,0,None,1,1
2015,1,10150,Alabama,2,2,0,0,0,2,2,71,JACKSON (71),0,NOT APPLICABLE,5,4,April,2015,1,Sunday,11,11:00am-11:59am,40,40,0,This section IS NOT on the NHS,1,Rural,4,Minor Arterial,1,State Highway Agency,3,State Highway,SR-40,,36,36,34.63410278,34.63410278,-85.933130560,-85.933130560,0,No Special Jurisdiction,12,"Motor Vehicle In-Transport ",2,Front-to-Front,0,No,1,Non-Junction,1,Not an Intersection,0,None,,,1,On Roadway,1,Daylight,1,Clear,0,No Additional Atmospheric Conditions,1,Clear,0,No,0000000,Not Applicable,99,Unknown,99,Unknown,11,11:00am-11:59am,55,55,99,Unknown,99,Unknown EMS Hospital Arrival Time,0,None,0,None,0,None,1,0
2015,1,10151,Alabama,1,1,0,0,0,1,1,11,BULLOCK (11),0,NOT APPLICABLE,4,4,April,2015,7,Saturday,15,3:00pm-3:59pm,0,0,0,This section IS NOT on the NHS,1,Rural,4,Minor Arterial,1,State Highway Agency,3,State Highway,SR-110,,163,163,32.26690278,32.26690278,-85.952722220,-85.952722220,0,No Special Jurisdiction,34,Ditch,0,Not a Collision with Motor Vehicle In-Transport,0,No,1,Non-Junction,1,Not an Intersection,0,None,,,4,On Roadside,1,Daylight,1,Clear,0,No Additional Atmospheric Conditions,1,Clear,0,No,0000000,Not Applicable,99,Unknown,99,Unknown,17,5:00pm-5:59pm,29,29,88,"Not Applicable (Not Transported) ",88,Not Applicable (Not Transported),0,None,0,None,0,None,1,1
2015,1,10152,Alabama,2,2,0,0,0,2,2,125,TUSCALOOSA (125),0,NOT APPLICABLE,6,4,April,2015,2,Monday,6,6:00am-6:59am,25,25,0,This section IS NOT on the NHS,1,Rural,4,Minor Arterial,1,State Highway Agency,3,State Highway,SR-69,,1713,1713,33.52636111,33.52636111,-87.472219440,-87.472219440,0,No Special Jurisdiction,12,"Motor Vehicle In-Transport ",2,Front-to-Front,0,No,1,Non-Junction,1,Not an Intersection,0,None,,,1,On Roadway,4,Dawn,10,Cloudy,0,No Additional Atmospheric Conditions,10,Cloudy,0,No,0000000,Not Applicable,99,Unknown,99,Unknown,6,6:00am-6:59am,42,42,88,"Not Applicable (Not Transported) ",88,Not Applicable (Not Transported),0,None,0,None,0,None,1,0
2015,1,10153,Alabama,5,5,0,0,0,6,6,51,ELMORE (51),3270,WETUMPKA,6,4,April,2015,2,Monday,17,5:00pm-5:59pm,25,25,1,This section IS ON the NHS,1,Rural,3,Principal Arterial - Other,1,State Highway Agency,2,U.S. Highway,US-SR 9,,0,None,32.47788056,32.47788056,-86.198136110,-86.198136110,0,No Special Jurisdiction,12,"Motor Vehicle In-Transport ",2,Front-to-Front,0,No,1,Non-Junction,1,Not an Intersection,0,None,,,1,On Roadway,1,Daylight,2,Rain,0,No Additional Atmospheric Conditions,2,Rain,0,No,0000000,Not Applicable,99,Unknown,99,Unknown,17,5:00pm-5:59pm,29,29,99,Unknown,99,Unknown EMS Hospital Arrival Time,0,None,0,None,0,None,1,0
2015,1,10154,Alabama,1,1,0,0,0,1,1,73,JEFFERSON (73),0,NOT APPLICABLE,16,2,February,2015,2,Monday,11,11:00am-11:59am,45,45,0,This section IS NOT on the NHS,2,Urban,5,Major Collector,2,County Highway Agency,4,County Road,CR-SARDIS RD,,0,None,33.73637778,33.73637778,-86.868072220,-86.868072220,0,No Special Jurisdiction,21,Bridge Pier or Support,0,Not a Collision with Motor Vehicle In-Transport,0,No,1,Non-Junction,1,Not an Intersection,0,None,,,4,On Roadside,1,Daylight,2,Rain,0,No Additional Atmospheric Conditions,2,Rain,0,No,0000000,Not Applicable,99,Unknown,99,Unknown,12,12:00pm-12:59pm,1,1,99,Unknown,99,Unknown EMS Hospital Arrival Time,0,None,0,None,0,None,1,0
2015,1,10155,Alabama,2,2,0,0,0,3,3,73,JEFFERSON (73),350,BIRMINGHAM,30,3,March,2015,2,Monday,20,8:00pm-8:59pm,50,50,1,This section IS ON the NHS,2,Urban,3,Principal Arterial - Other,1,State Highway Agency,3,State Highway,SR-75,,23,23,33.61813611,33.61813611,-86.685000000,-86.685000000,0,No Special Jurisdiction,33,Curb,0,Not a Collision with Motor Vehicle In-Transport,0,No,1,Non-Junction,1,Not an Intersection,0,None,,,4,On Roadside,2,Dark - Not Lighted,1,Clear,0,No Additional Atmospheric Conditions,1,Clear,0,No,0000000,Not Applicable,99,Unknown,99,Unknown,20,8:00pm-8:59pm,58,58,99,Unknown,99,Unknown EMS Hospital Arrival Time,0,None,0,None,0,None,1,0
2015,1,10156,Alabama,1,1,0,0,0,1,1,97,MOBILE (97),2716,SATSUMA,17,4,April,2015,6,Friday,13,1:00pm-1:59pm,42,42,1,This section IS ON the NHS,2,Urban,1,Interstate,1,State Highway Agency,1,Interstate,I-65,,197,197,30.87624722,30.87624722,-88.045919440,-88.045919440,0,No Special Jurisdiction,52,Guardrail End,0,Not a Collision with Motor Vehicle In-Transport,0,No,1,Non-Junction,1,Not an Intersection,0,None,,,4,On Roadside,1,Daylight,1,Clear,0,No Additional Atmospheric Conditions,1,Clear,0,No,0000000,Not Applicable,99,Unknown,99,Unknown,13,1:00pm-1:59pm,56,56,88,"Not Applicable (Not Transported) ",88,Not Applicable (Not Transported),0,None,0,None,0,None,1,0
2015,1,10157,Alabama,2,2,0,0,0,2,2,101,MONTGOMERY (101),2130,MONTGOMERY,27,3,March,2015,6,Friday,5,5:00am-5:59am,20,20,1,This section IS ON the NHS,2,Urban,1,Interstate,1,State Highway Agency,1,Interstate,I-65,,1706,1706,32.36128333,32.36128333,-86.321797220,-86.321797220,0,No Special Jurisdiction,25,Concrete Traffic Barrier,0,Not a Collision with Motor Vehicle In-Transport,0,No,1,Non-Junction,1,Not an Intersection,0,None,,,3,On Median,3,Dark - Lighted,1,Clear,0,No Additional Atmospheric Conditions,1,Clear,0,No,0000000,Not Applicable,99,Unknown,99,Unknown,5,5:00am-5:59am,31,31,99,Unknown,99,Unknown EMS Hospital Arrival Time,0,None,0,None,0,None,1,0
2015,1,10158,Alabama,2,2,0,0,0,3,3,73,JEFFERSON (73),0,NOT APPLICABLE,6,4,April,2015,2,Monday,17,5:00pm-5:59pm,22,22,0,This section IS NOT on the NHS,1,Rural,5,Major Collector,2,County Highway Agency,4,County Road,CR-ROCK CREEK RD,,0,None,33.48549444,33.48549444,-87.031369440,-87.031369440,0,No Special Jurisdiction,12,"Motor Vehicle In-Transport ",6,"Angle ",0,No,1,Non-Junction,1,Not an Intersection,0,None,,,1,On Roadway,5,Dusk,2,Rain,0,No Additional Atmospheric Conditions,2,Rain,0,No,0000000,Not Applicable,99,Unknown,99,Unknown,99,Unknown EMS Scene Arrival Hour,99,Unknown EMS Scene Arrival Minutes,99,Unknown,99,Unknown EMS Hospital Arrival Time,0,None,0,None,0,None,1,0
2015,1,10159,Alabama,1,1,0,0,0,1,1,127,WALKER (127),2400,PARRISH,12,2,February,2015,5,Thursday,11,11:00am-11:59am,42,42,0,This section IS NOT on the NHS,1,Rural,5,Major Collector,1,State Highway Agency,3,State Highway,SR-269,,340,340,33.76413611,33.76413611,-87.274377780,-87.274377780,0,No Special Jurisdiction,42,Tree (Standing Only),0,Not a Collision with Motor Vehicle In-Transport,0,No,1,Non-Junction,1,Not an Intersection,0,None,,,4,On Roadside,1,Daylight,1,Clear,0,No Additional Atmospheric Conditions,1,Clear,0,No,0000000,Not Applicable,99,Unknown,99,Unknown,12,12:00pm-12:59pm,0,0,99,Unknown,99,Unknown EMS Hospital Arrival Time,0,None,0,None,0,None,1,0
2015,1,10160,Alabama,1,1,0,1,1,1,1,73,JEFFERSON (73),330,BESSEMER,14,3,March,2015,7,Saturday,22,10:00pm-10:59pm,9,9,0,This section IS NOT on the NHS,2,Urban,3,Principal Arterial - Other,4,City or Municipal Highway Agency,6,Local Street - Municipality,DARTMOUTH AVE,CAROLINA TER,0,None,33.40807500,33.40807500,-86.937327780,-86.937327780,0,No Special Jurisdiction,8,Pedestrian,0,Not a Collision with Motor Vehicle In-Transport,0,No,3,"Intersection-Related ",3,T-Intersection,0,None,,,1,On Roadway,3,Dark - Lighted,1,Clear,0,No Additional Atmospheric Conditions,1,Clear,0,No,0000000,Not Applicable,99,Unknown,99,Unknown,22,10:00pm-10:59pm,16,16,99,Unknown,99,Unknown EMS Hospital Arrival Time,0,None,0,None,0,None,1,0
2015,1,10161,Alabama,2,2,0,0,0,3,3,109,PIKE (109),3040,TROY,30,3,March,2015,2,Monday,15,3:00pm-3:59pm,27,27,1,This section IS ON the NHS,2,Urban,3,Principal Arterial - Other,1,State Highway Agency,2,U.S. Highway,US-SR 53,RIVERVIEW DR,796,796,31.83838056,31.83838056,-85.992813890,-85.992813890,0,No Special Jurisdiction,12,"Motor Vehicle In-Transport ",6,"Angle ",0,No,2,Intersection,3,T-Intersection,0,None,,,1,On Roadway,1,Daylight,1,Clear,0,No Additional Atmospheric Conditions,1,Clear,0,No,0000000,Not Applicable,99,Unknown,99,Unknown,15,3:00pm-3:59pm,31,31,99,Unknown,99,Unknown EMS Hospital Arrival Time,0,None,0,None,0,None,1,0
2015,1,10162,Alabama,1,1,0,1,1,1,1,113,RUSSELL (113),2440,PHENIX CITY,2,4,April,2015,5,Thursday,6,6:00am-6:59am,5,5,0,This section IS NOT on the NHS,2,Urban,4,Minor Arterial,4,City or Municipal Highway Agency,6,Local Street - Municipality,SUMMERVILLE ROAD,36TH ST,0,None,32.49611111,32.49611111,-85.014602780,-85.014602780,0,No Special Jurisdiction,8,Pedestrian,0,Not a Collision with Motor Vehicle In-Transport,0,No,2,Intersection,3,T-Intersection,0,None,,,1,On Roadway,2,Dark - Not Lighted,1,Clear,0,No Additional Atmospheric Conditions,1,Clear,0,No,0000000,Not Applicable,99,Unknown,99,Unknown,6,6:00am-6:59am,12,12,99,Unknown,99,Unknown EMS Hospital Arrival Time,19,Recent/Previous Crash scene Nearby,0,None,0,None,1,0
2015,1,10163,Alabama,2,2,0,0,0,2,2,101,MONTGOMERY (101),2130,MONTGOMERY,4,4,April,2015,7,Saturday,5,5:00am-5:59am,50,50,1,This section IS ON the NHS,2,Urban,3,Principal Arterial - Other,1,State Highway Agency,2,U.S. Highway,US-SR 6,NARROWLANE ROAD,1561,1561,32.32692222,32.32692222,-86.282069440,-86.282069440,0,No Special Jurisdiction,12,"Motor Vehicle In-Transport ",6,"Angle ",0,No,2,Intersection,2,Four-Way Intersection,0,None,,,1,On Roadway,3,Dark - Lighted,10,Cloudy,0,No Additional Atmospheric Conditions,10,Cloudy,0,No,0000000,Not Applicable,99,Unknown,99,Unknown,6,6:00am-6:59am,6,6,99,Unknown,99,Unknown EMS Hospital Arrival Time,0,None,0,None,0,None,1,0
2015,1,10164,Alabama,1,1,0,0,0,2,2,53,ESCAMBIA (53),0,NOT APPLICABLE,6,4,April,2015,2,Monday,14,2:00pm-2:59pm,35,35,0,This section IS NOT on the NHS,1,Rural,6,Minor Collector,2,County Highway Agency,4,County Road,CR-55,,0,None,31.04196944,31.04196944,-87.035469440,-87.035469440,0,No Special Jurisdiction,42,Tree (Standing Only),0,Not a Collision with Motor Vehicle In-Transport,0,No,1,Non-Junction,1,Not an Intersection,0,None,,,4,On Roadside,1,Daylight,1,Clear,0,No Additional Atmospheric Conditions,1,Clear,0,No,0000000,Not Applicable,14,2:00pm-2:59pm,33,33,14,2:00pm-2:59pm,45,45,15,3:00pm-3:59pm,12,12,0,None,0,None,0,None,1,0
2015,1,10165,Alabama,2,2,0,0,0,3,3,43,CULLMAN (43),0,NOT APPLICABLE,6,4,April,2015,2,Monday,14,2:00pm-2:59pm,20,20,0,This section IS NOT on the NHS,1,Rural,5,Major Collector,1,State Highway Agency,2,U.S. Highway,US-SR 3,,3190,3190,34.08569167,34.08569167,-86.793163890,-86.793163890,0,No Special Jurisdiction,12,"Motor Vehicle In-Transport ",6,"Angle ",0,No,1,Non-Junction,1,Not an Intersection,0,None,,,1,On Roadway,1,Daylight,2,Rain,0,No Additional Atmospheric Conditions,2,Rain,0,No,0000000,Not Applicable,14,2:00pm-2:59pm,17,17,14,2:00pm-2:59pm,22,22,15,3:00pm-3:59pm,13,13,0,None,0,None,0,None,2,0
2015,1,10166,Alabama,1,1,0,0,0,1,1,81,LEE (81),200,AUBURN,10,4,April,2015,6,Friday,3,3:00am-3:59am,15,15,0,This section IS NOT on the NHS,2,Urban,6,Minor Collector,4,City or Municipal Highway Agency,6,Local Street - Municipality,FOSTER ST,CLARK AVE,0,None,32.61595000,32.61595000,-85.498991670,-85.498991670,0,No Special Jurisdiction,42,Tree (Standing Only),0,Not a Collision with Motor Vehicle In-Transport,0,No,3,"Intersection-Related ",3,T-Intersection,0,None,,,4,On Roadside,3,Dark - Lighted,10,Cloudy,0,No Additional Atmospheric Conditions,10,Cloudy,0,No,0000000,Not Applicable,3,3:00am-3:59am,20,20,3,3:00am-3:59am,25,25,88,"Not Applicable (Not Transported) ",88,Not Applicable (Not Transported),0,None,0,None,0,None,1,1
2015,1,10167,Alabama,1,1,0,0,0,1,1,125,TUSCALOOSA (125),718,COALING,11,4,April,2015,7,Saturday,23,11:00pm-11:59pm,45,45,0,This section IS NOT on the NHS,1,Rural,5,Major Collector,2,County Highway Agency,4,County Road,CR-COVERED BRIDGE ROAD,,0,None,33.17655278,33.17655278,-87.305516670,-87.305516670,0,No Special Jurisdiction,53,Mail Box,0,Not a Collision with Motor Vehicle In-Transport,0,No,1,Non-Junction,1,Not an Intersection,0,None,,,4,On Roadside,2,Dark - Not Lighted,10,Cloudy,0,No Additional Atmospheric Conditions,10,Cloudy,0,No,0000000,Not Applicable,99,Unknown,99,Unknown,0,0:00am-0:59am,9,9,88,"Not Applicable (Not Transported) ",88,Not Applicable (Not Transported),0,None,0,None,0,None,1,1
2015,1,10168,Alabama,1,1,0,0,0,2,2,51,ELMORE (51),2940,TALLASSEE,12,4,April,2015,1,Sunday,0,0:00am-0:59am,51,51,0,This section IS NOT on the NHS,2,Urban,3,Principal Arterial - Other,1,State Highway Agency,3,State Highway,SR-14,LAUREL ST,1880,1880,32.56443611,32.56443611,-85.931238890,-85.931238890,0,No Special Jurisdiction,42,Tree (Standing Only),0,Not a Collision with Motor Vehicle In-Transport,0,No,3,"Intersection-Related ",3,T-Intersection,0,None,,,4,On Roadside,2,Dark - Not Lighted,1,Clear,0,No Additional Atmospheric Conditions,1,Clear,0,No,0000000,Not Applicable,99,Unknown,99,Unknown,0,0:00am-0:59am,57,57,99,Unknown,99,Unknown EMS Hospital Arrival Time,0,None,0,None,0,None,1,1
2015,1,10169,Alabama,2,2,0,0,0,3,3,89,MADISON (89),0,NOT APPLICABLE,13,4,April,2015,2,Monday,12,12:00pm-12:59pm,10,10,1,This section IS ON the NHS,1,Rural,3,Principal Arterial - Other,1,State Highway Agency,3,State Highway,SR-53,OLD RAILROAD BED RD,3321,3321,34.88471111,34.88471111,-86.738969440,-86.738969440,0,No Special Jurisdiction,12,"Motor Vehicle In-Transport ",6,"Angle ",0,No,2,Intersection,2,Four-Way Intersection,0,None,,,1,On Roadway,1,Daylight,2,Rain,0,No Additional Atmospheric Conditions,2,Rain,0,No,0000000,Not Applicable,12,12:00pm-12:59pm,12,12,12,12:00pm-12:59pm,32,32,13,1:00pm-1:59pm,6,6,0,None,0,None,0,None,1,0
2015,1,10170,Alabama,2,2,0,0,0,4,4,113,RUSSELL (113),0,NOT APPLICABLE,8,4,April,2015,4,Wednesday,20,8:00pm-8:59pm,23,23,1,This section IS ON the NHS,1,Rural,3,Principal Arterial - Other,1,State Highway Agency,2,U.S. Highway,US-SR 1,CUTCHIN DR,989,989,32.29946111,32.29946111,-85.180069440,-85.180069440,0,No Special Jurisdiction,12,"Motor Vehicle In-Transport ",6,"Angle ",0,No,2,Intersection,2,Four-Way Intersection,0,None,,,1,On Roadway,3,Dark - Lighted,1,Clear,0,No Additional Atmospheric Conditions,1,Clear,0,No,0000000,Not Applicable,99,Unknown,99,Unknown,20,8:00pm-8:59pm,35,35,99,Unknown,99,Unknown EMS Hospital Arrival Time,0,None,0,None,0,None,1,0