caseyear,state,st_case,statename,ve_total,ve_forms,pvh_invl,peds,pernotmvit,permvit,persons,county,countyname,city,cityname,day,month,monthname,year,day_week,day_weekname,hour,hourname,minute,minutename,nhs,nhsname,rur_urb,rur_urbname,func_sys,func_sysname,rd_owner,rd_ownername,route,routename,tway_id,tway_id2,milept,mileptname,latitude,latitudename,longitud,longitudname,sp_jur,sp_jurname,harm_ev,harm_evname,man_coll,man_collname,reljct1,reljct1name,reljct2,reljct2name,typ_int,typ_intname,wrk_zone,wrk_zonename,road_fnc,road_fncname,rel_road,rel_roadname,lgt_cond,lgt_condname,weather1,weather1name,weather2,weather2name,weather,weathername,sch_bus,sch_busname,rail,railname,not_hour,not_hourname,not_min,not_minname,arr_hour,arr_hourname,arr_min,arr_minname,hosp_hr,hosp_hrname,hosp_mn,hosp_mnname,cf1,cf1name,cf2,cf2name,cf3,cf3name,fatals,drunk_dr
2015,1,10171,Alabama,2,2,0,0,0,2,2,61,GENEVA (61),0,NOT APPLICABLE,9,4,April,2015,5,Thursday,5,5:00am-5:59am,0,0,0,This section IS NOT on the NHS,1,Rural,5,Major Collector,2,County Highway Agency,4,County Road,CR-49,,0,None,31.10145278,31.10145278,-85.516327780,-85.516327780,0,No Special Jurisdiction,12,"Motor Vehicle In-Transport ",2,Front-to-Front,0,No,1,Non-Junction,1,Not an Intersection,0,None,,,1,On Roadway,2,Dark - Not Lighted,5,"Fog, Smog, Smoke",0,No Additional Atmospheric Conditions,5,"Fog, Smog, Smoke",0,No,0000000,Not Applicable,5,5:00am-5:59am,5,5,5,5:00am-5:59am,15,15,88,"Not Applicable (Not Transported) ",88,Not Applicable (Not Transported),0,None,0,None,0,None,1,0
2015,1,10172,Alabama,2,2,0,0,0,16,16,107,PICKENS (107),0,NOT APPLICABLE,10,4,April,2015,6,Friday,15,3:00pm-3:59pm,40,40,0,This section IS NOT on the NHS,1,Rural,5,Major Collector,2,County Highway Agency,4,County Road,CR-30,CR-35,0,None,33.40058333,33.40058333,-88.141741670,-88.141741670,0,No Special Jurisdiction,12,"Motor Vehicle In-Transport ",6,"Angle ",0,No,2,Intersection,2,Four-Way Intersection,0,None,,,1,On Roadway,1,Daylight,1,Clear,0,No Additional Atmospheric Conditions,1,Clear,1,Yes,0000000,Not Applicable,99,Unknown,99,Unknown,16,4:00pm-4:59pm,5,5,99,Unknown,99,Unknown EMS Hospital Arrival Time,0,None,0,None,0,None,1,0
2015,1,10173,Alabama,2,2,0,0,0,5,5,109,PIKE (109),0,NOT APPLICABLE,11,4,April,2015,7,Saturday,23,11:00pm-11:59pm,40,40,0,This section IS NOT on the NHS,1,Rural,5,Major Collector,1,State Highway Agency,2,U.S. Highway,US-SR 15,,1185,1185,31.83397500,31.83397500,-85.775833330,-85.775833330,0,No Special Jurisdiction,12,"Motor Vehicle In-Transport ",6,"Angle ",0,No,1,Non-Junction,1,Not an Intersection,0,None,,,1,On Roadway,2,Dark - Not Lighted,1,Clear,0,No Additional Atmospheric Conditions,1,Clear,0,No,0000000,Not Applicable,99,Unknown,99,Unknown,0,0:00am-0:59am,15,15,99,Unknown,99,Unknown EMS Hospital Arrival Time,0,None,0,None,0,None,1,1
2015,1,10174,Alabama,2,2,0,0,0,2,2,121,TALLADEGA (121),0,NOT APPLICABLE,15,4,April,2015,4,Wednesday,5,5:00am-5:59am,10,10,1,This section IS ON the NHS,1,Rural,3,Principal Arterial - Other,1,State Highway Agency,3,State Highway,SR-38,,461,461,33.11793333,33.11793333,-86.239541670,-86.239541670,0,No Special Jurisdiction,12,"Motor Vehicle In-Transport ",1,"Front-to-Rear ",0,No,8,Driveway Access Related,1,Not an Intersection,0,None,,,1,On Roadway,2,Dark - Not Lighted,1,Clear,0,No Additional Atmospheric Conditions,1,Clear,0,No,0000000,Not Applicable,99,Unknown,99,Unknown,5,5:00am-5:59am,30,30,88,"Not Applicable (Not Transported) ",88,Not Applicable (Not Transported),0,None,0,None,0,None,1,0
2015,1,10175,Alabama,1,1,0,0,0,2,2,117,SHELBY (117),0,NOT APPLICABLE,15,4,April,2015,4,Wednesday,11,11:00am-11:59am,50,50,0,This section IS NOT on the NHS,1,Rural,4,Minor Arterial,1,State Highway Agency,3,State Highway,SR-25,,1257,1257,33.15340556,33.15340556,-86.657772220,-86.657772220,0,No Special Jurisdiction,42,Tree (Standing Only),0,Not a Collision with Motor Vehicle In-Transport,0,No,1,Non-Junction,1,Not an Intersection,0,None,,,4,On Roadside,1,Daylight,1,Clear,0,No Additional Atmospheric Conditions,1,Clear,0,No,0000000,Not Applicable,11,11:00am-11:59am,59,59,12,12:00pm-12:59pm,6,6,12,12:00pm-12:59pm,53,53,0,None,0,None,0,None,1,0
2015,1,10176,Alabama,1,1,0,0,0,1,1,19,CHEROKEE (19),1852,LEESBURG,16,4,April,2015,5,Thursday,7,7:00am-7:59am,20,20,0,This section IS NOT on the NHS,1,Rural,5,Major Collector,1,State Highway Agency,3,State Highway,SR-68,HOLMAN ST,0,None,34.18084444,34.18084444,-85.761552780,-85.761552780,0,No Special Jurisdiction,30,Utility Pole/Light Support,0,Not a Collision with Motor Vehicle In-Transport,0,No,3,"Intersection-Related ",3,T-Intersection,0,None,,,4,On Roadside,1,Daylight,10,Cloudy,0,No Additional Atmospheric Conditions,10,Cloudy,0,No,0000000,Not Applicable,99,Unknown,99,Unknown,7,7:00am-7:59am,25,25,88,"Not Applicable (Not Transported) ",88,Not Applicable (Not Transported),0,None,0,None,0,None,1,0
2015,1,10177,Alabama,2,2,0,0,0,4,4,5,BARBOUR (5),720,CLIO,16,4,April,2015,5,Thursday,20,8:00pm-8:59pm,5,5,0,This section IS NOT on the NHS,1,Rural,4,Minor Arterial,1,State Highway Agency,3,State Highway,SR-10,,1943,1943,31.70562778,31.70562778,-85.592752780,-85.592752780,0,No Special Jurisdiction,12,"Motor Vehicle In-Transport ",6,"Angle ",0,No,8,Driveway Access Related,1,Not an Intersection,0,None,,,1,On Roadway,3,Dark - Lighted,2,Rain,0,No Additional Atmospheric Conditions,2,Rain,0,No,0000000,Not Applicable,99,Unknown,99,Unknown,20,8:00pm-8:59pm,40,40,99,Unknown,99,Unknown EMS Hospital Arrival Time,0,None,0,None,0,None,1,0
2015,1,10178,Alabama,1,1,0,1,1,1,1,73,JEFFERSON (73),330,BESSEMER,18,4,April,2015,7,Saturday,21,9:00pm-9:59pm,49,49,1,This section IS ON the NHS,2,Urban,3,Principal Arterial - Other,1,State Highway Agency,3,State Highway,SR-150,,0,None,33.38305000,33.38305000,-86.940811110,-86.940811110,0,No Special Jurisdiction,8,Pedestrian,0,Not a Collision with Motor Vehicle In-Transport,0,No,1,Non-Junction,1,Not an Intersection,0,None,,,1,On Roadway,2,Dark - Not Lighted,2,Rain,0,No Additional Atmospheric Conditions,2,Rain,0,No,0000000,Not Applicable,99,Unknown,99,Unknown,21,9:00pm-9:59pm,58,58,88,"Not Applicable (Not Transported) ",88,Not Applicable (Not Transported),0,None,0,None,0,None,1,0
2015,1,10179,Alabama,2,2,0,0,0,2,2,95,MARSHALL (95),50,ALBERTVILLE,18,4,April,2015,7,Saturday,10,10:00am-10:59am,22,22,1,This section IS ON the NHS,2,Urban,3,Principal Arterial - Other,1,State Highway Agency,2,U.S. Highway,US-SR 1,EAST MCKINNEY AVE,2863,2863,34.27261667,34.27261667,-86.198477780,-86.198477780,0,No Special Jurisdiction,12,"Motor Vehicle In-Transport ",6,"Angle ",0,No,2,Intersection,2,Four-Way Intersection,0,None,,,1,On Roadway,1,Daylight,10,Cloudy,0,No Additional Atmospheric Conditions,10,Cloudy,0,No,0000000,Not Applicable,99,Unknown,99,Unknown,10,10:00am-10:59am,30,30,99,Unknown,99,Unknown EMS Hospital Arrival Time,0,None,0,None,0,None,1,0
2015,1,10180,Alabama,3,3,0,0,0,5,5,21,CHILTON (21),0,NOT APPLICABLE,18,4,April,2015,7,Saturday,20,8:00pm-8:59pm,25,25,1,This section IS ON the NHS,1,Rural,3,Principal Arterial - Other,1,State Highway Agency,2,U.S. Highway,US-SR 6,,1131,1131,32.68974444,32.68974444,-86.794863890,-86.794863890,0,No Special Jurisdiction,12,"Motor Vehicle In-Transport ",6,"Angle ",0,No,1,Non-Junction,1,Not an Intersection,0,None,,,1,On Roadway,2,Dark - Not Lighted,10,Cloudy,0,No Additional Atmospheric Conditions,10,Cloudy,0,No,0000000,Not Applicable,20,8:00pm-8:59pm,58,58,21,9:00pm-9:59pm,5,5,99,Unknown,99,Unknown EMS Hospital Arrival Time,0,None,0,None,0,None,2,0
2015,1,10181,Alabama,1,1,0,0,0,1,1,15,CALHOUN (15),0,NOT APPLICABLE,19,4,April,2015,1,Sunday,3,3:00am-3:59am,25,25,0,This section IS NOT on the NHS,1,Rural,4,Minor Arterial,1,State Highway Agency,3,State Highway,SR-9,,2278,2278,33.76072500,33.76072500,-85.692591670,-85.692591670,0,No Special Jurisdiction,32,Culvert,0,Not a Collision with Motor Vehicle In-Transport,0,No,1,Non-Junction,1,Not an Intersection,0,None,,,4,On Roadside,2,Dark - Not Lighted,10,Cloudy,0,No Additional Atmospheric Conditions,10,Cloudy,0,No,0000000,Not Applicable,88,Not Applicable (Not Notified),88,Not Applicable (Not Notified),88,"Not Applicable ",88,Not Applicable,88,"Not Applicable (Not Transported) ",88,Not Applicable (Not Transported),0,None,0,None,0,None,1,0
2015,1,10182,Alabama,2,2,0,0,0,2,2,115,ST. CLAIR (115),0,NOT APPLICABLE,19,4,April,2015,1,Sunday,9,9:00am-9:59am,0,0,0,This section IS NOT on the NHS,1,Rural,5,Major Collector,2,County Highway Agency,4,County Road,CR-MURPHEES VALLEY RD,OAK GROVE RD,0,None,33.80746944,33.80746944,-86.486469440,-86.486469440,0,No Special Jurisdiction,12,"Motor Vehicle In-Transport ",6,"Angle ",0,No,2,Intersection,3,T-Intersection,0,None,,,1,On Roadway,1,Daylight,10,Cloudy,0,No Additional Atmospheric Conditions,10,Cloudy,0,No,0000000,Not Applicable,9,9:00am-9:59am,12,12,9,9:00am-9:59am,37,37,10,10:00am-10:59am,2,2,0,None,0,None,0,None,1,0
2015,1,10183,Alabama,1,1,0,1,1,1,1,47,DALLAS (47),2760,SELMA,17,4,April,2015,6,Friday,20,8:00pm-8:59pm,15,15,1,This section IS ON the NHS,2,Urban,3,Principal Arterial - Other,1,State Highway Agency,2,U.S. Highway,US-SR 8,,0,None,32.43308333,32.43308333,-87.049902780,-87.049902780,0,No Special Jurisdiction,8,Pedestrian,0,Not a Collision with Motor Vehicle In-Transport,0,No,1,Non-Junction,1,Not an Intersection,0,None,,,1,On Roadway,3,Dark - Lighted,10,Cloudy,0,No Additional Atmospheric Conditions,10,Cloudy,0,No,0000000,Not Applicable,20,8:00pm-8:59pm,9,9,20,8:00pm-8:59pm,19,19,20,8:00pm-8:59pm,41,41,0,None,0,None,0,None,1,0
2015,1,10184,Alabama,1,1,0,0,0,1,1,43,CULLMAN (43),0,NOT APPLICABLE,21,4,April,2015,3,Tuesday,15,3:00pm-3:59pm,0,0,0,This section IS NOT on the NHS,1,Rural,7,Local,2,County Highway Agency,4,County Road,CR-1354,,0,None,34.26499167,34.26499167,-86.840619440,-86.840619440,0,No Special Jurisdiction,32,Culvert,0,Not a Collision with Motor Vehicle In-Transport,0,No,1,Non-Junction,1,Not an Intersection,0,None,,,4,On Roadside,1,Daylight,1,Clear,0,No Additional Atmospheric Conditions,1,Clear,0,No,0000000,Not Applicable,99,Unknown,99,Unknown,15,3:00pm-3:59pm,35,35,88,"Not Applicable (Not Transported) ",88,Not Applicable (Not Transported),0,None,0,None,0,None,1,1
2015,1,10185,Alabama,1,1,0,0,0,1,1,73,JEFFERSON (73),330,BESSEMER,22,4,April,2015,4,Wednesday,14,2:00pm-2:59pm,38,38,1,This section IS ON the NHS,2,Urban,3,Principal Arterial - Other,1,State Highway Agency,3,State Highway,SR-150,,0,None,33.39529167,33.39529167,-86.954791670,-86.954791670,0,No Special Jurisdiction,10,Railway Vehicle,0,Not a Collision with Motor Vehicle In-Transport,0,No,6,"Railway Grade Crossing ",1,Not an Intersection,0,None,,,1,On Roadway,1,Daylight,1,Clear,0,No Additional Atmospheric Conditions,1,Clear,0,No,725401E,725401E,14,2:00pm-2:59pm,38,38,14,2:00pm-2:59pm,41,41,88,"Not Applicable (Not Transported) ",88,Not Applicable (Not Transported),0,None,0,None,0,None,1,0
2015,1,10186,Alabama,1,1,0,0,0,3,3,9,BLOUNT (9),0,NOT APPLICABLE,24,4,April,2015,6,Friday,13,1:00pm-1:59pm,40,40,0,This section IS NOT on the NHS,1,Rural,5,Major Collector,2,County Highway Agency,4,County Road,CR-27,,0,None,33.90451667,33.90451667,-86.433983330,-86.433983330,0,No Special Jurisdiction,35,Embankment,0,Not a Collision with Motor Vehicle In-Transport,0,No,1,Non-Junction,1,Not an Intersection,0,None,,,4,On Roadside,1,Daylight,1,Clear,0,No Additional Atmospheric Conditions,1,Clear,0,No,0000000,Not Applicable,99,Unknown,99,Unknown,14,2:00pm-2:59pm,15,15,99,Unknown,99,Unknown EMS Hospital Arrival Time,0,None,0,None,0,None,1,0
2015,1,10187,Alabama,1,1,0,0,0,2,2,125,TUSCALOOSA (125),0,NOT APPLICABLE,24,4,April,2015,6,Friday,20,8:00pm-8:59pm,30,30,0,This section IS NOT on the NHS,1,Rural,5,Major Collector,2,County Highway Agency,4,County Road,CR-DAFFRON RD,,0,None,33.12183611,33.12183611,-87.444655560,-87.444655560,0,No Special Jurisdiction,42,Tree (Standing Only),0,Not a Collision with Motor Vehicle In-Transport,0,No,1,Non-Junction,1,Not an Intersection,0,None,,,4,On Roadside,2,Dark - Not Lighted,1,Clear,0,No Additional Atmospheric Conditions,1,Clear,0,No,0000000,Not Applicable,20,8:00pm-8:59pm,51,51,21,9:00pm-9:59pm,4,4,21,9:00pm-9:59pm,20,20,0,None,0,None,0,None,1,1
2015,1,10188,Alabama,2,2,0,0,0,4,4,73,JEFFERSON (73),3080,TRUSSVILLE,25,4,April,2015,7,Saturday,12,12:00pm-12:59pm,50,50,0,This section IS NOT on the NHS,2,Urban,5,Major Collector,2,County Highway Agency,4,County Road,CR-10,,0,None,33.60119722,33.60119722,-86.571466670,-86.571466670,0,No Special Jurisdiction,12,"Motor Vehicle In-Transport ",2,Front-to-Front,0,No,1,Non-Junction,1,Not an Intersection,0,None,,,1,On Roadway,1,Daylight,1,Clear,0,No Additional Atmospheric Conditions,1,Clear,0,No,0000000,Not Applicable,99,Unknown,99,Unknown,12,12:00pm-12:59pm,56,56,99,Unknown,99,Unknown EMS Hospital Arrival Time,0,None,0,None,0,None,1,1
2015,1,10189,Alabama,2,2,0,0,0,3,3,71,JACKSON (71),0,NOT APPLICABLE,26,4,April,2015,1,Sunday,10,10:00am-10:59am,30,30,0,This section IS NOT on the NHS,1,Rural,4,Minor Arterial,1,State Highway Agency,3,State Highway,SR-117,,325,325,34.83090556,34.83090556,-85.762916670,-85.762916670,0,No Special Jurisdiction,12,"Motor Vehicle In-Transport ",2,Front-to-Front,0,No,1,Non-Junction,1,Not an Intersection,0,None,,,1,On Roadway,1,Daylight,1,Clear,0,No Additional Atmospheric Conditions,1,Clear,0,No,0000000,Not Applicable,10,10:00am-10:59am,37,37,10,10:00am-10:59am,48,48,99,Unknown,99,Unknown EMS Hospital Arrival Time,0,None,0,None,0,None,1,0
2015,1,10190,Alabama,2,2,0,0,0,6,6,13,BUTLER (13),0,NOT APPLICABLE,8,4,April,2015,4,Wednesday,13,1:00pm-1:59pm,30,30,1,This section IS ON the NHS,1,Rural,1,Interstate,1,State Highway Agency,1,Interstate,I-65,,1177,1177,31.69793611,31.69793611,-86.743300000,-86.743300000,0,No Special Jurisdiction,12,"Motor Vehicle In-Transport ",7,Sideswipe - Same Direction,0,No,1,Non-Junction,1,Not an Intersection,0,None,,,1,On Roadway,1,Daylight,1,Clear,0,No Additional Atmospheric Conditions,1,Clear,0,No,0000000,Not Applicable,99,Unknown,99,Unknown,13,1:00pm-1:59pm,52,52,99,Unknown,99,Unknown EMS Hospital Arrival Time,0,None,0,None,0,None,1,0
2015,1,10191,Alabama,1,1,0,0,0,2,2,53,ESCAMBIA (53),0,NOT APPLICABLE,25,4,April,2015,7,Saturday,4,4:00am-4:59am,20,20,1,This section IS ON the NHS,1,Rural,1,Interstate,1,State Highway Agency,1,Interstate,I-65,,680,680,31.19613611,31.19613611,-87.320291670,-87.320291670,0,No Special Jurisdiction,1,Rollover/Overturn,0,Not a Collision with Motor Vehicle In-Transport,0,No,1,Non-Junction,1,Not an Intersection,0,None,,,3,On Median,2,Dark - Not Lighted,2,Rain,0,No Additional Atmospheric Conditions,2,Rain,0,No,0000000,Not Applicable,4,4:00am-4:59am,50,50,4,4:00am-4:59am,53,53,99,Unknown,99,Unknown EMS Hospital Arrival Time,0,None,0,None,0,None,1,1
2015,1,10192,Alabama,1,1,0,0,0,1,1,101,MONTGOMERY (101),2130,MONTGOMERY,28,4,April,2015,3,Tuesday,8,8:00am-8:59am,11,11,1,This section IS ON the NHS,2,Urban,1,Interstate,1,State Highway Agency,1,Interstate,I-85,,110,110,32.36698056,32.36698056,-86.143322220,-86.143322220,0,No Special Jurisdiction,1,Rollover/Overturn,0,Not a Collision with Motor Vehicle In-Transport,0,No,1,Non-Junction,1,Not an Intersection,0,None,,,3,On Median,1,Daylight,1,Clear,0,No Additional Atmospheric Conditions,1,Clear,0,No,0000000,Not Applicable,99,Unknown,99,Unknown,8,8:00am-8:59am,15,15,88,"Not Applicable (Not Transported) ",88,Not Applicable (Not Transported),0,None,0,None,0,None,1,0
2015,1,10193,Alabama,2,2,0,0,0,4,4,89,MADISON (89),0,NOT APPLICABLE,17,4,April,2015,6,Friday,11,11:00am-11:59am,10,10,0,This section IS NOT on the NHS,1,Rural,4,Minor Arterial,2,County Highway Agency,4,County Road,CR-MAYSVILLE RD,,0,None,34.78567778,34.78567778,-86.448127780,-86.448127780,0,No Special Jurisdiction,12,"Motor Vehicle In-Transport ",2,Front-to-Front,0,No,1,Non-Junction,1,Not an Intersection,0,None,,,1,On Roadway,1,Daylight,2,Rain,0,No Additional Atmospheric Conditions,2,Rain,0,No,0000000,Not Applicable,99,Unknown,99,Unknown,12,12:00pm-12:59pm,30,30,99,Unknown,99,Unknown EMS Hospital Arrival Time,0,None,0,None,0,None,1,0
2015,1,10194,Alabama,2,2,0,0,0,2,2,3,BALDWIN (3),1011,ELBERTA,17,4,April,2015,6,Friday,18,6:00pm-6:59pm,39,39,0,This section IS NOT on the NHS,2,Urban,6,Minor Collector,2,County Highway Agency,4,County Road,CR-20,POMPANO DR,0,None,30.36303056,30.36303056,-87.595613890,-87.595613890,0,No Special Jurisdiction,12,"Motor Vehicle In-Transport ",6,"Angle ",0,No,2,Intersection,3,T-Intersection,0,None,,,1,On Roadway,1,Daylight,1,Clear,0,No Additional Atmospheric Conditions,1,Clear,0,No,0000000,Not Applicable,99,Unknown,99,Unknown,18,6:00pm-6:59pm,52,52,99,Unknown,99,Unknown EMS Hospital Arrival Time,0,None,0,None,0,None,1,1
2015,1,10195,Alabama,2,2,0,0,0,3,3,73,JEFFERSON (73),350,BIRMINGHAM,22,4,April,2015,4,Wednesday,9,9:00am-9:59am,36,36,1,This section IS ON the NHS,2,Urban,3,Principal Arterial - Other,4,City or Municipal Highway Agency,6,Local Street - Municipality,CRESTWOOD BLVD,56TH ST S,0,None,33.52882500,33.52882500,-86.746844440,-86.746844440,0,No Special Jurisdiction,12,"Motor Vehicle In-Transport ",6,"Angle ",0,No,2,Intersection,2,Four-Way Intersection,0,None,,,1,On Roadway,1,Daylight,1,Clear,0,No Additional Atmospheric Conditions,1,Clear,0,No,0000000,Not Applicable,9,9:00am-9:59am,39,39,9,9:00am-9:59am,49,49,10,10:00am-10:59am,7,7,0,None,0,None,0,None,2,1
2015,1,10196,Alabama,1,1,0,0,0,1,1,19,CHEROKEE (19),0,NOT APPLICABLE,24,4,April,2015,6,Friday,20,8:00pm-8:59pm,35,35,0,This section IS NOT on the NHS,1,Rural,7,Local,2,County Highway Agency,4,County Road,CR-59,,0,None,34.07541667,34.07541667,-85.645019440,-85.645019440,0,No Special Jurisdiction,42,Tree (Standing Only),0,Not a Collision with Motor Vehicle In-Transport,0,No,1,Non-Junction,1,Not an Intersection,1,Construction,,,4,On Roadside,2,Dark - Not Lighted,10,Cloudy,0,No Additional Atmospheric Conditions,10,Cloudy,0,No,0000000,Not Applicable,99,Unknown,99,Unknown,7,7:00am-7:59am,37,37,88,"Not Applicable (Not Transported) ",88,Not Applicable (Not Transported),18,Date of Crash and Date of EMS Notification were not the same day,0,None,0,None,1,1
2015,1,10197,Alabama,2,2,0,0,0,2,2,125,TUSCALOOSA (125),3050,TUSCALOOSA,25,4,April,2015,7,Saturday,20,8:00pm-8:59pm,38,38,1,This section IS ON the NHS,2,Urban,3,Principal Arterial - Other,1,State Highway Agency,2,U.S. Highway,US-SR 7,,850,850,33.17261667,33.17261667,-87.477725000,-87.477725000,0,No Special Jurisdiction,12,"Motor Vehicle In-Transport ",6,"Angle ",0,No,8,Driveway Access Related,1,Not an Intersection,0,None,,,1,On Roadway,3,Dark - Lighted,10,Cloudy,0,No Additional Atmospheric Conditions,10,Cloudy,0,No,0000000,Not Applicable,20,8:00pm-8:59pm,40,40,20,8:00pm-8:59pm,41,41,88,"Not Applicable (Not Transported) ",88,Not Applicable (Not Transported),0,None,0,None,0,None,1,1
2015,1,10198,Alabama,2,2,0,0,0,3,3,123,TALLAPOOSA (123),0,NOT APPLICABLE,27,4,April,2015,2,Monday,9,9:00am-9:59am,45,45,0,This section IS NOT on the NHS,1,Rural,5,Major Collector,2,County Highway Agency,4,County Road,CR-LOVE LADY RD,SR-50,0,None,32.69857500,32.69857500,-85.847097220,-85.847097220,0,No Special Jurisdiction,12,"Motor Vehicle In-Transport ",6,"Angle ",0,No,2,Intersection,2,Four-Way Intersection,0,None,,,1,On Roadway,1,Daylight,1,Clear,0,No Additional Atmospheric Conditions,1,Clear,0,No,0000000,Not Applicable,9,9:00am-9:59am,53,53,10,10:00am-10:59am,24,24,99,Unknown,99,Unknown EMS Hospital Arrival Time,0,None,0,None,0,None,1,0
2015,1,10199,Alabama,2,2,0,0,0,5,5,43,CULLMAN (43),0,NOT APPLICABLE,27,4,April,2015,2,Monday,10,10:00am-10:59am,25,25,0,This section IS NOT on the NHS,1,Rural,5,Major Collector,2,County Highway Agency,4,County Road,CR-47,,0,None,34.08930556,34.08930556,-86.652155560,-86.652155560,0,No Special Jurisdiction,12,"Motor Vehicle In-Transport ",2,Front-to-Front,0,No,1,Non-Junction,1,Not an Intersection,0,None,,,1,On Roadway,1,Daylight,10,Cloudy,0,No Additional Atmospheric Conditions,10,Cloudy,0,No,0000000,Not Applicable,99,Unknown,99,Unknown,10,10:00am-10:59am,45,45,99,Unknown,99,Unknown EMS Hospital Arrival Time,0,None,0,None,0,None,2,0
2015,1,10200,Alabama,2,2,0,0,0,4,4,79,LAWRENCE (79),0,NOT APPLICABLE,15,4,April,2015,4,Wednesday,11,11:00am-11:59am,0,0,1,This section IS ON the NHS,1,Rural,3,Principal Arterial - Other,1,State Highway Agency,3,State Highway,SR-24,CR-217,571,571,34.51630556,34.51630556,-87.206311110,-87.206311110,0,No Special Jurisdiction,12,"Motor Vehicle In-Transport ",6,"Angle ",0,No,2,Intersection,2,Four-Way Intersection,0,None,,,1,On Roadway,1,Daylight,1,Clear,0,No Additional Atmospheric Conditions,1,Clear,0,No,0000000,Not Applicable,99,Unknown,99,Unknown,11,11:00am-11:59am,20,20,99,Unknown,99,Unknown EMS Hospital Arrival Time,0,None,0,None,0,None,1,0
2015,1,10201,Alabama,1,1,0,0,0,1,1,95,MARSHALL (95),400,BOAZ,30,4,April,2015,5,Thursday,23,11:00pm-11:59pm,0,0,0,This section IS NOT on the NHS,2,Urban,4,Minor Arterial,1,State Highway Agency,3,State Highway,SR-168,,120,120,34.21392778,34.21392778,-86.139272220,-86.139272220,0,No Special Jurisdiction,32,Culvert,0,Not a Collision with Motor Vehicle In-Transport,0,No,1,Non-Junction,1,Not an Intersection,0,None,,,4,On Roadside,2,Dark - Not Lighted,1,Clear,0,No Additional Atmospheric Conditions,1,Clear,0,No,0000000,Not Applicable,99,Unknown,99,Unknown,23,11:00pm-11:59pm,18,18,88,"Not Applicable (Not Transported) ",88,Not Applicable (Not Transported),0,None,0,None,0,None,1,0
2015,1,10202,Alabama,2,2,0,0,0,2,2,3,BALDWIN (3),0,NOT APPLICABLE,23,4,April,2015,5,Thursday,20,8:00pm-8:59pm,57,57,1,This section IS ON the NHS,1,Rural,1,Interstate,1,State Highway Agency,1,Interstate,I-10,,553,553,30.61619167,30.61619167,-87.578536110,-87.578536110,0,No Special Jurisdiction,12,"Motor Vehicle In-Transport ",2,Front-to-Front,0,No,1,Non-Junction,1,Not an Intersection,0,None,,,1,On Roadway,2,Dark - Not Lighted,1,Clear,0,No Additional Atmospheric Conditions,1,Clear,0,No,0000000,Not Applicable,99,Unknown,99,Unknown,21,9:00pm-9:59pm,5,5,99,Unknown,99,Unknown EMS Hospital Arrival Time,0,None,0,None,0,None,1,0
2015,1,10203,Alabama,2,2,0,0,0,2,2,121,TALLADEGA (121),0,NOT APPLICABLE,25,4,April,2015,7,Saturday,0,0:00am-0:59am,25,25,1,This section IS ON the NHS,1,Rural,1,Interstate,1,State Highway Agency,1,Interstate,I-20,,1730,1730,33.58526944,33.58526944,-86.040594440,-86.040594440,0,No Special Jurisdiction,12,"Motor Vehicle In-Transport ",1,"Front-to-Rear ",0,No,1,Non-Junction,1,Not an Intersection,0,None,,,1,On Roadway,2,Dark - Not Lighted,10,Cloudy,0,No Additional Atmospheric Conditions,10,Cloudy,0,No,0000000,Not Applicable,99,Unknown,99,Unknown,0,0:00am-0:59am,37,37,88,"Not Applicable (Not Transported) ",88,Not Applicable (Not Transported),0,None,0,None,0,None,1,1
2015,1,10204,Alabama,1,1,0,0,0,3,3,53,ESCAMBIA (53),0,NOT APPLICABLE,1,5,May,2015,6,Friday,18,6:00pm-6:59pm,15,15,1,This section IS ON the NHS,1,Rural,1,Interstate,1,State Highway Agency,1,Interstate,I-65,,639,639,31.14328611,31.14328611,-87.409738890,-87.409738890,0,No Special Jurisdiction,1,Rollover/Overturn,0,Not a Collision with Motor Vehicle In-Transport,1,Yes,19,Other location within Interchange Area,1,Not an Intersection,0,None,,,3,On Median,2,Dark - Not Lighted,1,Clear,0,No Additional Atmospheric Conditions,1,Clear,0,No,0000000,Not Applicable,18,6:00pm-6:59pm,34,34,18,6:00pm-6:59pm,45,45,99,Unknown,99,Unknown EMS Hospital Arrival Time,0,None,0,None,0,None,1,0
2015,1,10205,Alabama,1,1,0,0,0,2,2,73,JEFFERSON (73),1716,HOOVER,5,5,May,2015,3,Tuesday,0,0:00am-0:59am,17,17,1,This section IS ON the NHS,2,Urban,1,Interstate,1,State Highway Agency,1,Interstate,I-65,,2485,2485,33.40782500,33.40782500,-86.763044440,-86.763044440,0,No Special Jurisdiction,52,Guardrail End,0,Not a Collision with Motor Vehicle In-Transport,0,No,1,Non-Junction,1,Not an Intersection,0,None,,,3,On Median,2,Dark - Not Lighted,1,Clear,0,No Additional Atmospheric Conditions,1,Clear,0,No,0000000,Not Applicable,0,0:00am-0:59am,20,20,0,0:00am-0:59am,28,28,1,1:00am-1:59am,2,2,0,None,0,None,0,None,1,1