caseyear,state,st_case,statename,ve_total,ve_forms,pvh_invl,peds,pernotmvit,permvit,persons,county,countyname,city,cityname,day,month,monthname,year,day_week,day_weekname,hour,hourname,minute,minutename,nhs,nhsname,rur_urb,rur_urbname,func_sys,func_sysname,rd_owner,rd_ownername,route,routename,tway_id,tway_id2,milept,mileptname,latitude,latitudename,longitud,longitudname,sp_jur,sp_jurname,harm_ev,harm_evname,man_coll,man_collname,reljct1,reljct1name,reljct2,reljct2name,typ_int,typ_intname,wrk_zone,wrk_zonename,road_fnc,road_fncname,rel_road,rel_roadname,lgt_cond,lgt_condname,weather1,weather1name,weather2,weather2name,weather,weathername,sch_bus,sch_busname,rail,railname,not_hour,not_hourname,not_min,not_minname,arr_hour,arr_hourname,arr_min,arr_minname,hosp_hr,hosp_hrname,hosp_mn,hosp_mnname,cf1,cf1name,cf2,cf2name,cf3,cf3name,fatals,drunk_dr
2015,1,10242,Alabama,1,1,0,0,0,1,1,113,RUSSELL (113),2440,PHENIX CITY,10,5,May,2015,1,Sunday,0,0:00am-0:59am,10,10,0,This section IS NOT on the NHS,2,Urban,5,Major Collector,4,City or Municipal Highway Agency,6,Local Street - Municipality,SANDFORT ROAD,,0,None,32.44434444,32.44434444,-85.037722220,-85.037722220,0,No Special Jurisdiction,42,Tree (Standing Only),0,Not a Collision with Motor Vehicle In-Transport,0,No,1,Non-Junction,1,Not an Intersection,0,None,,,5,Outside Trafficway,2,Dark - Not Lighted,1,Clear,0,No Additional Atmospheric Conditions,1,Clear,0,No,0000000,Not Applicable,99,Unknown,99,Unknown,0,0:00am-0:59am,22,22,88,"Not Applicable (Not Transported) ",88,Not Applicable (Not Transported),0,None,0,None,0,None,1,1
2015,1,10243,Alabama,1,1,0,0,0,2,2,113,RUSSELL (113),0,NOT APPLICABLE,9,5,May,2015,7,Saturday,15,3:00pm-3:59pm,7,7,1,This section IS ON the NHS,1,Rural,3,Principal Arterial - Other,1,State Highway Agency,2,U.S. Highway,US-SR 1,,862,862,32.15112222,32.15112222,-85.175397220,-85.175397220,0,No Special Jurisdiction,1,Rollover/Overturn,0,Not a Collision with Motor Vehicle In-Transport,0,No,1,Non-Junction,1,Not an Intersection,0,None,,,1,On Roadway,1,Daylight,1,Clear,0,No Additional Atmospheric Conditions,1,Clear,0,No,0000000,Not Applicable,15,3:00pm-3:59pm,24,24,15,3:00pm-3:59pm,37,37,16,4:00pm-4:59pm,12,12,0,None,0,None,0,None,1,0
2015,1,10244,Alabama,2,2,0,0,0,2,2,97,MOBILE (97),0,NOT APPLICABLE,7,5,May,2015,5,Thursday,6,6:00am-6:59am,40,40,0,This section IS NOT on the NHS,2,Urban,4,Minor Arterial,2,County Highway Agency,4,County Road,CR-25,,0,None,30.75416111,30.75416111,-88.276555560,-88.276555560,0,No Special Jurisdiction,12,"Motor Vehicle In-Transport ",2,Front-to-Front,0,No,1,Non-Junction,1,Not an Intersection,0,None,,,1,On Roadway,1,Daylight,1,Clear,0,No Additional Atmospheric Conditions,1,Clear,0,No,0000000,Not Applicable,99,Unknown,99,Unknown,6,6:00am-6:59am,57,57,99,Unknown,99,Unknown EMS Hospital Arrival Time,0,None,0,None,0,None,1,0
2015,1,10245,Alabama,1,1,0,0,0,1,1,103,MORGAN (103),0,NOT APPLICABLE,14,5,May,2015,5,Thursday,14,2:00pm-2:59pm,30,30,0,This section IS NOT on the NHS,1,Rural,6,Minor Collector,2,County Highway Agency,4,County Road,CR-TALUCAH RD,,0,None,34.51756111,34.51756111,-86.675227780,-86.675227780,0,No Special Jurisdiction,1,Rollover/Overturn,0,Not a Collision with Motor Vehicle In-Transport,0,No,1,Non-Junction,1,Not an Intersection,0,None,,,1,On Roadway,1,Daylight,1,Clear,0,No Additional Atmospheric Conditions,1,Clear,0,No,0000000,Not Applicable,99,Unknown,99,Unknown,14,2:00pm-2:59pm,39,39,88,"Not Applicable (Not Transported) ",88,Not Applicable (Not Transported),0,None,0,None,0,None,1,1
2015,1,10246,Alabama,1,1,0,0,0,1,1,131,WILCOX (131),2490,PINE HILL,14,5,May,2015,5,Thursday,21,9:00pm-9:59pm,58,58,0,This section IS NOT on the NHS,1,Rural,6,Minor Collector,2,County Highway Agency,4,County Road,CR-18,CR-9,0,None,31.97318333,31.97318333,-87.584138890,-87.584138890,0,No Special Jurisdiction,59,"Traffic Sign Support ",0,Not a Collision with Motor Vehicle In-Transport,0,No,3,"Intersection-Related ",4,Y-Intersection,0,None,,,8,Gore,2,Dark - Not Lighted,10,Cloudy,0,No Additional Atmospheric Conditions,10,Cloudy,0,No,0000000,Not Applicable,99,Unknown,99,Unknown,22,10:00pm-10:59pm,22,22,88,"Not Applicable (Not Transported) ",88,Not Applicable (Not Transported),0,None,0,None,0,None,1,0
2015,1,10247,Alabama,1,1,0,1,1,1,1,97,MOBILE (97),2550,PRICHARD,15,5,May,2015,6,Friday,21,9:00pm-9:59pm,31,31,0,This section IS NOT on the NHS,2,Urban,7,Local,4,City or Municipal Highway Agency,6,Local Street - Municipality,WOLF RIDGE RD,,0,None,30.74800833,30.74800833,-88.117283330,-88.117283330,0,No Special Jurisdiction,8,Pedestrian,0,Not a Collision with Motor Vehicle In-Transport,0,No,1,Non-Junction,1,Not an Intersection,0,None,,,1,On Roadway,2,Dark - Not Lighted,2,Rain,0,No Additional Atmospheric Conditions,2,Rain,0,No,0000000,Not Applicable,99,Unknown,99,Unknown,21,9:00pm-9:59pm,33,33,88,"Not Applicable (Not Transported) ",88,Not Applicable (Not Transported),0,None,0,None,0,None,1,0
2015,1,10248,Alabama,1,1,0,0,0,1,1,19,CHEROKEE (19),0,NOT APPLICABLE,15,5,May,2015,6,Friday,9,9:00am-9:59am,30,30,0,This section IS NOT on the NHS,1,Rural,7,Local,2,County Highway Agency,4,County Road,CR-752,,0,None,34.26544444,34.26544444,-85.656936110,-85.656936110,0,No Special Jurisdiction,42,Tree (Standing Only),0,Not a Collision with Motor Vehicle In-Transport,0,No,8,Driveway Access Related,1,Not an Intersection,0,None,,,4,On Roadside,1,Daylight,1,Clear,0,No Additional Atmospheric Conditions,1,Clear,0,No,0000000,Not Applicable,88,Not Applicable (Not Notified),88,Not Applicable (Not Notified),88,"Not Applicable ",88,Not Applicable,88,"Not Applicable (Not Transported) ",88,Not Applicable (Not Transported),0,None,0,None,0,None,1,0
2015,1,10249,Alabama,1,1,0,0,0,1,1,69,HOUSTON (69),0,NOT APPLICABLE,18,5,May,2015,2,Monday,1,1:00am-1:59am,55,55,0,This section IS NOT on the NHS,1,Rural,7,Local,2,County Highway Agency,4,County Road,CR-HODGESVILLE RD,,0,None,31.14548056,31.14548056,-85.388183330,-85.388183330,0,No Special Jurisdiction,1,Rollover/Overturn,0,Not a Collision with Motor Vehicle In-Transport,0,No,1,Non-Junction,1,Not an Intersection,0,None,,,1,On Roadway,2,Dark - Not Lighted,1,Clear,0,No Additional Atmospheric Conditions,1,Clear,0,No,0000000,Not Applicable,1,1:00am-1:59am,55,55,2,2:00am-2:59am,5,5,88,"Not Applicable (Not Transported) ",88,Not Applicable (Not Transported),0,None,0,None,0,None,1,0
2015,1,10250,Alabama,2,2,0,0,0,3,3,67,HENRY (67),0,NOT APPLICABLE,18,5,May,2015,2,Monday,6,6:00am-6:59am,53,53,0,This section IS NOT on the NHS,1,Rural,5,Major Collector,2,County Highway Agency,4,County Road,CR-65,,0,None,31.44531111,31.44531111,-85.184647220,-85.184647220,0,No Special Jurisdiction,12,"Motor Vehicle In-Transport ",2,Front-to-Front,0,No,1,Non-Junction,1,Not an Intersection,0,None,,,1,On Roadway,1,Daylight,1,Clear,0,No Additional Atmospheric Conditions,1,Clear,0,No,0000000,Not Applicable,99,Unknown,99,Unknown,7,7:00am-7:59am,16,16,99,Unknown,99,Unknown EMS Hospital Arrival Time,0,None,0,None,0,None,1,0
2015,1,10251,Alabama,2,2,0,0,0,7,7,19,CHEROKEE (19),1852,LEESBURG,18,5,May,2015,2,Monday,15,3:00pm-3:59pm,18,18,0,This section IS NOT on the NHS,1,Rural,6,Minor Collector,4,City or Municipal Highway Agency,6,Local Street - Municipality,KEENER DR,MACKEY ST,0,None,34.17649167,34.17649167,-85.787916670,-85.787916670,0,No Special Jurisdiction,12,"Motor Vehicle In-Transport ",6,"Angle ",0,No,2,Intersection,2,Four-Way Intersection,0,None,,,1,On Roadway,1,Daylight,1,Clear,0,No Additional Atmospheric Conditions,1,Clear,0,No,0000000,Not Applicable,99,Unknown,99,Unknown,15,3:00pm-3:59pm,25,25,99,Unknown,99,Unknown EMS Hospital Arrival Time,0,None,0,None,0,None,1,0
2015,1,10252,Alabama,2,2,0,0,0,2,2,15,CALHOUN (15),2370,OXFORD,20,5,May,2015,4,Wednesday,5,5:00am-5:59am,57,57,0,This section IS NOT on the NHS,2,Urban,4,Minor Arterial,1,State Highway Agency,2,U.S. Highway,US-SR 4,PEACEFUL VALLEY RD,1510,1510,33.60283333,33.60283333,-85.986591670,-85.986591670,0,No Special Jurisdiction,1,Rollover/Overturn,0,Not a Collision with Motor Vehicle In-Transport,0,No,2,Intersection,2,Four-Way Intersection,0,None,,,1,On Roadway,1,Daylight,1,Clear,0,No Additional Atmospheric Conditions,1,Clear,0,No,0000000,Not Applicable,99,Unknown,99,Unknown,6,6:00am-6:59am,8,8,99,Unknown,99,Unknown EMS Hospital Arrival Time,0,None,0,None,0,None,1,0
2015,1,10253,Alabama,2,2,0,0,0,2,2,55,ETOWAH (55),2822,SOUTHSIDE,20,5,May,2015,4,Wednesday,6,6:00am-6:59am,3,3,1,This section IS ON the NHS,2,Urban,3,Principal Arterial - Other,1,State Highway Agency,3,State Highway,SR-77,,960,960,33.84518056,33.84518056,-86.050325000,-86.050325000,0,No Special Jurisdiction,12,"Motor Vehicle In-Transport ",6,"Angle ",0,No,1,Non-Junction,1,Not an Intersection,0,None,,,1,On Roadway,1,Daylight,1,Clear,0,No Additional Atmospheric Conditions,1,Clear,0,No,0000000,Not Applicable,99,Unknown,99,Unknown,6,6:00am-6:59am,15,15,88,"Not Applicable (Not Transported) ",88,Not Applicable (Not Transported),0,None,0,None,0,None,1,1
2015,1,10254,Alabama,1,1,0,0,0,1,1,115,ST. CLAIR (115),0,NOT APPLICABLE,20,5,May,2015,4,Wednesday,17,5:00pm-5:59pm,15,15,0,This section IS NOT on the NHS,1,Rural,4,Minor Arterial,1,State Highway Agency,2,U.S. Highway,US-SR 53,,2228,2228,33.64144722,33.64144722,-86.277680560,-86.277680560,0,No Special Jurisdiction,35,Embankment,0,Not a Collision with Motor Vehicle In-Transport,0,No,1,Non-Junction,1,Not an Intersection,0,None,,,4,On Roadside,1,Daylight,1,Clear,0,No Additional Atmospheric Conditions,1,Clear,0,No,0000000,Not Applicable,17,5:00pm-5:59pm,22,22,17,5:00pm-5:59pm,27,27,88,"Not Applicable (Not Transported) ",88,Not Applicable (Not Transported),0,None,0,None,0,None,1,0
2015,1,10255,Alabama,1,1,0,0,0,1,1,61,GENEVA (61),0,NOT APPLICABLE,20,5,May,2015,4,Wednesday,19,7:00pm-7:59pm,50,50,0,This section IS NOT on the NHS,1,Rural,5,Major Collector,2,County Highway Agency,4,County Road,CR-4,,0,None,31.03754167,31.03754167,-85.928913890,-85.928913890,0,No Special Jurisdiction,42,Tree (Standing Only),0,Not a Collision with Motor Vehicle In-Transport,0,No,1,Non-Junction,1,Not an Intersection,0,None,,,4,On Roadside,2,Dark - Not Lighted,2,Rain,0,No Additional Atmospheric Conditions,2,Rain,0,No,0000000,Not Applicable,99,Unknown,99,Unknown,20,8:00pm-8:59pm,4,4,88,"Not Applicable (Not Transported) ",88,Not Applicable (Not Transported),0,None,0,None,0,None,1,1
2015,1,10256,Alabama,1,1,0,1,1,1,1,97,MOBILE (97),2100,MOBILE,20,5,May,2015,4,Wednesday,20,8:00pm-8:59pm,41,41,0,This section IS NOT on the NHS,2,Urban,4,Minor Arterial,4,City or Municipal Highway Agency,6,Local Street - Municipality,MCVAY DR,,0,None,30.64512778,30.64512778,-88.102002780,-88.102002780,0,No Special Jurisdiction,8,Pedestrian,0,Not a Collision with Motor Vehicle In-Transport,0,No,1,Non-Junction,1,Not an Intersection,0,None,,,1,On Roadway,5,Dusk,1,Clear,0,No Additional Atmospheric Conditions,1,Clear,0,No,0000000,Not Applicable,99,Unknown,99,Unknown,20,8:00pm-8:59pm,48,48,99,Unknown,99,Unknown EMS Hospital Arrival Time,0,None,0,None,0,None,1,0
2015,1,10257,Alabama,1,1,0,0,0,1,1,77,LAUDERDALE (77),0,NOT APPLICABLE,21,5,May,2015,5,Thursday,13,1:00pm-1:59pm,30,30,0,This section IS NOT on the NHS,1,Rural,5,Major Collector,2,County Highway Agency,4,County Road,CR-8,,0,None,34.96056111,34.96056111,-87.573486110,-87.573486110,0,No Special Jurisdiction,35,Embankment,0,Not a Collision with Motor Vehicle In-Transport,0,No,1,Non-Junction,1,Not an Intersection,0,None,,,4,On Roadside,1,Daylight,10,Cloudy,0,No Additional Atmospheric Conditions,10,Cloudy,0,No,0000000,Not Applicable,13,1:00pm-1:59pm,34,34,14,2:00pm-2:59pm,7,7,14,2:00pm-2:59pm,52,52,0,None,0,None,0,None,1,0
2015,1,10258,Alabama,2,2,0,0,0,2,2,117,SHELBY (117),530,CALERA,21,5,May,2015,5,Thursday,14,2:00pm-2:59pm,0,0,0,This section IS NOT on the NHS,2,Urban,4,Minor Arterial,1,State Highway Agency,2,U.S. Highway,US-SR 3,,2470,2470,33.16313333,33.16313333,-86.755019440,-86.755019440,0,No Special Jurisdiction,12,"Motor Vehicle In-Transport ",6,"Angle ",0,No,1,Non-Junction,1,Not an Intersection,0,None,,,1,On Roadway,1,Daylight,10,Cloudy,0,No Additional Atmospheric Conditions,10,Cloudy,0,No,0000000,Not Applicable,99,Unknown,99,Unknown,14,2:00pm-2:59pm,7,7,99,Unknown,99,Unknown EMS Hospital Arrival Time,0,None,0,None,0,None,1,0
2015,1,10259,Alabama,2,2,0,0,0,2,2,59,FRANKLIN (59),3130,VINA,22,5,May,2015,6,Friday,16,4:00pm-4:59pm,55,55,0,This section IS NOT on the NHS,1,Rural,5,Major Collector,1,State Highway Agency,3,State Highway,SR-19,,276,276,34.36842500,34.36842500,-88.043741670,-88.043741670,0,No Special Jurisdiction,12,"Motor Vehicle In-Transport ",1,"Front-to-Rear ",0,No,1,Non-Junction,1,Not an Intersection,0,None,,,1,On Roadway,1,Daylight,1,Clear,0,No Additional Atmospheric Conditions,1,Clear,0,No,0000000,Not Applicable,17,5:00pm-5:59pm,6,6,17,5:00pm-5:59pm,13,13,17,5:00pm-5:59pm,37,37,0,None,0,None,0,None,1,0
2015,1,10260,Alabama,1,1,0,0,0,1,1,121,TALLADEGA (121),0,NOT APPLICABLE,22,5,May,2015,6,Friday,19,7:00pm-7:59pm,51,51,0,This section IS NOT on the NHS,1,Rural,6,Minor Collector,2,County Highway Agency,4,County Road,CR-GRIST MILL RD,,0,None,33.34723889,33.34723889,-86.245522220,-86.245522220,0,No Special Jurisdiction,42,Tree (Standing Only),0,Not a Collision with Motor Vehicle In-Transport,0,No,1,Non-Junction,1,Not an Intersection,0,None,,,4,On Roadside,1,Daylight,1,Clear,0,No Additional Atmospheric Conditions,1,Clear,0,No,0000000,Not Applicable,99,Unknown,99,Unknown,20,8:00pm-8:59pm,3,3,88,"Not Applicable (Not Transported) ",88,Not Applicable (Not Transported),20,Police Pursuit Involved,0,None,0,None,1,0
2015,1,10261,Alabama,1,1,0,0,0,1,1,27,CLAY (27),0,NOT APPLICABLE,24,5,May,2015,1,Sunday,18,6:00pm-6:59pm,15,15,0,This section IS NOT on the NHS,1,Rural,5,Major Collector,2,County Highway Agency,4,County Road,CR-BLUFF SPRING RD,,0,None,33.23864722,33.23864722,-85.820236110,-85.820236110,0,No Special Jurisdiction,24,Guardrail Face,0,Not a Collision with Motor Vehicle In-Transport,0,No,1,Non-Junction,1,Not an Intersection,0,None,,,4,On Roadside,1,Daylight,1,Clear,0,No Additional Atmospheric Conditions,1,Clear,0,No,0000000,Not Applicable,18,6:00pm-6:59pm,21,21,18,6:00pm-6:59pm,30,30,88,"Not Applicable (Not Transported) ",88,Not Applicable (Not Transported),0,None,0,None,0,None,1,1
2015,1,10262,Alabama,1,1,0,0,0,1,1,125,TUSCALOOSA (125),0,NOT APPLICABLE,24,5,May,2015,1,Sunday,20,8:00pm-8:59pm,30,30,0,This section IS NOT on the NHS,1,Rural,7,Local,2,County Highway Agency,4,County Road,CR-CHAPEL PARK CT,,0,None,33.19059167,33.19059167,-87.382450000,-87.382450000,0,No Special Jurisdiction,1,Rollover/Overturn,0,Not a Collision with Motor Vehicle In-Transport,0,No,1,Non-Junction,1,Not an Intersection,0,None,,,1,On Roadway,2,Dark - Not Lighted,10,Cloudy,0,No Additional Atmospheric Conditions,10,Cloudy,0,No,0000000,Not Applicable,99,Unknown,99,Unknown,20,8:00pm-8:59pm,55,55,88,"Not Applicable (Not Transported) ",88,Not Applicable (Not Transported),0,None,0,None,0,None,1,1
2015,1,10263,Alabama,2,2,0,0,0,4,4,131,WILCOX (131),0,NOT APPLICABLE,25,5,May,2015,2,Monday,11,11:00am-11:59am,40,40,0,This section IS NOT on the NHS,1,Rural,3,Principal Arterial - Other,2,County Highway Agency,4,County Road,CR-29,,0,None,32.19991944,32.19991944,-87.384188890,-87.384188890,0,No Special Jurisdiction,12,"Motor Vehicle In-Transport ",6,"Angle ",0,No,1,Non-Junction,1,Not an Intersection,0,None,,,1,On Roadway,1,Daylight,2,Rain,0,No Additional Atmospheric Conditions,2,Rain,0,No,0000000,Not Applicable,99,Unknown,99,Unknown,12,12:00pm-12:59pm,20,20,99,Unknown,99,Unknown EMS Hospital Arrival Time,0,None,0,None,0,None,1,0
2015,1,10264,Alabama,1,1,0,1,1,1,1,113,RUSSELL (113),2440,PHENIX CITY,20,5,May,2015,4,Wednesday,22,10:00pm-10:59pm,7,7,1,This section IS ON the NHS,2,Urban,3,Principal Arterial - Other,1,State Highway Agency,2,U.S. Highway,US-SR 1,,1129,1129,32.46113056,32.46113056,-85.019836110,-85.019836110,0,No Special Jurisdiction,8,Pedestrian,0,Not a Collision with Motor Vehicle In-Transport,0,No,1,Non-Junction,1,Not an Intersection,0,None,,,1,On Roadway,3,Dark - Lighted,1,Clear,0,No Additional Atmospheric Conditions,1,Clear,0,No,0000000,Not Applicable,99,Unknown,99,Unknown,22,10:00pm-10:59pm,12,12,99,Unknown,99,Unknown EMS Hospital Arrival Time,0,None,0,None,0,None,1,0
2015,1,10265,Alabama,2,2,0,0,0,4,4,15,CALHOUN (15),2370,OXFORD,27,5,May,2015,4,Wednesday,5,5:00am-5:59am,25,25,0,This section IS NOT on the NHS,2,Urban,4,Minor Arterial,1,State Highway Agency,2,U.S. Highway,US-SR 4,WILLIAMS ST,1590,1590,33.60566667,33.60566667,-85.843044440,-85.843044440,0,No Special Jurisdiction,12,"Motor Vehicle In-Transport ",6,"Angle ",0,No,2,Intersection,3,T-Intersection,0,None,,,1,On Roadway,4,Dawn,10,Cloudy,0,No Additional Atmospheric Conditions,10,Cloudy,0,No,0000000,Not Applicable,99,Unknown,99,Unknown,5,5:00am-5:59am,39,39,99,Unknown,99,Unknown EMS Hospital Arrival Time,14,"Motor Vehicle struck by falling cargo,or something that came loose from or something that was set in motion by a vehicle",0,None,0,None,1,0
2015,1,10266,Alabama,2,2,0,0,0,2,2,97,MOBILE (97),690,CITRONELLE,26,5,May,2015,3,Tuesday,14,2:00pm-2:59pm,15,15,1,This section IS ON the NHS,1,Rural,4,Minor Arterial,1,State Highway Agency,2,U.S. Highway,US-SR 17,,278,278,31.03937778,31.03937778,-88.231738890,-88.231738890,0,No Special Jurisdiction,12,"Motor Vehicle In-Transport ",6,"Angle ",0,No,8,Driveway Access Related,1,Not an Intersection,0,None,,,1,On Roadway,1,Daylight,1,Clear,0,No Additional Atmospheric Conditions,1,Clear,0,No,0000000,Not Applicable,14,2:00pm-2:59pm,20,20,14,2:00pm-2:59pm,30,30,88,"Not Applicable (Not Transported) ",88,Not Applicable (Not Transported),0,None,0,None,0,None,1,0
2015,1,10267,Alabama,2,2,0,0,0,2,2,73,JEFFERSON (73),350,BIRMINGHAM,25,5,May,2015,2,Monday,15,3:00pm-3:59pm,5,5,0,This section IS NOT on the NHS,2,Urban,4,Minor Arterial,4,City or Municipal Highway Agency,6,Local Street - Municipality,ENSLEY PLEASANT GROVE RD,,0,None,33.49320000,33.49320000,-86.919363890,-86.919363890,0,No Special Jurisdiction,12,"Motor Vehicle In-Transport ",2,Front-to-Front,0,No,1,Non-Junction,1,Not an Intersection,0,None,,,1,On Roadway,1,Daylight,10,Cloudy,0,No Additional Atmospheric Conditions,10,Cloudy,0,No,0000000,Not Applicable,99,Unknown,99,Unknown,15,3:00pm-3:59pm,15,15,99,Unknown,99,Unknown EMS Hospital Arrival Time,0,None,0,None,0,None,1,0
2015,1,10268,Alabama,1,1,0,2,2,1,1,3,BALDWIN (3),1493,GULF SHORES,27,5,May,2015,4,Wednesday,9,9:00am-9:59am,0,0,0,This section IS NOT on the NHS,2,Urban,5,Major Collector,2,County Highway Agency,4,County Road,CR-2,CAMPGROUND RD,0,None,30.26576667,30.26576667,-87.649669440,-87.649669440,0,No Special Jurisdiction,9,Pedalcyclist,0,Not a Collision with Motor Vehicle In-Transport,0,No,1,Non-Junction,1,Not an Intersection,0,None,,,2,On Shoulder,1,Daylight,10,Cloudy,0,No Additional Atmospheric Conditions,10,Cloudy,0,No,0000000,Not Applicable,9,9:00am-9:59am,2,2,9,9:00am-9:59am,14,14,9,9:00am-9:59am,25,25,0,None,0,None,0,None,1,0
2015,1,10269,Alabama,3,3,0,0,0,4,4,77,LAUDERDALE (77),0,NOT APPLICABLE,28,5,May,2015,5,Thursday,18,6:00pm-6:59pm,5,5,1,This section IS ON the NHS,1,Rural,3,Principal Arterial - Other,1,State Highway Agency,2,U.S. Highway,US-SR 2,,458,458,34.86105556,34.86105556,-87.463597220,-87.463597220,0,No Special Jurisdiction,12,"Motor Vehicle In-Transport ",1,"Front-to-Rear ",0,No,1,Non-Junction,1,Not an Intersection,0,None,,,1,On Roadway,1,Daylight,1,Clear,0,No Additional Atmospheric Conditions,1,Clear,0,No,0000000,Not Applicable,99,Unknown,99,Unknown,18,6:00pm-6:59pm,25,25,99,Unknown,99,Unknown EMS Hospital Arrival Time,0,None,0,None,0,None,1,0
2015,1,10270,Alabama,3,3,0,0,0,3,3,89,MADISON (89),1730,HUNTSVILLE,29,5,May,2015,6,Friday,20,8:00pm-8:59pm,17,17,0,This section IS NOT on the NHS,2,Urban,6,Minor Collector,4,City or Municipal Highway Agency,6,Local Street - Municipality,MASTIN LAKE RD,JORDAN LN,0,None,34.77149167,34.77149167,-86.650991670,-86.650991670,0,No Special Jurisdiction,12,"Motor Vehicle In-Transport ",6,"Angle ",0,No,2,Intersection,2,Four-Way Intersection,0,None,,,1,On Roadway,3,Dark - Lighted,10,Cloudy,0,No Additional Atmospheric Conditions,10,Cloudy,0,No,0000000,Not Applicable,99,Unknown,99,Unknown,20,8:00pm-8:59pm,23,23,99,Unknown,99,Unknown EMS Hospital Arrival Time,0,None,0,None,0,None,1,1
2015,1,10271,Alabama,2,2,0,0,0,3,3,9,BLOUNT (9),2811,SNEAD,29,5,May,2015,6,Friday,22,10:00pm-10:59pm,16,16,1,This section IS ON the NHS,1,Rural,3,Principal Arterial - Other,1,State Highway Agency,2,U.S. Highway,US-SR 278,CR-36,1080,1080,34.10728056,34.10728056,-86.376000000,-86.376000000,0,No Special Jurisdiction,12,"Motor Vehicle In-Transport ",2,Front-to-Front,0,No,2,Intersection,4,Y-Intersection,0,None,,,1,On Roadway,3,Dark - Lighted,1,Clear,0,No Additional Atmospheric Conditions,1,Clear,0,No,0000000,Not Applicable,99,Unknown,99,Unknown,22,10:00pm-10:59pm,31,31,99,Unknown,99,Unknown EMS Hospital Arrival Time,0,None,0,None,0,None,1,0
2015,1,10272,Alabama,2,2,0,0,0,3,3,73,JEFFERSON (73),350,BIRMINGHAM,31,5,May,2015,1,Sunday,18,6:00pm-6:59pm,48,48,1,This section IS ON the NHS,2,Urban,1,Interstate,1,State Highway Agency,1,Interstate,I-59,,1330,1330,33.57411667,33.57411667,-86.716708330,-86.716708330,0,No Special Jurisdiction,12,"Motor Vehicle In-Transport ",8,Sideswipe - Opposite Direction,0,No,1,Non-Junction,1,Not an Intersection,0,None,,,1,On Roadway,1,Daylight,10,Cloudy,0,No Additional Atmospheric Conditions,10,Cloudy,0,No,0000000,Not Applicable,18,6:00pm-6:59pm,53,53,18,6:00pm-6:59pm,56,56,99,Unknown,99,Unknown EMS Hospital Arrival Time,0,None,0,None,0,None,1,1
2015,1,10273,Alabama,1,1,0,0,0,1,1,77,LAUDERDALE (77),0,NOT APPLICABLE,30,5,May,2015,7,Saturday,17,5:00pm-5:59pm,40,40,0,This section IS NOT on the NHS,1,Rural,7,Local,2,County Highway Agency,4,County Road,CR-575,,0,None,34.84441667,34.84441667,-87.363583330,-87.363583330,0,No Special Jurisdiction,35,Embankment,0,Not a Collision with Motor Vehicle In-Transport,0,No,1,Non-Junction,1,Not an Intersection,0,None,,,4,On Roadside,1,Daylight,1,Clear,0,No Additional Atmospheric Conditions,1,Clear,0,No,0000000,Not Applicable,99,Unknown,99,Unknown,17,5:00pm-5:59pm,56,56,88,"Not Applicable (Not Transported) ",88,Not Applicable (Not Transported),0,None,0,None,0,None,1,0
2015,1,10274,Alabama,1,1,0,0,0,1,1,79,LAWRENCE (79),0,NOT APPLICABLE,31,5,May,2015,1,Sunday,19,7:00pm-7:59pm,0,0,0,This section IS NOT on the NHS,1,Rural,5,Major Collector,1,State Highway Agency,3,State Highway,SR-33,,362,362,34.64768611,34.64768611,-87.276277780,-87.276277780,0,No Special Jurisdiction,34,Ditch,0,Not a Collision with Motor Vehicle In-Transport,0,No,1,Non-Junction,1,Not an Intersection,0,None,,,4,On Roadside,1,Daylight,1,Clear,0,No Additional Atmospheric Conditions,1,Clear,0,No,0000000,Not Applicable,99,Unknown,99,Unknown,19,7:00pm-7:59pm,14,14,88,"Not Applicable (Not Transported) ",88,Not Applicable (Not Transported),0,None,0,None,0,None,1,0
2015,1,10275,Alabama,1,1,0,0,0,3,3,81,LEE (81),0,NOT APPLICABLE,24,5,May,2015,1,Sunday,14,2:00pm-2:59pm,0,0,0,This section IS NOT on the NHS,1,Rural,5,Major Collector,2,County Highway Agency,4,County Road,CR-158,,0,None,32.66621944,32.66621944,-85.183441670,-85.183441670,0,No Special Jurisdiction,32,Culvert,0,Not a Collision with Motor Vehicle In-Transport,0,No,1,Non-Junction,1,Not an Intersection,0,None,,,4,On Roadside,1,Daylight,1,Clear,0,No Additional Atmospheric Conditions,1,Clear,0,No,0000000,Not Applicable,13,1:00pm-1:59pm,59,59,14,2:00pm-2:59pm,8,8,14,2:00pm-2:59pm,31,31,0,None,0,None,0,None,1,1
2015,1,10276,Alabama,1,1,0,0,0,1,1,113,RUSSELL (113),0,NOT APPLICABLE,24,5,May,2015,1,Sunday,19,7:00pm-7:59pm,42,42,0,This section IS NOT on the NHS,1,Rural,4,Minor Arterial,1,State Highway Agency,3,State Highway,SR-165,,257,257,32.32995000,32.32995000,-85.019136110,-85.019136110,0,No Special Jurisdiction,35,Embankment,0,Not a Collision with Motor Vehicle In-Transport,0,No,1,Non-Junction,1,Not an Intersection,0,None,,,4,On Roadside,5,Dusk,1,Clear,0,No Additional Atmospheric Conditions,1,Clear,0,No,0000000,Not Applicable,99,Unknown,99,Unknown,19,7:00pm-7:59pm,57,57,99,Unknown,99,Unknown EMS Hospital Arrival Time,0,None,0,None,0,None,1,1