caseyear,state,st_case,statename,ve_total,ve_forms,pvh_invl,peds,pernotmvit,permvit,persons,county,countyname,city,cityname,day,month,monthname,year,day_week,day_weekname,hour,hourname,minute,minutename,nhs,nhsname,rur_urb,rur_urbname,func_sys,func_sysname,rd_owner,rd_ownername,route,routename,tway_id,tway_id2,milept,mileptname,latitude,latitudename,longitud,longitudname,sp_jur,sp_jurname,harm_ev,harm_evname,man_coll,man_collname,reljct1,reljct1name,reljct2,reljct2name,typ_int,typ_intname,wrk_zone,wrk_zonename,road_fnc,road_fncname,rel_road,rel_roadname,lgt_cond,lgt_condname,weather1,weather1name,weather2,weather2name,weather,weathername,sch_bus,sch_busname,rail,railname,not_hour,not_hourname,not_min,not_minname,arr_hour,arr_hourname,arr_min,arr_minname,hosp_hr,hosp_hrname,hosp_mn,hosp_mnname,cf1,cf1name,cf2,cf2name,cf3,cf3name,fatals,drunk_dr
2015,1,10416,Alabama,2,2,0,0,0,2,2,95,MARSHALL (95),1500,GUNTERSVILLE,7,8,August,2015,6,Friday,17,5:00pm-5:59pm,30,30,1,This section IS ON the NHS,2,Urban,3,Principal Arterial - Other,1,State Highway Agency,2,U.S. Highway,US-SR 1,BUCK ISLAND RD,2996,2996,34.39347778,34.39347778,-86.274505560,-86.274505560,0,No Special Jurisdiction,12,"Motor Vehicle In-Transport ",6,"Angle ",0,No,2,Intersection,3,T-Intersection,0,None,,,1,On Roadway,1,Daylight,1,Clear,0,No Additional Atmospheric Conditions,1,Clear,0,No,0000000,Not Applicable,99,Unknown,99,Unknown,17,5:00pm-5:59pm,35,35,99,Unknown,99,Unknown EMS Hospital Arrival Time,0,None,0,None,0,None,1,0
2015,1,10417,Alabama,1,1,0,0,0,1,1,21,CHILTON (21),0,NOT APPLICABLE,7,8,August,2015,6,Friday,17,5:00pm-5:59pm,0,0,0,This section IS NOT on the NHS,1,Rural,7,Local,2,County Highway Agency,4,County Road,CR-502,CR-501,0,None,32.75115833,32.75115833,-86.530877780,-86.530877780,0,No Special Jurisdiction,34,Ditch,0,Not a Collision with Motor Vehicle In-Transport,0,No,3,"Intersection-Related ",3,T-Intersection,0,None,,,4,On Roadside,1,Daylight,10,Cloudy,0,No Additional Atmospheric Conditions,10,Cloudy,0,No,0000000,Not Applicable,99,Unknown,99,Unknown,17,5:00pm-5:59pm,17,17,88,"Not Applicable (Not Transported) ",88,Not Applicable (Not Transported),0,None,0,None,0,None,1,1
2015,1,10418,Alabama,2,2,0,0,0,2,2,95,MARSHALL (95),0,NOT APPLICABLE,7,8,August,2015,6,Friday,22,10:00pm-10:59pm,25,25,0,This section IS NOT on the NHS,1,Rural,7,Local,2,County Highway Agency,4,County Road,CR-CATHEDRAL CAVERNS RD,,0,None,34.46833611,34.46833611,-86.279300000,-86.279300000,0,No Special Jurisdiction,12,"Motor Vehicle In-Transport ",2,Front-to-Front,0,No,1,Non-Junction,1,Not an Intersection,0,None,,,1,On Roadway,2,Dark - Not Lighted,10,Cloudy,0,No Additional Atmospheric Conditions,10,Cloudy,0,No,0000000,Not Applicable,99,Unknown,99,Unknown,10,10:00am-10:59am,40,40,99,Unknown,99,Unknown EMS Hospital Arrival Time,0,None,0,None,0,None,1,1
2015,1,10419,Alabama,2,2,0,0,0,3,3,71,JACKSON (71),2850,STEVENSON,7,8,August,2015,6,Friday,10,10:00am-10:59am,54,54,1,This section IS ON the NHS,2,Urban,3,Principal Arterial - Other,1,State Highway Agency,2,U.S. Highway,US-SR 2,ADAMS ST,1561,1561,34.86875556,34.86875556,-85.814366670,-85.814366670,0,No Special Jurisdiction,12,"Motor Vehicle In-Transport ",6,"Angle ",0,No,2,Intersection,3,T-Intersection,0,None,,,1,On Roadway,1,Daylight,1,Clear,0,No Additional Atmospheric Conditions,1,Clear,0,No,0000000,Not Applicable,99,Unknown,99,Unknown,11,11:00am-11:59am,6,6,88,"Not Applicable (Not Transported) ",88,Not Applicable (Not Transported),0,None,0,None,0,None,2,0
2015,1,10420,Alabama,2,2,0,0,0,4,4,87,MACON (87),0,NOT APPLICABLE,2,8,August,2015,1,Sunday,4,4:00am-4:59am,46,46,1,This section IS ON the NHS,1,Rural,1,Interstate,1,State Highway Agency,1,Interstate,I-85,,424,424,32.48744444,32.48744444,-85.635947220,-85.635947220,0,No Special Jurisdiction,12,"Motor Vehicle In-Transport ",6,"Angle ",0,No,1,Non-Junction,1,Not an Intersection,0,None,,,1,On Roadway,2,Dark - Not Lighted,1,Clear,0,No Additional Atmospheric Conditions,1,Clear,0,No,0000000,Not Applicable,99,Unknown,99,Unknown,5,5:00am-5:59am,19,19,99,Unknown,99,Unknown EMS Hospital Arrival Time,0,None,0,None,0,None,1,1
2015,1,10421,Alabama,2,2,0,0,0,2,2,69,HOUSTON (69),0,NOT APPLICABLE,6,6,June,2015,7,Saturday,21,9:00pm-9:59pm,0,0,0,This section IS NOT on the NHS,1,Rural,5,Major Collector,1,State Highway Agency,3,State Highway,SR-123,,125,125,31.23785278,31.23785278,-85.632205560,-85.632205560,0,No Special Jurisdiction,12,"Motor Vehicle In-Transport ",1,"Front-to-Rear ",0,No,8,Driveway Access Related,1,Not an Intersection,0,None,,,1,On Roadway,2,Dark - Not Lighted,1,Clear,0,No Additional Atmospheric Conditions,1,Clear,0,No,0000000,Not Applicable,99,Unknown,99,Unknown,21,9:00pm-9:59pm,15,15,99,Unknown,99,Unknown EMS Hospital Arrival Time,0,None,0,None,0,None,1,0
2015,1,10422,Alabama,1,1,0,0,0,3,3,77,LAUDERDALE (77),0,NOT APPLICABLE,25,6,June,2015,5,Thursday,20,8:00pm-8:59pm,45,45,0,This section IS NOT on the NHS,1,Rural,6,Minor Collector,2,County Highway Agency,4,County Road,CR-7,,0,None,34.89220833,34.89220833,-87.704413890,-87.704413890,0,No Special Jurisdiction,35,Embankment,0,Not a Collision with Motor Vehicle In-Transport,0,No,1,Non-Junction,1,Not an Intersection,0,None,,,4,On Roadside,2,Dark - Not Lighted,1,Clear,0,No Additional Atmospheric Conditions,1,Clear,0,No,0000000,Not Applicable,99,Unknown,99,Unknown,21,9:00pm-9:59pm,14,14,99,Unknown,99,Unknown EMS Hospital Arrival Time,0,None,0,None,0,None,1,1
2015,1,10423,Alabama,2,2,0,0,0,4,4,83,LIMESTONE (83),0,NOT APPLICABLE,29,7,July,2015,4,Wednesday,20,8:00pm-8:59pm,25,25,0,This section IS NOT on the NHS,1,Rural,5,Major Collector,2,County Highway Agency,4,County Road,CR-MOORESVILLE RD,,0,None,34.64749167,34.64749167,-86.879527780,-86.879527780,0,No Special Jurisdiction,12,"Motor Vehicle In-Transport ",2,Front-to-Front,0,No,1,Non-Junction,1,Not an Intersection,0,None,,,1,On Roadway,2,Dark - Not Lighted,1,Clear,0,No Additional Atmospheric Conditions,1,Clear,0,No,0000000,Not Applicable,99,Unknown,99,Unknown,20,8:00pm-8:59pm,40,40,99,Unknown,99,Unknown EMS Hospital Arrival Time,0,None,0,None,0,None,2,0
2015,1,10424,Alabama,1,1,0,0,0,2,2,77,LAUDERDALE (77),0,NOT APPLICABLE,31,7,July,2015,6,Friday,14,2:00pm-2:59pm,20,20,0,This section IS NOT on the NHS,1,Rural,7,Local,2,County Highway Agency,4,County Road,CR-36,,0,None,34.94450556,34.94450556,-87.460641670,-87.460641670,0,No Special Jurisdiction,42,Tree (Standing Only),0,Not a Collision with Motor Vehicle In-Transport,0,No,1,Non-Junction,1,Not an Intersection,0,None,,,4,On Roadside,1,Daylight,1,Clear,0,No Additional Atmospheric Conditions,1,Clear,0,No,0000000,Not Applicable,99,Unknown,99,Unknown,14,2:00pm-2:59pm,24,24,99,Unknown,99,Unknown EMS Hospital Arrival Time,0,None,0,None,0,None,1,0
2015,1,10425,Alabama,2,2,0,0,0,3,3,125,TUSCALOOSA (125),0,NOT APPLICABLE,4,8,August,2015,3,Tuesday,14,2:00pm-2:59pm,48,48,1,This section IS ON the NHS,1,Rural,3,Principal Arterial - Other,1,State Highway Agency,2,U.S. Highway,US-SR 13,,2194,2194,33.52848056,33.52848056,-87.651430560,-87.651430560,0,No Special Jurisdiction,12,"Motor Vehicle In-Transport ",2,Front-to-Front,0,No,1,Non-Junction,1,Not an Intersection,0,None,,,1,On Roadway,1,Daylight,1,Clear,0,No Additional Atmospheric Conditions,1,Clear,0,No,0000000,Not Applicable,99,Unknown,99,Unknown,15,3:00pm-3:59pm,9,9,99,Unknown,99,Unknown EMS Hospital Arrival Time,0,None,0,None,0,None,1,0
2015,1,10426,Alabama,1,1,0,1,1,1,1,69,HOUSTON (69),930,DOTHAN,4,8,August,2015,3,Tuesday,14,2:00pm-2:59pm,24,24,1,This section IS ON the NHS,2,Urban,3,Principal Arterial - Other,1,State Highway Agency,3,State Highway,SR-ROSS CLARK CIRCLE,THIRD AVE,0,None,31.19299444,31.19299444,-85.379627780,-85.379627780,0,No Special Jurisdiction,8,Pedestrian,0,Not a Collision with Motor Vehicle In-Transport,0,No,3,"Intersection-Related ",2,Four-Way Intersection,0,None,,,1,On Roadway,1,Daylight,1,Clear,0,No Additional Atmospheric Conditions,1,Clear,0,No,0000000,Not Applicable,99,Unknown,99,Unknown,14,2:00pm-2:59pm,26,26,88,"Not Applicable (Not Transported) ",88,Not Applicable (Not Transported),0,None,0,None,0,None,1,0
2015,1,10427,Alabama,1,1,0,0,0,1,1,33,COLBERT (33),0,NOT APPLICABLE,5,8,August,2015,4,Wednesday,18,6:00pm-6:59pm,30,30,0,This section IS NOT on the NHS,1,Rural,5,Major Collector,2,County Highway Agency,4,County Road,CR-LAGRANGE RD,,0,None,34.63757222,34.63757222,-87.603277780,-87.603277780,0,No Special Jurisdiction,42,Tree (Standing Only),0,Not a Collision with Motor Vehicle In-Transport,0,No,1,Non-Junction,1,Not an Intersection,0,None,,,4,On Roadside,1,Daylight,2,Rain,0,No Additional Atmospheric Conditions,2,Rain,0,No,0000000,Not Applicable,99,Unknown,99,Unknown,18,6:00pm-6:59pm,44,44,99,Unknown,99,Unknown EMS Hospital Arrival Time,0,None,0,None,0,None,1,0
2015,1,10428,Alabama,1,1,0,0,0,2,2,33,COLBERT (33),0,NOT APPLICABLE,5,8,August,2015,4,Wednesday,19,7:00pm-7:59pm,55,55,0,This section IS NOT on the NHS,1,Rural,7,Local,2,County Highway Agency,4,County Road,CR-3,,0,None,34.75677778,34.75677778,-88.069558330,-88.069558330,0,No Special Jurisdiction,34,Ditch,0,Not a Collision with Motor Vehicle In-Transport,0,No,1,Non-Junction,1,Not an Intersection,0,None,,,4,On Roadside,2,Dark - Not Lighted,2,Rain,0,No Additional Atmospheric Conditions,2,Rain,0,No,0000000,Not Applicable,99,Unknown,99,Unknown,20,8:00pm-8:59pm,20,20,99,Unknown,99,Unknown EMS Hospital Arrival Time,0,None,0,None,0,None,1,0
2015,1,10429,Alabama,1,1,0,1,1,1,1,117,SHELBY (117),350,BIRMINGHAM,5,8,August,2015,4,Wednesday,5,5:00am-5:59am,35,35,1,This section IS ON the NHS,2,Urban,3,Principal Arterial - Other,1,State Highway Agency,2,U.S. Highway,US-SR 38,KEY DR,61,61,33.42797778,33.42797778,-86.707252780,-86.707252780,0,No Special Jurisdiction,8,Pedestrian,0,Not a Collision with Motor Vehicle In-Transport,0,No,3,"Intersection-Related ",2,Four-Way Intersection,0,None,,,1,On Roadway,1,Daylight,1,Clear,0,No Additional Atmospheric Conditions,1,Clear,0,No,0000000,Not Applicable,99,Unknown,99,Unknown,5,5:00am-5:59am,46,46,88,"Not Applicable (Not Transported) ",88,Not Applicable (Not Transported),0,None,0,None,0,None,1,0
2015,1,10430,Alabama,1,1,0,0,0,3,3,83,LIMESTONE (83),0,NOT APPLICABLE,6,8,August,2015,5,Thursday,15,3:00pm-3:59pm,30,30,0,This section IS NOT on the NHS,1,Rural,6,Minor Collector,2,County Highway Agency,4,County Road,CR-EASTER FERRY RD,,0,None,34.90965278,34.90965278,-87.030155560,-87.030155560,0,No Special Jurisdiction,1,Rollover/Overturn,0,Not a Collision with Motor Vehicle In-Transport,0,No,1,Non-Junction,1,Not an Intersection,0,None,,,4,On Roadside,1,Daylight,2,Rain,0,No Additional Atmospheric Conditions,2,Rain,0,No,0000000,Not Applicable,99,Unknown,99,Unknown,15,3:00pm-3:59pm,45,45,99,Unknown,99,Unknown EMS Hospital Arrival Time,0,None,0,None,0,None,1,0
2015,1,10431,Alabama,1,1,0,0,0,2,2,125,TUSCALOOSA (125),0,NOT APPLICABLE,9,8,August,2015,1,Sunday,1,1:00am-1:59am,10,10,1,This section IS ON the NHS,1,Rural,3,Principal Arterial - Other,1,State Highway Agency,2,U.S. Highway,US-SR 6,,602,602,33.09428333,33.09428333,-87.459802780,-87.459802780,0,No Special Jurisdiction,1,Rollover/Overturn,0,Not a Collision with Motor Vehicle In-Transport,0,No,1,Non-Junction,1,Not an Intersection,0,None,,,4,On Roadside,2,Dark - Not Lighted,1,Clear,0,No Additional Atmospheric Conditions,1,Clear,0,No,0000000,Not Applicable,99,Unknown,99,Unknown,1,1:00am-1:59am,21,21,99,Unknown,99,Unknown EMS Hospital Arrival Time,0,None,0,None,0,None,1,1
2015,1,10432,Alabama,1,1,0,0,0,1,1,97,MOBILE (97),2100,MOBILE,12,8,August,2015,4,Wednesday,17,5:00pm-5:59pm,55,55,0,This section IS NOT on the NHS,2,Urban,7,Local,4,City or Municipal Highway Agency,6,Local Street - Municipality,GREENWOOD LN,VILLAGE CIRCLE,0,None,30.69178333,30.69178333,-88.161563890,-88.161563890,0,No Special Jurisdiction,42,Tree (Standing Only),0,Not a Collision with Motor Vehicle In-Transport,0,No,3,"Intersection-Related ",3,T-Intersection,0,None,,,4,On Roadside,1,Daylight,1,Clear,0,No Additional Atmospheric Conditions,1,Clear,0,No,0000000,Not Applicable,99,Unknown,99,Unknown,18,6:00pm-6:59pm,0,0,99,Unknown,99,Unknown EMS Hospital Arrival Time,0,None,0,None,0,None,1,0
2015,1,10433,Alabama,1,1,0,0,0,1,1,73,JEFFERSON (73),350,BIRMINGHAM,13,8,August,2015,5,Thursday,1,1:00am-1:59am,20,20,0,This section IS NOT on the NHS,2,Urban,4,Minor Arterial,4,City or Municipal Highway Agency,6,Local Street - Municipality,8TH AVE N,9TH ST N,0,None,33.51111389,33.51111389,-86.823486110,-86.823486110,0,No Special Jurisdiction,33,Curb,0,Not a Collision with Motor Vehicle In-Transport,0,No,3,"Intersection-Related ",2,Four-Way Intersection,0,None,,,4,On Roadside,3,Dark - Lighted,1,Clear,0,No Additional Atmospheric Conditions,1,Clear,0,No,0000000,Not Applicable,99,Unknown,99,Unknown,1,1:00am-1:59am,28,28,88,"Not Applicable (Not Transported) ",88,Not Applicable (Not Transported),0,None,0,None,0,None,1,0
2015,1,10434,Alabama,1,1,0,0,0,2,2,127,WALKER (127),0,NOT APPLICABLE,13,8,August,2015,5,Thursday,16,4:00pm-4:59pm,45,45,0,This section IS NOT on the NHS,1,Rural,7,Local,2,County Highway Agency,4,County Road,CR-THORNTON LAKE RD,,0,None,33.67538056,33.67538056,-87.057369440,-87.057369440,0,No Special Jurisdiction,42,Tree (Standing Only),0,Not a Collision with Motor Vehicle In-Transport,0,No,1,Non-Junction,1,Not an Intersection,0,None,,,4,On Roadside,1,Daylight,1,Clear,0,No Additional Atmospheric Conditions,1,Clear,0,No,0000000,Not Applicable,99,Unknown,99,Unknown,17,5:00pm-5:59pm,0,0,99,Unknown,99,Unknown EMS Hospital Arrival Time,0,None,0,None,0,None,1,1
2015,1,10435,Alabama,1,1,0,0,0,2,2,19,CHEROKEE (19),630,CENTRE,14,8,August,2015,6,Friday,15,3:00pm-3:59pm,0,0,0,This section IS NOT on the NHS,1,Rural,4,Minor Arterial,1,State Highway Agency,3,State Highway,SR-9,,2610,2610,34.18810556,34.18810556,-85.632441670,-85.632441670,0,No Special Jurisdiction,1,Rollover/Overturn,0,Not a Collision with Motor Vehicle In-Transport,0,No,1,Non-Junction,1,Not an Intersection,0,None,,,4,On Roadside,1,Daylight,1,Clear,0,No Additional Atmospheric Conditions,1,Clear,0,No,0000000,Not Applicable,99,Unknown,99,Unknown,15,3:00pm-3:59pm,6,6,88,"Not Applicable (Not Transported) ",88,Not Applicable (Not Transported),0,None,0,None,0,None,1,1
2015,1,10436,Alabama,1,1,0,0,0,1,1,119,SUMTER (119),0,NOT APPLICABLE,10,8,August,2015,2,Monday,12,12:00pm-12:59pm,15,15,1,This section IS ON the NHS,1,Rural,1,Interstate,1,State Highway Agency,1,Interstate,I-59,,8,8,32.45371389,32.45371389,-88.391472220,-88.391472220,0,No Special Jurisdiction,52,Guardrail End,0,Not a Collision with Motor Vehicle In-Transport,0,No,1,Non-Junction,1,Not an Intersection,0,None,,,3,On Median,1,Daylight,1,Clear,0,No Additional Atmospheric Conditions,1,Clear,0,No,0000000,Not Applicable,99,Unknown,99,Unknown,99,Unknown EMS Scene Arrival Hour,99,Unknown EMS Scene Arrival Minutes,99,Unknown,99,Unknown EMS Hospital Arrival Time,0,None,0,None,0,None,1,0
2015,1,10437,Alabama,1,1,0,0,0,1,1,35,CONECUH (35),0,NOT APPLICABLE,16,8,August,2015,1,Sunday,16,4:00pm-4:59pm,20,20,1,This section IS ON the NHS,1,Rural,1,Interstate,1,State Highway Agency,1,Interstate,I-65,,1042,1042,99.99990000,Unknown,999.999900000,Unknown,0,No Special Jurisdiction,1,Rollover/Overturn,0,Not a Collision with Motor Vehicle In-Transport,0,No,1,Non-Junction,1,Not an Intersection,0,None,,,3,On Median,1,Daylight,10,Cloudy,0,No Additional Atmospheric Conditions,10,Cloudy,0,No,0000000,Not Applicable,99,Unknown,99,Unknown,17,5:00pm-5:59pm,9,9,99,Unknown,99,Unknown EMS Hospital Arrival Time,0,None,0,None,0,None,1,0
2015,1,10438,Alabama,2,2,0,0,0,2,2,101,MONTGOMERY (101),0,NOT APPLICABLE,20,8,August,2015,5,Thursday,15,3:00pm-3:59pm,50,50,1,This section IS ON the NHS,1,Rural,1,Interstate,1,State Highway Agency,1,Interstate,I-65,,1587,1587,32.20970556,32.20970556,-86.407602780,-86.407602780,0,No Special Jurisdiction,12,"Motor Vehicle In-Transport ",1,"Front-to-Rear ",0,No,1,Non-Junction,1,Not an Intersection,0,None,,,1,On Roadway,1,Daylight,10,Cloudy,0,No Additional Atmospheric Conditions,10,Cloudy,0,No,0000000,Not Applicable,99,Unknown,99,Unknown,16,4:00pm-4:59pm,15,15,99,Unknown,99,Unknown EMS Hospital Arrival Time,0,None,0,None,0,None,1,0
2015,1,10439,Alabama,1,1,0,0,0,2,2,73,JEFFERSON (73),20,ADAMSVILLE,5,7,July,2015,1,Sunday,1,1:00am-1:59am,34,34,0,This section IS NOT on the NHS,2,Urban,4,Minor Arterial,2,County Highway Agency,4,County Road,CR-MINOR PKWY,,0,None,33.54437500,33.54437500,-86.925694440,-86.925694440,0,No Special Jurisdiction,42,Tree (Standing Only),0,Not a Collision with Motor Vehicle In-Transport,0,No,1,Non-Junction,1,Not an Intersection,0,None,,,4,On Roadside,2,Dark - Not Lighted,10,Cloudy,0,No Additional Atmospheric Conditions,10,Cloudy,0,No,0000000,Not Applicable,99,Unknown,99,Unknown,1,1:00am-1:59am,47,47,99,Unknown,99,Unknown EMS Hospital Arrival Time,0,None,0,None,0,None,1,1
2015,1,10440,Alabama,3,3,0,0,0,4,4,53,ESCAMBIA (53),0,NOT APPLICABLE,1,7,July,2015,4,Wednesday,12,12:00pm-12:59pm,43,43,1,This section IS ON the NHS,1,Rural,3,Principal Arterial - Other,1,State Highway Agency,2,U.S. Highway,US-SR 3,,773,773,31.21441111,31.21441111,-87.056741670,-87.056741670,0,No Special Jurisdiction,12,"Motor Vehicle In-Transport ",2,Front-to-Front,0,No,1,Non-Junction,1,Not an Intersection,0,None,,,1,On Roadway,1,Daylight,1,Clear,0,No Additional Atmospheric Conditions,1,Clear,0,No,0000000,Not Applicable,99,Unknown,99,Unknown,12,12:00pm-12:59pm,54,54,99,Unknown,99,Unknown EMS Hospital Arrival Time,14,"Motor Vehicle struck by falling cargo,or something that came loose from or something that was set in motion by a vehicle",0,None,0,None,1,0
2015,1,10441,Alabama,2,2,0,0,0,3,3,127,WALKER (127),0,NOT APPLICABLE,21,7,July,2015,3,Tuesday,7,7:00am-7:59am,25,25,0,This section IS NOT on the NHS,1,Rural,6,Minor Collector,2,County Highway Agency,4,County Road,CR-PINEYWOODS SIPSEY RD,,0,None,33.86304722,33.86304722,-87.100105560,-87.100105560,0,No Special Jurisdiction,12,"Motor Vehicle In-Transport ",2,Front-to-Front,0,No,1,Non-Junction,1,Not an Intersection,0,None,,,1,On Roadway,1,Daylight,10,Cloudy,0,No Additional Atmospheric Conditions,10,Cloudy,0,No,0000000,Not Applicable,99,Unknown,99,Unknown,7,7:00am-7:59am,53,53,99,Unknown,99,Unknown EMS Hospital Arrival Time,0,None,0,None,0,None,1,0
2015,1,10442,Alabama,1,1,0,1,1,1,1,97,MOBILE (97),0,NOT APPLICABLE,17,7,July,2015,6,Friday,6,6:00am-6:59am,40,40,0,This section IS NOT on the NHS,2,Urban,5,Major Collector,2,County Highway Agency,4,County Road,CR-HALF MILE RD,,0,None,30.49436389,30.49436389,-88.243647220,-88.243647220,0,No Special Jurisdiction,8,Pedestrian,0,Not a Collision with Motor Vehicle In-Transport,0,No,1,Non-Junction,1,Not an Intersection,0,None,,,4,On Roadside,1,Daylight,1,Clear,0,No Additional Atmospheric Conditions,1,Clear,0,No,0000000,Not Applicable,99,Unknown,99,Unknown,6,6:00am-6:59am,52,52,99,Unknown,99,Unknown EMS Hospital Arrival Time,0,None,0,None,0,None,1,0
2015,1,10443,Alabama,1,1,0,0,0,1,1,59,FRANKLIN (59),0,NOT APPLICABLE,7,8,August,2015,6,Friday,9,9:00am-9:59am,46,46,0,This section IS NOT on the NHS,1,Rural,5,Major Collector,2,County Highway Agency,4,County Road,CR-11,,0,None,34.47093056,34.47093056,-88.135677780,-88.135677780,0,No Special Jurisdiction,1,Rollover/Overturn,0,Not a Collision with Motor Vehicle In-Transport,0,No,1,Non-Junction,1,Not an Intersection,0,None,,,4,On Roadside,1,Daylight,1,Clear,0,No Additional Atmospheric Conditions,1,Clear,0,No,0000000,Not Applicable,88,Not Applicable (Not Notified),88,Not Applicable (Not Notified),88,"Not Applicable ",88,Not Applicable,88,"Not Applicable (Not Transported) ",88,Not Applicable (Not Transported),0,None,0,None,0,None,1,0
2015,1,10444,Alabama,1,1,0,0,0,1,1,11,BULLOCK (11),0,NOT APPLICABLE,7,8,August,2015,6,Friday,23,11:00pm-11:59pm,15,15,0,This section IS NOT on the NHS,1,Rural,4,Minor Arterial,1,State Highway Agency,2,U.S. Highway,US-SR 6,,2087,2087,32.10137222,32.10137222,-85.571355560,-85.571355560,0,No Special Jurisdiction,42,Tree (Standing Only),0,Not a Collision with Motor Vehicle In-Transport,0,No,1,Non-Junction,1,Not an Intersection,0,None,,,4,On Roadside,2,Dark - Not Lighted,1,Clear,0,No Additional Atmospheric Conditions,1,Clear,0,No,0000000,Not Applicable,88,Not Applicable (Not Notified),88,Not Applicable (Not Notified),88,"Not Applicable ",88,Not Applicable,88,"Not Applicable (Not Transported) ",88,Not Applicable (Not Transported),0,None,0,None,0,None,1,1
2015,1,10445,Alabama,1,1,0,1,1,1,1,133,WINSTON (133),0,NOT APPLICABLE,8,8,August,2015,7,Saturday,4,4:00am-4:59am,30,30,1,This section IS ON the NHS,1,Rural,3,Principal Arterial - Other,1,State Highway Agency,3,State Highway,SR-74,,611,611,34.17414167,34.17414167,-87.116677780,-87.116677780,0,No Special Jurisdiction,8,Pedestrian,0,Not a Collision with Motor Vehicle In-Transport,0,No,1,Non-Junction,1,Not an Intersection,0,None,,,1,On Roadway,2,Dark - Not Lighted,10,Cloudy,0,No Additional Atmospheric Conditions,10,Cloudy,0,No,0000000,Not Applicable,99,Unknown,99,Unknown,5,5:00am-5:59am,0,0,99,Unknown,99,Unknown EMS Hospital Arrival Time,0,None,0,None,0,None,1,0
2015,1,10446,Alabama,1,1,0,1,1,1,1,113,RUSSELL (113),0,NOT APPLICABLE,9,8,August,2015,1,Sunday,11,11:00am-11:59am,37,37,1,This section IS ON the NHS,2,Urban,3,Principal Arterial - Other,1,State Highway Agency,3,State Highway,SR-8,,2043,2043,32.45577222,32.45577222,-85.198144440,-85.198144440,0,No Special Jurisdiction,8,Pedestrian,0,Not a Collision with Motor Vehicle In-Transport,0,No,1,Non-Junction,1,Not an Intersection,0,None,,,5,Outside Trafficway,1,Daylight,1,Clear,0,No Additional Atmospheric Conditions,1,Clear,0,No,0000000,Not Applicable,99,Unknown,99,Unknown,11,11:00am-11:59am,43,43,99,Unknown,99,Unknown EMS Hospital Arrival Time,0,None,0,None,0,None,1,0
2015,1,10447,Alabama,1,1,0,0,0,1,1,5,BARBOUR (5),0,NOT APPLICABLE,8,8,August,2015,7,Saturday,0,0:00am-0:59am,15,15,0,This section IS NOT on the NHS,1,Rural,7,Local,2,County Highway Agency,4,County Road,CR-17,,0,None,31.84581111,31.84581111,-85.625613890,-85.625613890,0,No Special Jurisdiction,1,Rollover/Overturn,0,Not a Collision with Motor Vehicle In-Transport,0,No,1,Non-Junction,1,Not an Intersection,0,None,,,1,On Roadway,2,Dark - Not Lighted,1,Clear,0,No Additional Atmospheric Conditions,1,Clear,0,No,0000000,Not Applicable,99,Unknown,99,Unknown,0,0:00am-0:59am,55,55,99,Unknown,99,Unknown EMS Hospital Arrival Time,0,None,0,None,0,None,1,1
2015,1,10448,Alabama,1,1,0,0,0,1,1,85,LOWNDES (85),0,NOT APPLICABLE,12,8,August,2015,4,Wednesday,17,5:00pm-5:59pm,45,45,1,This section IS ON the NHS,1,Rural,3,Principal Arterial - Other,1,State Highway Agency,2,U.S. Highway,US-SR 8,,1130,1130,32.26674444,32.26674444,-86.611486110,-86.611486110,0,No Special Jurisdiction,1,Rollover/Overturn,0,Not a Collision with Motor Vehicle In-Transport,0,No,1,Non-Junction,1,Not an Intersection,0,None,,,4,On Roadside,1,Daylight,1,Clear,0,No Additional Atmospheric Conditions,1,Clear,0,No,0000000,Not Applicable,99,Unknown,99,Unknown,17,5:00pm-5:59pm,58,58,88,"Not Applicable (Not Transported) ",88,Not Applicable (Not Transported),0,None,0,None,0,None,1,0
2015,1,10449,Alabama,1,1,0,1,1,1,1,123,TALLAPOOSA (123),840,DADEVILLE,14,8,August,2015,6,Friday,22,10:00pm-10:59pm,41,41,0,This section IS NOT on the NHS,1,Rural,4,Minor Arterial,1,State Highway Agency,3,State Highway,SR-49,,278,278,32.81277500,32.81277500,-85.783980560,-85.783980560,0,No Special Jurisdiction,8,Pedestrian,0,Not a Collision with Motor Vehicle In-Transport,0,No,1,Non-Junction,1,Not an Intersection,0,None,,,1,On Roadway,3,Dark - Lighted,1,Clear,0,No Additional Atmospheric Conditions,1,Clear,0,No,0000000,Not Applicable,99,Unknown,99,Unknown,22,10:00pm-10:59pm,58,58,99,Unknown,99,Unknown EMS Hospital Arrival Time,0,None,0,None,0,None,1,0
2015,1,10450,Alabama,2,2,0,0,0,2,2,35,CONECUH (35),0,NOT APPLICABLE,15,8,August,2015,7,Saturday,13,1:00pm-1:59pm,18,18,1,This section IS ON the NHS,1,Rural,3,Principal Arterial - Other,1,State Highway Agency,2,U.S. Highway,US-SR 12,,932,932,31.42956111,31.42956111,-87.090355560,-87.090355560,0,No Special Jurisdiction,12,"Motor Vehicle In-Transport ",8,Sideswipe - Opposite Direction,0,No,1,Non-Junction,1,Not an Intersection,0,None,,,1,On Roadway,1,Daylight,1,Clear,0,No Additional Atmospheric Conditions,1,Clear,0,No,0000000,Not Applicable,99,Unknown,99,Unknown,13,1:00pm-1:59pm,28,28,88,"Not Applicable (Not Transported) ",88,Not Applicable (Not Transported),0,None,0,None,0,None,1,0