caseyear,state,st_case,statename,ve_total,ve_forms,pvh_invl,peds,pernotmvit,permvit,persons,county,countyname,city,cityname,day,month,monthname,year,day_week,day_weekname,hour,hourname,minute,minutename,nhs,nhsname,rur_urb,rur_urbname,func_sys,func_sysname,rd_owner,rd_ownername,route,routename,tway_id,tway_id2,milept,mileptname,latitude,latitudename,longitud,longitudname,sp_jur,sp_jurname,harm_ev,harm_evname,man_coll,man_collname,reljct1,reljct1name,reljct2,reljct2name,typ_int,typ_intname,wrk_zone,wrk_zonename,road_fnc,road_fncname,rel_road,rel_roadname,lgt_cond,lgt_condname,weather1,weather1name,weather2,weather2name,weather,weathername,sch_bus,sch_busname,rail,railname,not_hour,not_hourname,not_min,not_minname,arr_hour,arr_hourname,arr_min,arr_minname,hosp_hr,hosp_hrname,hosp_mn,hosp_mnname,cf1,cf1name,cf2,cf2name,cf3,cf3name,fatals,drunk_dr
2015,1,10519,Alabama,1,1,0,0,0,2,2,77,LAUDERDALE (77),2832,ST FLORIAN,3,7,July,2015,6,Friday,21,9:00pm-9:59pm,28,28,0,This section IS NOT on the NHS,2,Urban,5,Major Collector,2,County Highway Agency,4,County Road,CR-323,CR-30,0,None,34.87323333,34.87323333,-87.604041670,-87.604041670,0,No Special Jurisdiction,42,Tree (Standing Only),0,Not a Collision with Motor Vehicle In-Transport,0,No,3,"Intersection-Related ",3,T-Intersection,0,None,,,4,On Roadside,2,Dark - Not Lighted,1,Clear,0,No Additional Atmospheric Conditions,1,Clear,0,No,0000000,Not Applicable,88,Not Applicable (Not Notified),88,Not Applicable (Not Notified),88,"Not Applicable ",88,Not Applicable,88,"Not Applicable (Not Transported) ",88,Not Applicable (Not Transported),0,None,0,None,0,None,2,1
2015,1,10520,Alabama,1,1,0,1,1,5,5,3,BALDWIN (3),0,NOT APPLICABLE,7,8,August,2015,6,Friday,22,10:00pm-10:59pm,5,5,1,This section IS ON the NHS,1,Rural,3,Principal Arterial - Other,1,State Highway Agency,2,U.S. Highway,US-SR 42,,739,739,30.41448333,30.41448333,-87.533325000,-87.533325000,0,No Special Jurisdiction,8,Pedestrian,0,Not a Collision with Motor Vehicle In-Transport,0,No,1,Non-Junction,1,Not an Intersection,0,None,,,4,On Roadside,2,Dark - Not Lighted,1,Clear,0,No Additional Atmospheric Conditions,1,Clear,0,No,0000000,Not Applicable,99,Unknown,99,Unknown,10,10:00am-10:59am,11,11,88,"Not Applicable (Not Transported) ",88,Not Applicable (Not Transported),18,Date of Crash and Date of EMS Notification were not the same day,0,None,0,None,1,0
2015,1,10521,Alabama,2,2,0,0,0,2,2,53,ESCAMBIA (53),470,BREWTON,18,8,August,2015,3,Tuesday,14,2:00pm-2:59pm,49,49,1,This section IS ON the NHS,1,Rural,3,Principal Arterial - Other,1,State Highway Agency,2,U.S. Highway,US-SR 3,,686,686,31.09681111,31.09681111,-87.082125000,-87.082125000,0,No Special Jurisdiction,12,"Motor Vehicle In-Transport ",1,"Front-to-Rear ",0,No,1,Non-Junction,1,Not an Intersection,0,None,,,1,On Roadway,1,Daylight,1,Clear,0,No Additional Atmospheric Conditions,1,Clear,0,No,0000000,Not Applicable,99,Unknown,99,Unknown,14,2:00pm-2:59pm,54,54,99,Unknown,99,Unknown EMS Hospital Arrival Time,0,None,0,None,0,None,1,0
2015,1,10522,Alabama,3,3,0,0,0,3,3,77,LAUDERDALE (77),1200,FLORENCE,31,8,August,2015,2,Monday,12,12:00pm-12:59pm,0,0,1,This section IS ON the NHS,2,Urban,3,Principal Arterial - Other,4,City or Municipal Highway Agency,6,Local Street - Municipality,COX CREEK PKWY,MARS HILL RD,130,130,34.84385833,34.84385833,-87.661069440,-87.661069440,0,No Special Jurisdiction,12,"Motor Vehicle In-Transport ",6,"Angle ",0,No,3,"Intersection-Related ",2,Four-Way Intersection,0,None,,,1,On Roadway,1,Daylight,1,Clear,0,No Additional Atmospheric Conditions,1,Clear,0,No,0000000,Not Applicable,99,Unknown,99,Unknown,12,12:00pm-12:59pm,3,3,99,Unknown,99,Unknown EMS Hospital Arrival Time,0,None,0,None,0,None,1,0
2015,1,10523,Alabama,1,1,0,0,0,2,2,97,MOBILE (97),0,NOT APPLICABLE,5,9,September,2015,7,Saturday,3,3:00am-3:59am,25,25,1,This section IS ON the NHS,1,Rural,3,Principal Arterial - Other,1,State Highway Agency,2,U.S. Highway,US-SR 17,,208,208,30.94462222,30.94462222,-88.216733330,-88.216733330,0,No Special Jurisdiction,42,Tree (Standing Only),0,Not a Collision with Motor Vehicle In-Transport,0,No,1,Non-Junction,1,Not an Intersection,0,None,,,4,On Roadside,2,Dark - Not Lighted,1,Clear,0,No Additional Atmospheric Conditions,1,Clear,0,No,0000000,Not Applicable,99,Unknown,99,Unknown,3,3:00am-3:59am,43,43,88,"Not Applicable (Not Transported) ",88,Not Applicable (Not Transported),0,None,0,None,0,None,2,1
2015,1,10524,Alabama,1,1,0,0,0,1,1,43,CULLMAN (43),0,NOT APPLICABLE,8,9,September,2015,3,Tuesday,8,8:00am-8:59am,59,59,0,This section IS NOT on the NHS,1,Rural,7,Local,2,County Highway Agency,4,County Road,CR-605,,0,None,34.10403889,34.10403889,-86.787633330,-86.787633330,0,No Special Jurisdiction,10,Railway Vehicle,0,Not a Collision with Motor Vehicle In-Transport,0,No,6,"Railway Grade Crossing ",1,Not an Intersection,0,None,,,1,On Roadway,1,Daylight,10,Cloudy,0,No Additional Atmospheric Conditions,10,Cloudy,0,No,352190C,352190C,88,Not Applicable (Not Notified),88,Not Applicable (Not Notified),88,"Not Applicable ",88,Not Applicable,88,"Not Applicable (Not Transported) ",88,Not Applicable (Not Transported),0,None,0,None,0,None,1,0
2015,1,10525,Alabama,2,2,0,0,0,2,2,125,TUSCALOOSA (125),0,NOT APPLICABLE,17,9,September,2015,5,Thursday,11,11:00am-11:59am,0,0,0,This section IS NOT on the NHS,2,Urban,4,Minor Arterial,1,State Highway Agency,3,State Highway,SR-171,,170,170,33.43821944,33.43821944,-87.767372220,-87.767372220,0,No Special Jurisdiction,12,"Motor Vehicle In-Transport ",2,Front-to-Front,0,No,1,Non-Junction,1,Not an Intersection,0,None,,,1,On Roadway,1,Daylight,10,Cloudy,0,No Additional Atmospheric Conditions,10,Cloudy,0,No,0000000,Not Applicable,99,Unknown,99,Unknown,11,11:00am-11:59am,18,18,99,Unknown,99,Unknown EMS Hospital Arrival Time,0,None,0,None,0,None,1,0
2015,1,10526,Alabama,1,1,0,0,0,1,1,63,GREENE (63),1070,EUTAW,19,9,September,2015,7,Saturday,21,9:00pm-9:59pm,45,45,0,This section IS NOT on the NHS,1,Rural,3,Principal Arterial - Other,1,State Highway Agency,3,State Highway,SR-14,,458,458,32.84420833,32.84420833,-87.895586110,-87.895586110,0,No Special Jurisdiction,42,Tree (Standing Only),0,Not a Collision with Motor Vehicle In-Transport,0,No,1,Non-Junction,1,Not an Intersection,0,None,,,4,On Roadside,2,Dark - Not Lighted,1,Clear,0,No Additional Atmospheric Conditions,1,Clear,0,No,0000000,Not Applicable,99,Unknown,99,Unknown,22,10:00pm-10:59pm,1,1,99,Unknown,99,Unknown EMS Hospital Arrival Time,0,None,0,None,0,None,1,0
2015,1,10527,Alabama,1,1,0,0,0,1,1,99,MONROE (99),0,NOT APPLICABLE,19,9,September,2015,7,Saturday,22,10:00pm-10:59pm,0,0,0,This section IS NOT on the NHS,1,Rural,5,Major Collector,2,County Highway Agency,4,County Road,CR-42,,0,None,31.63905833,31.63905833,-87.146888890,-87.146888890,0,No Special Jurisdiction,1,Rollover/Overturn,0,Not a Collision with Motor Vehicle In-Transport,0,No,1,Non-Junction,1,Not an Intersection,0,None,,,4,On Roadside,2,Dark - Not Lighted,1,Clear,0,No Additional Atmospheric Conditions,1,Clear,0,No,0000000,Not Applicable,88,Not Applicable (Not Notified),88,Not Applicable (Not Notified),88,"Not Applicable ",88,Not Applicable,88,"Not Applicable (Not Transported) ",88,Not Applicable (Not Transported),0,None,0,None,0,None,1,1
2015,1,10528,Alabama,1,1,0,1,1,1,1,79,LAWRENCE (79),0,NOT APPLICABLE,20,9,September,2015,1,Sunday,0,0:00am-0:59am,45,45,1,This section IS ON the NHS,1,Rural,3,Principal Arterial - Other,1,State Highway Agency,3,State Highway,SR-157,,441,441,34.55937222,34.55937222,-87.340911110,-87.340911110,0,No Special Jurisdiction,8,Pedestrian,0,Not a Collision with Motor Vehicle In-Transport,0,No,1,Non-Junction,1,Not an Intersection,0,None,,,1,On Roadway,2,Dark - Not Lighted,1,Clear,0,No Additional Atmospheric Conditions,1,Clear,0,No,0000000,Not Applicable,99,Unknown,99,Unknown,1,1:00am-1:59am,0,0,88,"Not Applicable (Not Transported) ",88,Not Applicable (Not Transported),0,None,0,None,0,None,1,0
2015,1,10529,Alabama,1,1,0,1,1,1,1,101,MONTGOMERY (101),0,NOT APPLICABLE,10,9,September,2015,5,Thursday,5,5:00am-5:59am,15,15,1,This section IS ON the NHS,2,Urban,3,Principal Arterial - Other,1,State Highway Agency,2,U.S. Highway,US-SR 9,,0,None,32.43677500,32.43677500,-86.218122220,-86.218122220,0,No Special Jurisdiction,8,Pedestrian,0,Not a Collision with Motor Vehicle In-Transport,0,No,1,Non-Junction,1,Not an Intersection,0,None,,,1,On Roadway,2,Dark - Not Lighted,1,Clear,0,No Additional Atmospheric Conditions,1,Clear,0,No,0000000,Not Applicable,99,Unknown,99,Unknown,5,5:00am-5:59am,45,45,88,"Not Applicable (Not Transported) ",88,Not Applicable (Not Transported),0,None,0,None,0,None,1,0
2015,1,10530,Alabama,2,2,0,0,0,2,2,125,TUSCALOOSA (125),3050,TUSCALOOSA,18,9,September,2015,6,Friday,1,1:00am-1:59am,15,15,1,This section IS ON the NHS,2,Urban,3,Principal Arterial - Other,1,State Highway Agency,2,U.S. Highway,US-SR 6,,0,None,33.22292500,33.22292500,-87.532113890,-87.532113890,0,No Special Jurisdiction,12,"Motor Vehicle In-Transport ",1,"Front-to-Rear ",0,No,1,Non-Junction,1,Not an Intersection,0,None,,,1,On Roadway,3,Dark - Lighted,1,Clear,0,No Additional Atmospheric Conditions,1,Clear,0,No,0000000,Not Applicable,99,Unknown,99,Unknown,1,1:00am-1:59am,19,19,99,Unknown,99,Unknown EMS Hospital Arrival Time,0,None,0,None,0,None,1,1
2015,1,10531,Alabama,1,1,0,0,0,1,1,97,MOBILE (97),3278,WILMER,20,9,September,2015,1,Sunday,22,10:00pm-10:59pm,10,10,0,This section IS NOT on the NHS,1,Rural,5,Major Collector,2,County Highway Agency,4,County Road,CR-WILMER RD,,0,None,30.81350000,30.81350000,-88.360969440,-88.360969440,0,No Special Jurisdiction,42,Tree (Standing Only),0,Not a Collision with Motor Vehicle In-Transport,0,No,1,Non-Junction,1,Not an Intersection,0,None,,,4,On Roadside,2,Dark - Not Lighted,1,Clear,0,No Additional Atmospheric Conditions,1,Clear,0,No,0000000,Not Applicable,99,Unknown,99,Unknown,22,10:00pm-10:59pm,28,28,88,"Not Applicable (Not Transported) ",88,Not Applicable (Not Transported),0,None,0,None,0,None,1,0
2015,1,10532,Alabama,2,2,0,0,0,2,2,49,DEKALB (49),0,NOT APPLICABLE,21,9,September,2015,2,Monday,5,5:00am-5:59am,0,0,0,This section IS NOT on the NHS,1,Rural,4,Minor Arterial,1,State Highway Agency,3,State Highway,SR-75,CR-400,757,757,34.40472778,34.40472778,-85.965122220,-85.965122220,0,No Special Jurisdiction,12,"Motor Vehicle In-Transport ",6,"Angle ",0,No,2,Intersection,2,Four-Way Intersection,0,None,,,1,On Roadway,2,Dark - Not Lighted,10,Cloudy,0,No Additional Atmospheric Conditions,10,Cloudy,0,No,0000000,Not Applicable,99,Unknown,99,Unknown,5,5:00am-5:59am,13,13,88,"Not Applicable (Not Transported) ",88,Not Applicable (Not Transported),0,None,0,None,0,None,1,0
2015,1,10533,Alabama,1,1,0,1,1,1,1,15,CALHOUN (15),0,NOT APPLICABLE,21,9,September,2015,2,Monday,21,9:00pm-9:59pm,55,55,0,This section IS NOT on the NHS,2,Urban,4,Minor Arterial,1,State Highway Agency,3,State Highway,SR-202,,61,61,33.64639444,33.64639444,-85.876569440,-85.876569440,0,No Special Jurisdiction,8,Pedestrian,0,Not a Collision with Motor Vehicle In-Transport,0,No,1,Non-Junction,1,Not an Intersection,0,None,,,1,On Roadway,2,Dark - Not Lighted,1,Clear,0,No Additional Atmospheric Conditions,1,Clear,0,No,0000000,Not Applicable,99,Unknown,99,Unknown,22,10:00pm-10:59pm,5,5,88,"Not Applicable (Not Transported) ",88,Not Applicable (Not Transported),0,None,0,None,0,None,1,0
2015,1,10534,Alabama,2,2,0,0,0,2,2,53,ESCAMBIA (53),0,NOT APPLICABLE,23,9,September,2015,4,Wednesday,5,5:00am-5:59am,44,44,0,This section IS NOT on the NHS,1,Rural,4,Minor Arterial,1,State Highway Agency,3,State Highway,SR-3,,441,441,31.02536944,31.02536944,-87.445127780,-87.445127780,0,No Special Jurisdiction,12,"Motor Vehicle In-Transport ",2,Front-to-Front,0,No,1,Non-Junction,1,Not an Intersection,0,None,,,1,On Roadway,2,Dark - Not Lighted,10,Cloudy,0,No Additional Atmospheric Conditions,10,Cloudy,0,No,0000000,Not Applicable,99,Unknown,99,Unknown,6,6:00am-6:59am,0,0,99,Unknown,99,Unknown EMS Hospital Arrival Time,0,None,0,None,0,None,1,0
2015,1,10535,Alabama,2,2,0,0,0,2,2,107,PICKENS (107),0,NOT APPLICABLE,24,9,September,2015,5,Thursday,9,9:00am-9:59am,10,10,0,This section IS NOT on the NHS,1,Rural,5,Major Collector,1,State Highway Agency,3,State Highway,SR-86,,245,245,33.29154444,33.29154444,-87.929458330,-87.929458330,0,No Special Jurisdiction,12,"Motor Vehicle In-Transport ",2,Front-to-Front,0,No,1,Non-Junction,1,Not an Intersection,0,None,,,1,On Roadway,1,Daylight,1,Clear,0,No Additional Atmospheric Conditions,1,Clear,0,No,0000000,Not Applicable,99,Unknown,99,Unknown,99,Unknown EMS Scene Arrival Hour,99,Unknown EMS Scene Arrival Minutes,88,"Not Applicable (Not Transported) ",88,Not Applicable (Not Transported),0,None,0,None,0,None,1,0
2015,1,10536,Alabama,1,1,0,0,0,3,3,53,ESCAMBIA (53),0,NOT APPLICABLE,25,9,September,2015,6,Friday,4,4:00am-4:59am,45,45,0,This section IS NOT on the NHS,1,Rural,7,Local,1,State Highway Agency,3,State Highway,SR-41,,163,163,31.17381667,31.17381667,-87.161077780,-87.161077780,0,No Special Jurisdiction,1,Rollover/Overturn,0,Not a Collision with Motor Vehicle In-Transport,0,No,1,Non-Junction,1,Not an Intersection,0,None,,,4,On Roadside,2,Dark - Not Lighted,1,Clear,0,No Additional Atmospheric Conditions,1,Clear,0,No,0000000,Not Applicable,99,Unknown,99,Unknown,6,6:00am-6:59am,15,15,99,Unknown,99,Unknown EMS Hospital Arrival Time,0,None,0,None,0,None,1,1
2015,1,10537,Alabama,3,3,0,0,0,4,4,73,JEFFERSON (73),350,BIRMINGHAM,24,9,September,2015,5,Thursday,14,2:00pm-2:59pm,40,40,1,This section IS ON the NHS,2,Urban,1,Interstate,1,State Highway Agency,1,Interstate,I-59,,1235,1235,33.52110278,33.52110278,-86.845030560,-86.845030560,0,No Special Jurisdiction,12,"Motor Vehicle In-Transport ",6,"Angle ",0,No,1,Non-Junction,1,Not an Intersection,0,None,,,1,On Roadway,1,Daylight,1,Clear,0,No Additional Atmospheric Conditions,1,Clear,0,No,0000000,Not Applicable,99,Unknown,99,Unknown,14,2:00pm-2:59pm,48,48,99,Unknown,99,Unknown EMS Hospital Arrival Time,0,None,0,None,0,None,1,0
2015,1,10538,Alabama,2,2,0,0,0,4,4,43,CULLMAN (43),0,NOT APPLICABLE,27,9,September,2015,1,Sunday,1,1:00am-1:59am,0,0,1,This section IS ON the NHS,1,Rural,1,Interstate,1,State Highway Agency,1,Interstate,I-65,,2976,2976,34.02789444,34.02789444,-86.871766670,-86.871766670,0,No Special Jurisdiction,32,Culvert,0,Not a Collision with Motor Vehicle In-Transport,0,No,1,Non-Junction,1,Not an Intersection,0,None,,,3,On Median,2,Dark - Not Lighted,10,Cloudy,0,No Additional Atmospheric Conditions,10,Cloudy,0,No,0000000,Not Applicable,99,Unknown,99,Unknown,1,1:00am-1:59am,30,30,99,Unknown,99,Unknown EMS Hospital Arrival Time,14,"Motor Vehicle struck by falling cargo,or something that came loose from or something that was set in motion by a vehicle",0,None,0,None,1,0
2015,1,10539,Alabama,2,2,0,0,0,3,3,91,MARENGO (91),0,NOT APPLICABLE,27,8,August,2015,5,Thursday,4,4:00am-4:59am,0,0,1,This section IS ON the NHS,1,Rural,3,Principal Arterial - Other,1,State Highway Agency,2,U.S. Highway,US-SR 8,SR-25,496,496,32.46734444,32.46734444,-87.593972220,-87.593972220,0,No Special Jurisdiction,12,"Motor Vehicle In-Transport ",6,"Angle ",0,No,3,"Intersection-Related ",2,Four-Way Intersection,0,None,,,1,On Roadway,2,Dark - Not Lighted,1,Clear,0,No Additional Atmospheric Conditions,1,Clear,0,No,0000000,Not Applicable,99,Unknown,99,Unknown,4,4:00am-4:59am,30,30,99,Unknown,99,Unknown EMS Hospital Arrival Time,0,None,0,None,0,None,1,0
2015,1,10540,Alabama,1,1,0,0,0,1,1,117,SHELBY (117),1716,HOOVER,4,9,September,2015,6,Friday,23,11:00pm-11:59pm,24,24,0,This section IS NOT on the NHS,2,Urban,5,Major Collector,2,County Highway Agency,4,County Road,CR-13,,0,None,33.28007778,33.28007778,-86.898933330,-86.898933330,0,No Special Jurisdiction,1,Rollover/Overturn,0,Not a Collision with Motor Vehicle In-Transport,0,No,1,Non-Junction,1,Not an Intersection,0,None,,,4,On Roadside,2,Dark - Not Lighted,1,Clear,0,No Additional Atmospheric Conditions,1,Clear,0,No,0000000,Not Applicable,99,Unknown,99,Unknown,23,11:00pm-11:59pm,35,35,88,"Not Applicable (Not Transported) ",88,Not Applicable (Not Transported),0,None,0,None,0,None,1,1
2015,1,10541,Alabama,1,1,0,0,0,2,2,79,LAWRENCE (79),0,NOT APPLICABLE,8,9,September,2015,3,Tuesday,5,5:00am-5:59am,55,55,0,This section IS NOT on the NHS,1,Rural,5,Major Collector,1,State Highway Agency,3,State Highway,SR-33,,304,304,34.54526667,34.54526667,-87.280186110,-87.280186110,0,No Special Jurisdiction,42,Tree (Standing Only),0,Not a Collision with Motor Vehicle In-Transport,0,No,1,Non-Junction,1,Not an Intersection,0,None,,,4,On Roadside,4,Dawn,1,Clear,0,No Additional Atmospheric Conditions,1,Clear,0,No,0000000,Not Applicable,99,Unknown,99,Unknown,6,6:00am-6:59am,12,12,88,"Not Applicable (Not Transported) ",88,Not Applicable (Not Transported),0,None,0,None,0,None,2,0
2015,1,10542,Alabama,1,1,0,0,0,1,1,17,CHAMBERS (17),0,NOT APPLICABLE,10,9,September,2015,5,Thursday,16,4:00pm-4:59pm,30,30,0,This section IS NOT on the NHS,1,Rural,7,Local,2,County Highway Agency,4,County Road,CR-187,,0,None,32.81650833,32.81650833,-85.265375000,-85.265375000,0,No Special Jurisdiction,42,Tree (Standing Only),0,Not a Collision with Motor Vehicle In-Transport,0,No,1,Non-Junction,1,Not an Intersection,0,None,,,4,On Roadside,1,Daylight,10,Cloudy,0,No Additional Atmospheric Conditions,10,Cloudy,0,No,0000000,Not Applicable,99,Unknown,99,Unknown,16,4:00pm-4:59pm,44,44,88,"Not Applicable (Not Transported) ",88,Not Applicable (Not Transported),0,None,0,None,0,None,1,1
2015,1,10543,Alabama,1,1,0,1,1,1,1,3,BALDWIN (3),0,NOT APPLICABLE,12,9,September,2015,7,Saturday,21,9:00pm-9:59pm,30,30,0,This section IS NOT on the NHS,2,Urban,4,Minor Arterial,2,County Highway Agency,4,County Road,CR-64,,0,None,30.60379722,30.60379722,-87.842538890,-87.842538890,0,No Special Jurisdiction,8,Pedestrian,0,Not a Collision with Motor Vehicle In-Transport,0,No,1,Non-Junction,1,Not an Intersection,0,None,,,4,On Roadside,1,Daylight,1,Clear,0,No Additional Atmospheric Conditions,1,Clear,0,No,0000000,Not Applicable,88,Not Applicable (Not Notified),88,Not Applicable (Not Notified),88,"Not Applicable ",88,Not Applicable,88,"Not Applicable (Not Transported) ",88,Not Applicable (Not Transported),0,None,0,None,0,None,1,0
2015,1,10544,Alabama,2,2,0,0,0,2,2,15,CALHOUN (15),100,ANNISTON,14,9,September,2015,2,Monday,18,6:00pm-6:59pm,38,38,1,This section IS ON the NHS,2,Urban,3,Principal Arterial - Other,1,State Highway Agency,2,U.S. Highway,US-SR 1,J ST,0,None,33.63628056,33.63628056,-85.825416670,-85.825416670,0,No Special Jurisdiction,12,"Motor Vehicle In-Transport ",6,"Angle ",0,No,8,Driveway Access Related,1,Not an Intersection,0,None,,,1,On Roadway,1,Daylight,1,Clear,0,No Additional Atmospheric Conditions,1,Clear,0,No,0000000,Not Applicable,99,Unknown,99,Unknown,18,6:00pm-6:59pm,46,46,99,Unknown,99,Unknown EMS Hospital Arrival Time,0,None,0,None,0,None,1,0
2015,1,10545,Alabama,2,2,0,0,0,2,2,133,WINSTON (133),0,NOT APPLICABLE,21,9,September,2015,2,Monday,13,1:00pm-1:59pm,50,50,0,This section IS NOT on the NHS,1,Rural,5,Major Collector,1,State Highway Agency,3,State Highway,SR-195,,348,348,34.26613333,34.26613333,-87.516122220,-87.516122220,0,No Special Jurisdiction,12,"Motor Vehicle In-Transport ",2,Front-to-Front,0,No,1,Non-Junction,1,Not an Intersection,0,None,,,1,On Roadway,1,Daylight,1,Clear,0,No Additional Atmospheric Conditions,1,Clear,0,No,0000000,Not Applicable,99,Unknown,99,Unknown,99,Unknown EMS Scene Arrival Hour,99,Unknown EMS Scene Arrival Minutes,99,Unknown,99,Unknown EMS Hospital Arrival Time,0,None,0,None,0,None,1,0
2015,1,10546,Alabama,2,2,0,0,0,2,2,79,LAWRENCE (79),0,NOT APPLICABLE,23,9,September,2015,4,Wednesday,7,7:00am-7:59am,5,5,1,This section IS ON the NHS,1,Rural,3,Principal Arterial - Other,1,State Highway Agency,3,State Highway,SR-157,,274,274,34.40231944,34.40231944,-87.135388890,-87.135388890,0,No Special Jurisdiction,12,"Motor Vehicle In-Transport ",1,"Front-to-Rear ",0,No,1,Non-Junction,1,Not an Intersection,0,None,,,1,On Roadway,1,Daylight,1,Clear,0,No Additional Atmospheric Conditions,1,Clear,1,Yes,0000000,Not Applicable,99,Unknown,99,Unknown,99,Unknown EMS Scene Arrival Hour,99,Unknown EMS Scene Arrival Minutes,88,"Not Applicable (Not Transported) ",88,Not Applicable (Not Transported),0,None,0,None,0,None,1,0
2015,1,10547,Alabama,1,1,0,1,1,1,1,97,MOBILE (97),2100,MOBILE,23,9,September,2015,4,Wednesday,19,7:00pm-7:59pm,15,15,0,This section IS NOT on the NHS,2,Urban,4,Minor Arterial,4,City or Municipal Highway Agency,6,Local Street - Municipality,COTTAGE HILL RD,,0,None,30.64865833,30.64865833,-88.160422220,-88.160422220,0,No Special Jurisdiction,8,Pedestrian,0,Not a Collision with Motor Vehicle In-Transport,0,No,1,Non-Junction,1,Not an Intersection,0,None,,,1,On Roadway,3,Dark - Lighted,1,Clear,0,No Additional Atmospheric Conditions,1,Clear,0,No,0000000,Not Applicable,99,Unknown,99,Unknown,19,7:00pm-7:59pm,19,19,99,Unknown,99,Unknown EMS Hospital Arrival Time,0,None,0,None,0,None,1,0
2015,1,10548,Alabama,2,2,0,0,0,2,2,73,JEFFERSON (73),350,BIRMINGHAM,24,9,September,2015,5,Thursday,11,11:00am-11:59am,9,9,0,This section IS NOT on the NHS,2,Urban,4,Minor Arterial,4,City or Municipal Highway Agency,6,Local Street - Municipality,RICHARD ARRINGTON JR BLVD,47TH ST N,0,None,33.54351111,33.54351111,-86.765755560,-86.765755560,0,No Special Jurisdiction,12,"Motor Vehicle In-Transport ",2,Front-to-Front,0,No,3,"Intersection-Related ",2,Four-Way Intersection,0,None,,,1,On Roadway,1,Daylight,1,Clear,0,No Additional Atmospheric Conditions,1,Clear,0,No,0000000,Not Applicable,99,Unknown,99,Unknown,11,11:00am-11:59am,9,9,99,Unknown,99,Unknown EMS Hospital Arrival Time,0,None,0,None,0,None,1,0
2015,1,10549,Alabama,4,4,0,0,0,6,6,57,FAYETTE (57),0,NOT APPLICABLE,24,9,September,2015,5,Thursday,11,11:00am-11:59am,15,15,1,This section IS ON the NHS,1,Rural,3,Principal Arterial - Other,1,State Highway Agency,3,State Highway,SR-13,,2324,2324,33.71455556,33.71455556,-87.646294440,-87.646294440,0,No Special Jurisdiction,12,"Motor Vehicle In-Transport ",1,"Front-to-Rear ",0,No,1,Non-Junction,1,Not an Intersection,1,Construction,,,1,On Roadway,1,Daylight,1,Clear,0,No Additional Atmospheric Conditions,1,Clear,0,No,0000000,Not Applicable,99,Unknown,99,Unknown,11,11:00am-11:59am,30,30,99,Unknown,99,Unknown EMS Hospital Arrival Time,0,None,0,None,0,None,1,0
2015,1,10550,Alabama,1,1,0,1,1,1,1,125,TUSCALOOSA (125),0,NOT APPLICABLE,26,9,September,2015,7,Saturday,4,4:00am-4:59am,42,42,0,This section IS NOT on the NHS,2,Urban,4,Minor Arterial,1,State Highway Agency,2,U.S. Highway,US-SR 7,,728,728,33.16198056,33.16198056,-87.626288890,-87.626288890,0,No Special Jurisdiction,8,Pedestrian,0,Not a Collision with Motor Vehicle In-Transport,0,No,1,Non-Junction,1,Not an Intersection,0,None,,,1,On Roadway,2,Dark - Not Lighted,5,"Fog, Smog, Smoke",0,No Additional Atmospheric Conditions,5,"Fog, Smog, Smoke",0,No,0000000,Not Applicable,99,Unknown,99,Unknown,4,4:00am-4:59am,56,56,88,"Not Applicable (Not Transported) ",88,Not Applicable (Not Transported),0,None,0,None,0,None,1,0
2015,1,10551,Alabama,1,1,0,0,0,1,1,1,AUTAUGA (1),0,NOT APPLICABLE,26,9,September,2015,7,Saturday,19,7:00pm-7:59pm,20,20,0,This section IS NOT on the NHS,1,Rural,4,Minor Arterial,1,State Highway Agency,2,U.S. Highway,US-SR 3,,2010,2010,32.60963611,32.60963611,-86.472258330,-86.472258330,0,No Special Jurisdiction,35,Embankment,0,Not a Collision with Motor Vehicle In-Transport,0,No,1,Non-Junction,1,Not an Intersection,0,None,,,4,On Roadside,2,Dark - Not Lighted,1,Clear,0,No Additional Atmospheric Conditions,1,Clear,0,No,0000000,Not Applicable,99,Unknown,99,Unknown,19,7:00pm-7:59pm,45,45,99,Unknown,99,Unknown EMS Hospital Arrival Time,0,None,0,None,0,None,1,0
2015,1,10552,Alabama,1,1,0,1,1,2,2,41,CRENSHAW (41),1950,LUVERNE,26,9,September,2015,7,Saturday,20,8:00pm-8:59pm,5,5,1,This section IS ON the NHS,1,Rural,3,Principal Arterial - Other,1,State Highway Agency,2,U.S. Highway,US-SR 9,,0,None,31.69662222,31.69662222,-86.266208330,-86.266208330,0,No Special Jurisdiction,8,Pedestrian,0,Not a Collision with Motor Vehicle In-Transport,0,No,1,Non-Junction,1,Not an Intersection,0,None,,,1,On Roadway,3,Dark - Lighted,1,Clear,0,No Additional Atmospheric Conditions,1,Clear,0,No,0000000,Not Applicable,99,Unknown,99,Unknown,20,8:00pm-8:59pm,9,9,99,Unknown,99,Unknown EMS Hospital Arrival Time,0,None,0,None,0,None,1,0