caseyear,state,st_case,statename,ve_total,ve_forms,pvh_invl,peds,pernotmvit,permvit,persons,county,countyname,city,cityname,day,month,monthname,year,day_week,day_weekname,hour,hourname,minute,minutename,nhs,nhsname,rur_urb,rur_urbname,func_sys,func_sysname,rd_owner,rd_ownername,route,routename,tway_id,tway_id2,milept,mileptname,latitude,latitudename,longitud,longitudname,sp_jur,sp_jurname,harm_ev,harm_evname,man_coll,man_collname,reljct1,reljct1name,reljct2,reljct2name,typ_int,typ_intname,wrk_zone,wrk_zonename,road_fnc,road_fncname,rel_road,rel_roadname,lgt_cond,lgt_condname,weather1,weather1name,weather2,weather2name,weather,weathername,sch_bus,sch_busname,rail,railname,not_hour,not_hourname,not_min,not_minname,arr_hour,arr_hourname,arr_min,arr_minname,hosp_hr,hosp_hrname,hosp_mn,hosp_mnname,cf1,cf1name,cf2,cf2name,cf3,cf3name,fatals,drunk_dr
2015,1,10622,Alabama,1,1,0,1,1,1,1,87,MACON (87),0,NOT APPLICABLE,26,10,October,2015,2,Monday,6,6:00am-6:59am,21,21,0,This section IS NOT on the NHS,1,Rural,5,Major Collector,2,County Highway Agency,4,County Road,CR-2,,0,None,32.24070000,32.24070000,-85.663386110,-85.663386110,0,No Special Jurisdiction,8,Pedestrian,0,Not a Collision with Motor Vehicle In-Transport,0,No,1,Non-Junction,1,Not an Intersection,0,None,,,1,On Roadway,2,Dark - Not Lighted,10,Cloudy,0,No Additional Atmospheric Conditions,10,Cloudy,1,Yes,0000000,Not Applicable,99,Unknown,99,Unknown,6,6:00am-6:59am,47,47,88,"Not Applicable (Not Transported) ",88,Not Applicable (Not Transported),0,None,0,None,0,None,1,0
2015,1,10623,Alabama,3,3,0,0,0,3,3,97,MOBILE (97),0,NOT APPLICABLE,28,10,October,2015,4,Wednesday,8,8:00am-8:59am,35,35,1,This section IS ON the NHS,1,Rural,3,Principal Arterial - Other,1,State Highway Agency,2,U.S. Highway,US-SR 42,,26,26,30.83581111,30.83581111,-88.391411110,-88.391411110,0,No Special Jurisdiction,12,"Motor Vehicle In-Transport ",6,"Angle ",0,No,1,Non-Junction,1,Not an Intersection,0,None,,,1,On Roadway,1,Daylight,1,Clear,0,No Additional Atmospheric Conditions,1,Clear,0,No,0000000,Not Applicable,99,Unknown,99,Unknown,8,8:00am-8:59am,56,56,88,"Not Applicable (Not Transported) ",88,Not Applicable (Not Transported),0,None,0,None,0,None,1,0
2015,1,10624,Alabama,1,1,0,0,0,1,1,95,MARSHALL (95),0,NOT APPLICABLE,1,11,November,2015,1,Sunday,17,5:00pm-5:59pm,10,10,0,This section IS NOT on the NHS,1,Rural,7,Local,2,County Highway Agency,4,County Road,CR-MCDERMONT RD,,0,None,34.44285278,34.44285278,-86.476488890,-86.476488890,0,No Special Jurisdiction,53,Mail Box,0,Not a Collision with Motor Vehicle In-Transport,0,No,1,Non-Junction,1,Not an Intersection,0,None,,,5,Outside Trafficway,2,Dark - Not Lighted,5,"Fog, Smog, Smoke",0,No Additional Atmospheric Conditions,5,"Fog, Smog, Smoke",0,No,0000000,Not Applicable,99,Unknown,99,Unknown,17,5:00pm-5:59pm,22,22,88,"Not Applicable (Not Transported) ",88,Not Applicable (Not Transported),0,None,0,None,0,None,1,1
2015,1,10625,Alabama,1,1,0,0,0,2,2,15,CALHOUN (15),0,NOT APPLICABLE,1,11,November,2015,1,Sunday,2,2:00am-2:59am,0,0,0,This section IS NOT on the NHS,1,Rural,7,Local,2,County Highway Agency,4,County Road,CR-GILBERT'S FERRY RD,,0,None,33.87718611,33.87718611,-85.945633330,-85.945633330,0,No Special Jurisdiction,52,Guardrail End,0,Not a Collision with Motor Vehicle In-Transport,0,No,1,Non-Junction,1,Not an Intersection,0,None,,,4,On Roadside,2,Dark - Not Lighted,2,Rain,0,No Additional Atmospheric Conditions,2,Rain,0,No,0000000,Not Applicable,2,2:00am-2:59am,16,16,2,2:00am-2:59am,31,31,3,3:00am-3:59am,23,23,0,None,0,None,0,None,1,1
2015,1,10626,Alabama,2,2,0,0,0,2,2,33,COLBERT (33),2190,MUSCLE SHOALS,4,11,November,2015,4,Wednesday,20,8:00pm-8:59pm,7,7,0,This section IS NOT on the NHS,2,Urban,4,Minor Arterial,4,City or Municipal Highway Agency,6,Local Street - Municipality,AVALON AVE,GUSMUS AVE,0,None,34.74459167,34.74459167,-87.656744440,-87.656744440,0,No Special Jurisdiction,12,"Motor Vehicle In-Transport ",6,"Angle ",0,No,2,Intersection,2,Four-Way Intersection,0,None,,,1,On Roadway,3,Dark - Lighted,1,Clear,0,No Additional Atmospheric Conditions,1,Clear,0,No,0000000,Not Applicable,20,8:00pm-8:59pm,8,8,20,8:00pm-8:59pm,8,8,20,8:00pm-8:59pm,22,22,0,None,0,None,0,None,1,0
2015,1,10627,Alabama,1,1,0,0,0,1,1,73,JEFFERSON (73),330,BESSEMER,6,11,November,2015,6,Friday,13,1:00pm-1:59pm,55,55,0,This section IS NOT on the NHS,1,Rural,7,Local,4,City or Municipal Highway Agency,6,Local Street - Municipality,32ND ST,,0,None,33.41503056,33.41503056,-86.938800000,-86.938800000,0,No Special Jurisdiction,10,Railway Vehicle,0,Not a Collision with Motor Vehicle In-Transport,0,No,6,"Railway Grade Crossing ",1,Not an Intersection,0,None,,,1,On Roadway,1,Daylight,1,Clear,0,No Additional Atmospheric Conditions,1,Clear,0,No,725393P,725393P,13,1:00pm-1:59pm,58,58,14,2:00pm-2:59pm,4,4,88,"Not Applicable (Not Transported) ",88,Not Applicable (Not Transported),0,None,0,None,0,None,1,0
2015,1,10628,Alabama,2,2,0,0,0,3,3,15,CALHOUN (15),0,NOT APPLICABLE,6,11,November,2015,6,Friday,14,2:00pm-2:59pm,10,10,0,This section IS NOT on the NHS,1,Rural,4,Minor Arterial,1,State Highway Agency,3,State Highway,SR-204,,9,9,33.85582778,33.85582778,-85.900613890,-85.900613890,0,No Special Jurisdiction,34,Ditch,0,Not a Collision with Motor Vehicle In-Transport,0,No,1,Non-Junction,1,Not an Intersection,0,None,,,4,On Roadside,1,Daylight,10,Cloudy,0,No Additional Atmospheric Conditions,10,Cloudy,0,No,0000000,Not Applicable,99,Unknown,99,Unknown,14,2:00pm-2:59pm,30,30,99,Unknown,99,Unknown EMS Hospital Arrival Time,0,None,0,None,0,None,1,0
2015,1,10629,Alabama,2,2,0,1,1,2,2,97,MOBILE (97),2100,MOBILE,7,11,November,2015,7,Saturday,17,5:00pm-5:59pm,50,50,1,This section IS ON the NHS,1,Rural,3,Principal Arterial - Other,1,State Highway Agency,2,U.S. Highway,US-SR 42,,258,258,30.69184167,30.69184167,-88.062172220,-88.062172220,0,No Special Jurisdiction,8,Pedestrian,0,Not a Collision with Motor Vehicle In-Transport,0,No,1,Non-Junction,1,Not an Intersection,0,None,,,1,On Roadway,2,Dark - Not Lighted,2,Rain,0,No Additional Atmospheric Conditions,2,Rain,0,No,0000000,Not Applicable,99,Unknown,99,Unknown,17,5:00pm-5:59pm,56,56,99,Unknown,99,Unknown EMS Hospital Arrival Time,14,"Motor Vehicle struck by falling cargo,or something that came loose from or something that was set in motion by a vehicle",0,None,0,None,1,0
2015,1,10630,Alabama,1,1,0,0,0,1,1,25,CLARKE (25),1760,JACKSON,8,11,November,2015,1,Sunday,2,2:00am-2:59am,8,8,0,This section IS NOT on the NHS,1,Rural,4,Minor Arterial,1,State Highway Agency,3,State Highway,SR-177,MAYTON DR,40,40,31.52877222,31.52877222,-87.892230560,-87.892230560,0,No Special Jurisdiction,30,Utility Pole/Light Support,0,Not a Collision with Motor Vehicle In-Transport,0,No,3,"Intersection-Related ",3,T-Intersection,0,None,,,4,On Roadside,3,Dark - Lighted,2,Rain,0,No Additional Atmospheric Conditions,2,Rain,0,No,0000000,Not Applicable,99,Unknown,99,Unknown,2,2:00am-2:59am,12,12,99,Unknown,99,Unknown EMS Hospital Arrival Time,20,Police Pursuit Involved,0,None,0,None,1,1
2015,1,10631,Alabama,2,2,0,0,0,4,4,7,BIBB (7),620,CENTREVILLE,12,11,November,2015,5,Thursday,14,2:00pm-2:59pm,57,57,1,This section IS ON the NHS,1,Rural,3,Principal Arterial - Other,1,State Highway Agency,2,U.S. Highway,US-SR 6,BIRMINGHAM RD,829,829,32.95847778,32.95847778,-87.147497220,-87.147497220,0,No Special Jurisdiction,12,"Motor Vehicle In-Transport ",6,"Angle ",0,No,2,Intersection,2,Four-Way Intersection,0,None,,,1,On Roadway,1,Daylight,1,Clear,0,No Additional Atmospheric Conditions,1,Clear,0,No,0000000,Not Applicable,99,Unknown,99,Unknown,15,3:00pm-3:59pm,12,12,99,Unknown,99,Unknown EMS Hospital Arrival Time,0,None,0,None,0,None,1,0
2015,1,10632,Alabama,1,1,0,0,0,4,4,47,DALLAS (47),0,NOT APPLICABLE,12,11,November,2015,5,Thursday,16,4:00pm-4:59pm,35,35,1,This section IS ON the NHS,1,Rural,4,Minor Arterial,1,State Highway Agency,3,State Highway,SR-8,,783,783,32.43791944,32.43791944,-87.111347220,-87.111347220,0,No Special Jurisdiction,1,Rollover/Overturn,0,Not a Collision with Motor Vehicle In-Transport,0,No,1,Non-Junction,1,Not an Intersection,0,None,,,3,On Median,5,Dusk,10,Cloudy,0,No Additional Atmospheric Conditions,10,Cloudy,0,No,0000000,Not Applicable,16,4:00pm-4:59pm,35,35,16,4:00pm-4:59pm,45,45,17,5:00pm-5:59pm,3,3,0,None,0,None,0,None,1,0
2015,1,10633,Alabama,1,1,0,0,0,1,1,89,MADISON (89),0,NOT APPLICABLE,13,11,November,2015,6,Friday,21,9:00pm-9:59pm,30,30,0,This section IS NOT on the NHS,1,Rural,7,Local,2,County Highway Agency,4,County Road,CR-JB WALKER RD,,0,None,34.98236667,34.98236667,-86.425463890,-86.425463890,0,No Special Jurisdiction,1,Rollover/Overturn,0,Not a Collision with Motor Vehicle In-Transport,0,No,1,Non-Junction,1,Not an Intersection,0,None,,,4,On Roadside,2,Dark - Not Lighted,1,Clear,0,No Additional Atmospheric Conditions,1,Clear,0,No,0000000,Not Applicable,21,9:00pm-9:59pm,31,31,21,9:00pm-9:59pm,50,50,22,10:00pm-10:59pm,50,50,0,None,0,None,0,None,1,1
2015,1,10634,Alabama,1,1,0,0,0,1,1,57,FAYETTE (57),0,NOT APPLICABLE,14,11,November,2015,7,Saturday,18,6:00pm-6:59pm,30,30,0,This section IS NOT on the NHS,1,Rural,4,Minor Arterial,1,State Highway Agency,3,State Highway,SR-102,,140,140,33.80720278,33.80720278,-87.592230560,-87.592230560,0,No Special Jurisdiction,34,Ditch,0,Not a Collision with Motor Vehicle In-Transport,0,No,1,Non-Junction,1,Not an Intersection,0,None,,,4,On Roadside,2,Dark - Not Lighted,10,Cloudy,0,No Additional Atmospheric Conditions,10,Cloudy,0,No,0000000,Not Applicable,88,Not Applicable (Not Notified),88,Not Applicable (Not Notified),88,"Not Applicable ",88,Not Applicable,88,"Not Applicable (Not Transported) ",88,Not Applicable (Not Transported),0,None,0,None,0,None,1,0
2015,1,10635,Alabama,2,2,0,0,0,5,5,97,MOBILE (97),0,NOT APPLICABLE,14,11,November,2015,7,Saturday,20,8:00pm-8:59pm,20,20,1,This section IS ON the NHS,1,Rural,3,Principal Arterial - Other,1,State Highway Agency,2,U.S. Highway,US-SR 17,,176,176,30.90272500,30.90272500,-88.201483330,-88.201483330,0,No Special Jurisdiction,12,"Motor Vehicle In-Transport ",6,"Angle ",0,No,1,Non-Junction,1,Not an Intersection,0,None,,,1,On Roadway,2,Dark - Not Lighted,1,Clear,0,No Additional Atmospheric Conditions,1,Clear,0,No,0000000,Not Applicable,99,Unknown,99,Unknown,99,Unknown EMS Scene Arrival Hour,99,Unknown EMS Scene Arrival Minutes,99,Unknown,99,Unknown EMS Hospital Arrival Time,0,None,0,None,0,None,1,1
2015,1,10636,Alabama,2,2,0,0,0,4,4,95,MARSHALL (95),1430,GRANT,15,11,November,2015,1,Sunday,10,10:00am-10:59am,3,3,0,This section IS NOT on the NHS,1,Rural,5,Major Collector,2,County Highway Agency,4,County Road,CR-MAIN AVE,JOHN SUTTON,0,None,34.51198333,34.51198333,-86.260325000,-86.260325000,0,No Special Jurisdiction,12,"Motor Vehicle In-Transport ",2,Front-to-Front,0,No,1,Non-Junction,1,Not an Intersection,0,None,,,1,On Roadway,1,Daylight,1,Clear,0,No Additional Atmospheric Conditions,1,Clear,0,No,0000000,Not Applicable,99,Unknown,99,Unknown,10,10:00am-10:59am,8,8,99,Unknown,99,Unknown EMS Hospital Arrival Time,0,None,0,None,0,None,1,1
2015,1,10637,Alabama,1,1,0,0,0,1,1,13,BUTLER (13),0,NOT APPLICABLE,15,11,November,2015,1,Sunday,1,1:00am-1:59am,20,20,0,This section IS NOT on the NHS,1,Rural,7,Local,2,County Highway Agency,4,County Road,CR-17,,0,None,31.68781389,31.68781389,-86.800372220,-86.800372220,0,No Special Jurisdiction,42,Tree (Standing Only),0,Not a Collision with Motor Vehicle In-Transport,0,No,1,Non-Junction,1,Not an Intersection,0,None,,,4,On Roadside,2,Dark - Not Lighted,1,Clear,0,No Additional Atmospheric Conditions,1,Clear,0,No,0000000,Not Applicable,99,Unknown,99,Unknown,2,2:00am-2:59am,0,0,88,"Not Applicable (Not Transported) ",88,Not Applicable (Not Transported),0,None,0,None,0,None,1,1
2015,1,10638,Alabama,1,1,0,0,0,1,1,71,JACKSON (71),2720,SCOTTSBORO,28,11,November,2015,7,Saturday,18,6:00pm-6:59pm,28,28,0,This section IS NOT on the NHS,1,Rural,7,Local,4,City or Municipal Highway Agency,6,Local Street - Municipality,GOOSEPOND DR,,0,None,34.59913056,34.59913056,-86.065575000,-86.065575000,0,No Special Jurisdiction,42,Tree (Standing Only),0,Not a Collision with Motor Vehicle In-Transport,0,No,1,Non-Junction,1,Not an Intersection,0,None,,,4,On Roadside,2,Dark - Not Lighted,1,Clear,0,No Additional Atmospheric Conditions,1,Clear,0,No,0000000,Not Applicable,18,6:00pm-6:59pm,30,30,18,6:00pm-6:59pm,36,36,88,"Not Applicable (Not Transported) ",88,Not Applicable (Not Transported),0,None,0,None,0,None,1,0
2015,1,10639,Alabama,1,1,0,1,1,2,2,97,MOBILE (97),0,NOT APPLICABLE,18,11,November,2015,4,Wednesday,18,6:00pm-6:59pm,30,30,1,This section IS ON the NHS,1,Rural,3,Principal Arterial - Other,2,County Highway Agency,4,County Road,CR-BLACKWELL NURSERY RD,,0,None,30.79058611,30.79058611,-88.301736110,-88.301736110,0,No Special Jurisdiction,8,Pedestrian,0,Not a Collision with Motor Vehicle In-Transport,0,No,1,Non-Junction,1,Not an Intersection,0,None,,,1,On Roadway,2,Dark - Not Lighted,10,Cloudy,0,No Additional Atmospheric Conditions,10,Cloudy,0,No,0000000,Not Applicable,18,6:00pm-6:59pm,25,25,18,6:00pm-6:59pm,30,30,19,7:00pm-7:59pm,7,7,0,None,0,None,0,None,1,0
2015,1,10640,Alabama,2,2,0,0,0,2,2,19,CHEROKEE (19),0,NOT APPLICABLE,19,11,November,2015,5,Thursday,9,9:00am-9:59am,0,0,0,This section IS NOT on the NHS,1,Rural,4,Minor Arterial,1,State Highway Agency,2,U.S. Highway,US-SR 25,,2498,2498,34.10524167,34.10524167,-85.548258330,-85.548258330,0,No Special Jurisdiction,12,"Motor Vehicle In-Transport ",6,"Angle ",0,No,8,Driveway Access Related,1,Not an Intersection,0,None,,,1,On Roadway,1,Daylight,1,Clear,0,No Additional Atmospheric Conditions,1,Clear,0,No,0000000,Not Applicable,99,Unknown,99,Unknown,9,9:00am-9:59am,0,0,88,"Not Applicable (Not Transported) ",88,Not Applicable (Not Transported),0,None,0,None,0,None,1,0
2015,1,10641,Alabama,1,1,0,0,0,2,2,5,BARBOUR (5),1050,EUFAULA,20,11,November,2015,6,Friday,21,9:00pm-9:59pm,8,8,0,This section IS NOT on the NHS,2,Urban,4,Minor Arterial,1,State Highway Agency,3,State Highway,SR-30,,140,140,31.87639167,31.87639167,-85.246227780,-85.246227780,0,No Special Jurisdiction,42,Tree (Standing Only),0,Not a Collision with Motor Vehicle In-Transport,0,No,1,Non-Junction,1,Not an Intersection,0,None,,,4,On Roadside,2,Dark - Not Lighted,1,Clear,0,No Additional Atmospheric Conditions,1,Clear,0,No,0000000,Not Applicable,99,Unknown,99,Unknown,21,9:00pm-9:59pm,13,13,99,Unknown,99,Unknown EMS Hospital Arrival Time,0,None,0,None,0,None,1,0
2015,1,10642,Alabama,1,1,0,0,0,1,1,63,GREENE (63),0,NOT APPLICABLE,20,11,November,2015,6,Friday,0,0:00am-0:59am,45,45,0,This section IS NOT on the NHS,1,Rural,5,Major Collector,2,County Highway Agency,4,County Road,CR-156,,0,None,33.12280833,33.12280833,-87.885697220,-87.885697220,0,No Special Jurisdiction,42,Tree (Standing Only),0,Not a Collision with Motor Vehicle In-Transport,0,No,1,Non-Junction,1,Not an Intersection,0,None,,,4,On Roadside,2,Dark - Not Lighted,1,Clear,0,No Additional Atmospheric Conditions,1,Clear,0,No,0000000,Not Applicable,99,Unknown,99,Unknown,1,1:00am-1:59am,7,7,88,"Not Applicable (Not Transported) ",88,Not Applicable (Not Transported),0,None,0,None,0,None,1,1
2015,1,10643,Alabama,1,1,0,0,0,1,1,3,BALDWIN (3),1120,FAIRHOPE,20,11,November,2015,6,Friday,0,0:00am-0:59am,58,58,0,This section IS NOT on the NHS,2,Urban,4,Minor Arterial,4,City or Municipal Highway Agency,6,Local Street - Municipality,NICHOLS AVE,S MOBILE ST,0,None,30.51916111,30.51916111,-87.913883330,-87.913883330,0,No Special Jurisdiction,42,Tree (Standing Only),0,Not a Collision with Motor Vehicle In-Transport,0,No,3,"Intersection-Related ",3,T-Intersection,0,None,,,4,On Roadside,3,Dark - Lighted,1,Clear,0,No Additional Atmospheric Conditions,1,Clear,0,No,0000000,Not Applicable,99,Unknown,99,Unknown,1,1:00am-1:59am,10,10,88,"Not Applicable (Not Transported) ",88,Not Applicable (Not Transported),0,None,0,None,0,None,1,1
2015,1,10644,Alabama,1,1,0,0,0,2,2,43,CULLMAN (43),0,NOT APPLICABLE,23,11,November,2015,2,Monday,21,9:00pm-9:59pm,50,50,1,This section IS ON the NHS,1,Rural,5,Major Collector,1,State Highway Agency,2,U.S. Highway,US-SR 3,,3212,3212,34.10525000,34.10525000,-86.806813890,-86.806813890,0,No Special Jurisdiction,32,Culvert,0,Not a Collision with Motor Vehicle In-Transport,0,No,1,Non-Junction,1,Not an Intersection,0,None,,,4,On Roadside,3,Dark - Lighted,1,Clear,0,No Additional Atmospheric Conditions,1,Clear,0,No,0000000,Not Applicable,99,Unknown,99,Unknown,22,10:00pm-10:59pm,9,9,99,Unknown,99,Unknown EMS Hospital Arrival Time,0,None,0,None,0,None,2,1
2015,1,10645,Alabama,2,2,0,0,0,5,5,79,LAWRENCE (79),0,NOT APPLICABLE,23,11,November,2015,2,Monday,7,7:00am-7:59am,20,20,0,This section IS NOT on the NHS,1,Rural,4,Minor Arterial,1,State Highway Agency,3,State Highway,SR-36,CR-203,86,86,34.41612500,34.41612500,-87.148744440,-87.148744440,0,No Special Jurisdiction,12,"Motor Vehicle In-Transport ",2,Front-to-Front,0,No,2,Intersection,2,Four-Way Intersection,0,None,,,1,On Roadway,1,Daylight,1,Clear,0,No Additional Atmospheric Conditions,1,Clear,0,No,0000000,Not Applicable,7,7:00am-7:59am,23,23,7,7:00am-7:59am,30,30,8,8:00am-8:59am,4,4,0,None,0,None,0,None,1,0
2015,1,10646,Alabama,1,1,0,0,0,1,1,121,TALLADEGA (121),0,NOT APPLICABLE,27,11,November,2015,6,Friday,7,7:00am-7:59am,55,55,1,This section IS ON the NHS,1,Rural,4,Minor Arterial,1,State Highway Agency,3,State Highway,SR-21,,2352,2352,33.46875556,33.46875556,-86.034377780,-86.034377780,0,No Special Jurisdiction,1,Rollover/Overturn,0,Not a Collision with Motor Vehicle In-Transport,0,No,1,Non-Junction,1,Not an Intersection,0,None,,,3,On Median,1,Daylight,1,Clear,0,No Additional Atmospheric Conditions,1,Clear,0,No,0000000,Not Applicable,99,Unknown,99,Unknown,8,8:00am-8:59am,5,5,88,"Not Applicable (Not Transported) ",88,Not Applicable (Not Transported),0,None,0,None,0,None,1,0
2015,1,10647,Alabama,2,2,0,1,1,2,2,97,MOBILE (97),2550,PRICHARD,27,11,November,2015,6,Friday,17,5:00pm-5:59pm,42,42,1,This section IS ON the NHS,1,Rural,3,Principal Arterial - Other,4,City or Municipal Highway Agency,6,Local Street - Municipality,ST STEPHENS RD,ELBA AVE,0,None,30.74911389,30.74911389,-88.113902780,-88.113902780,0,No Special Jurisdiction,8,Pedestrian,0,Not a Collision with Motor Vehicle In-Transport,0,No,3,"Intersection-Related ",3,T-Intersection,0,None,,,1,On Roadway,3,Dark - Lighted,1,Clear,0,No Additional Atmospheric Conditions,1,Clear,0,No,0000000,Not Applicable,99,Unknown,99,Unknown,17,5:00pm-5:59pm,45,45,99,Unknown,99,Unknown EMS Hospital Arrival Time,0,None,0,None,0,None,1,0
2015,1,10648,Alabama,1,1,0,0,0,5,5,83,LIMESTONE (83),0,NOT APPLICABLE,28,11,November,2015,7,Saturday,6,6:00am-6:59am,20,20,1,This section IS ON the NHS,1,Rural,3,Principal Arterial - Other,1,State Highway Agency,2,U.S. Highway,US-SR 2,,686,686,34.79038611,34.79038611,-87.080772220,-87.080772220,0,No Special Jurisdiction,34,Ditch,0,Not a Collision with Motor Vehicle In-Transport,0,No,1,Non-Junction,1,Not an Intersection,0,None,,,4,On Roadside,1,Daylight,1,Clear,0,No Additional Atmospheric Conditions,1,Clear,0,No,0000000,Not Applicable,6,6:00am-6:59am,30,30,6,6:00am-6:59am,37,37,7,7:00am-7:59am,36,36,0,None,0,None,0,None,1,0
2015,1,10649,Alabama,2,1,1,0,1,1,2,87,MACON (87),0,NOT APPLICABLE,27,11,November,2015,6,Friday,12,12:00pm-12:59pm,15,15,1,This section IS ON the NHS,1,Rural,1,Interstate,1,State Highway Agency,1,Interstate,I-85,,410,410,32.47881389,32.47881389,-85.654225000,-85.654225000,0,No Special Jurisdiction,14,"Parked Motor Vehicle ",0,Not a Collision with Motor Vehicle In-Transport,0,No,1,Non-Junction,1,Not an Intersection,0,None,,,2,On Shoulder,1,Daylight,1,Clear,0,No Additional Atmospheric Conditions,1,Clear,0,No,0000000,Not Applicable,99,Unknown,99,Unknown,12,12:00pm-12:59pm,35,35,99,Unknown,99,Unknown EMS Hospital Arrival Time,0,None,0,None,0,None,1,0
2015,1,10650,Alabama,3,3,0,0,0,4,4,115,ST. CLAIR (115),0,NOT APPLICABLE,12,12,December,2015,7,Saturday,1,1:00am-1:59am,40,40,1,This section IS ON the NHS,1,Rural,1,Interstate,1,State Highway Agency,1,Interstate,I-20,,1581,1581,33.60380833,33.60380833,-86.297272220,-86.297272220,0,No Special Jurisdiction,12,"Motor Vehicle In-Transport ",1,"Front-to-Rear ",0,No,1,Non-Junction,1,Not an Intersection,0,None,,,1,On Roadway,2,Dark - Not Lighted,1,Clear,0,No Additional Atmospheric Conditions,1,Clear,0,No,0000000,Not Applicable,99,Unknown,99,Unknown,1,1:00am-1:59am,55,55,99,Unknown,99,Unknown EMS Hospital Arrival Time,0,None,0,None,0,None,1,1
2015,1,10651,Alabama,2,2,0,0,0,3,3,49,DEKALB (49),0,NOT APPLICABLE,10,12,December,2015,5,Thursday,20,8:00pm-8:59pm,33,33,1,This section IS ON the NHS,1,Rural,1,Interstate,1,State Highway Agency,1,Interstate,I-59,,2300,2300,34.57825556,34.57825556,-85.655505560,-85.655505560,0,No Special Jurisdiction,12,"Motor Vehicle In-Transport ",1,"Front-to-Rear ",0,No,1,Non-Junction,1,Not an Intersection,0,None,,,1,On Roadway,2,Dark - Not Lighted,1,Clear,0,No Additional Atmospheric Conditions,1,Clear,0,No,0000000,Not Applicable,20,8:00pm-8:59pm,35,35,20,8:00pm-8:59pm,40,40,88,"Not Applicable (Not Transported) ",88,Not Applicable (Not Transported),0,None,0,None,0,None,1,0
2015,1,10652,Alabama,1,1,0,0,0,2,2,81,LEE (81),2340,OPELIKA,6,12,December,2015,1,Sunday,19,7:00pm-7:59pm,39,39,1,This section IS ON the NHS,2,Urban,1,Interstate,1,State Highway Agency,1,Interstate,I-85,,675,675,32.71009722,32.71009722,-85.307563890,-85.307563890,0,No Special Jurisdiction,42,Tree (Standing Only),0,Not a Collision with Motor Vehicle In-Transport,0,No,1,Non-Junction,1,Not an Intersection,0,None,,,4,On Roadside,2,Dark - Not Lighted,1,Clear,0,No Additional Atmospheric Conditions,1,Clear,0,No,0000000,Not Applicable,19,7:00pm-7:59pm,46,46,20,8:00pm-8:59pm,2,2,20,8:00pm-8:59pm,34,34,0,None,0,None,0,None,1,0
2015,1,10653,Alabama,1,1,0,0,0,1,1,109,PIKE (109),510,BRUNDIDGE,8,10,October,2015,5,Thursday,99,Unknown Hours,99,Unknown Minutes,1,This section IS ON the NHS,1,Rural,3,Principal Arterial - Other,1,State Highway Agency,2,U.S. Highway,US-SR 53,,1785,1785,31.73289167,31.73289167,-85.840288890,-85.840288890,0,No Special Jurisdiction,32,Culvert,0,Not a Collision with Motor Vehicle In-Transport,0,No,1,Non-Junction,1,Not an Intersection,0,None,,,4,On Roadside,6,Dark - Unknown Lighting,1,Clear,0,No Additional Atmospheric Conditions,1,Clear,0,No,0000000,Not Applicable,99,Unknown,99,Unknown,6,6:00am-6:59am,24,24,99,Unknown,99,Unknown EMS Hospital Arrival Time,0,None,0,None,0,None,1,0
2015,1,10654,Alabama,1,1,0,0,0,2,2,73,JEFFERSON (73),0,NOT APPLICABLE,3,11,November,2015,3,Tuesday,6,6:00am-6:59am,10,10,0,This section IS NOT on the NHS,1,Rural,7,Local,2,County Highway Agency,4,County Road,CR-FLETCHER RD,,0,None,33.28525833,33.28525833,-87.013238890,-87.013238890,0,No Special Jurisdiction,42,Tree (Standing Only),0,Not a Collision with Motor Vehicle In-Transport,0,No,1,Non-Junction,1,Not an Intersection,0,None,,,4,On Roadside,2,Dark - Not Lighted,10,Cloudy,0,No Additional Atmospheric Conditions,10,Cloudy,0,No,0000000,Not Applicable,6,6:00am-6:59am,22,22,6,6:00am-6:59am,28,28,7,7:00am-7:59am,19,19,0,None,0,None,0,None,1,0
2015,1,10655,Alabama,3,3,0,0,0,3,3,51,ELMORE (51),3270,WETUMPKA,18,11,November,2015,4,Wednesday,15,3:00pm-3:59pm,37,37,1,This section IS ON the NHS,1,Rural,3,Principal Arterial - Other,1,State Highway Agency,2,U.S. Highway,US-SR 9,,1190,1190,32.48815278,32.48815278,-86.209719440,-86.209719440,0,No Special Jurisdiction,12,"Motor Vehicle In-Transport ",6,"Angle ",0,No,1,Non-Junction,1,Not an Intersection,0,None,,,1,On Roadway,1,Daylight,2,Rain,0,No Additional Atmospheric Conditions,2,Rain,0,No,0000000,Not Applicable,99,Unknown,99,Unknown,15,3:00pm-3:59pm,41,41,99,Unknown,99,Unknown EMS Hospital Arrival Time,14,"Motor Vehicle struck by falling cargo,or something that came loose from or something that was set in motion by a vehicle",0,None,0,None,1,0