caseyear,state,st_case,statename,ve_total,ve_forms,pvh_invl,peds,pernotmvit,permvit,persons,county,countyname,city,cityname,day,month,monthname,year,day_week,day_weekname,hour,hourname,minute,minutename,nhs,nhsname,rur_urb,rur_urbname,func_sys,func_sysname,rd_owner,rd_ownername,route,routename,tway_id,tway_id2,milept,mileptname,latitude,latitudename,longitud,longitudname,sp_jur,sp_jurname,harm_ev,harm_evname,man_coll,man_collname,reljct1,reljct1name,reljct2,reljct2name,typ_int,typ_intname,wrk_zone,wrk_zonename,road_fnc,road_fncname,rel_road,rel_roadname,lgt_cond,lgt_condname,weather1,weather1name,weather2,weather2name,weather,weathername,sch_bus,sch_busname,rail,railname,not_hour,not_hourname,not_min,not_minname,arr_hour,arr_hourname,arr_min,arr_minname,hosp_hr,hosp_hrname,hosp_mn,hosp_mnname,cf1,cf1name,cf2,cf2name,cf3,cf3name,fatals,drunk_dr
2015,1,10656,Alabama,3,3,0,0,0,7,7,61,GENEVA (61),0,NOT APPLICABLE,27,11,November,2015,6,Friday,22,10:00pm-10:59pm,35,35,0,This section IS NOT on the NHS,1,Rural,4,Minor Arterial,1,State Highway Agency,3,State Highway,SR-153,,22,22,31.02258611,31.02258611,-86.120616670,-86.120616670,0,No Special Jurisdiction,12,"Motor Vehicle In-Transport ",2,Front-to-Front,0,No,1,Non-Junction,1,Not an Intersection,0,None,,,1,On Roadway,2,Dark - Not Lighted,1,Clear,0,No Additional Atmospheric Conditions,1,Clear,0,No,0000000,Not Applicable,22,10:00pm-10:59pm,37,37,23,11:00pm-11:59pm,1,1,23,11:00pm-11:59pm,22,22,0,None,0,None,0,None,3,1
2015,1,10657,Alabama,1,1,0,0,0,1,1,53,ESCAMBIA (53),0,NOT APPLICABLE,29,11,November,2015,1,Sunday,10,10:00am-10:59am,45,45,0,This section IS NOT on the NHS,1,Rural,5,Major Collector,2,County Highway Agency,4,County Road,CR-12,,0,None,31.06696944,31.06696944,-87.510150000,-87.510150000,0,No Special Jurisdiction,1,Rollover/Overturn,0,Not a Collision with Motor Vehicle In-Transport,0,No,1,Non-Junction,1,Not an Intersection,0,None,,,4,On Roadside,1,Daylight,1,Clear,0,No Additional Atmospheric Conditions,1,Clear,0,No,0000000,Not Applicable,10,10:00am-10:59am,47,47,10,10:00am-10:59am,53,53,88,"Not Applicable (Not Transported) ",88,Not Applicable (Not Transported),0,None,0,None,0,None,1,0
2015,1,10658,Alabama,1,1,0,0,0,1,1,73,JEFFERSON (73),350,BIRMINGHAM,1,12,December,2015,3,Tuesday,19,7:00pm-7:59pm,47,47,0,This section IS NOT on the NHS,1,Rural,3,Principal Arterial - Other,4,City or Municipal Highway Agency,6,Local Street - Municipality,BESSEMER RD,TERRACE Q,0,None,33.48817222,33.48817222,-86.887777780,-86.887777780,0,No Special Jurisdiction,33,Curb,0,Not a Collision with Motor Vehicle In-Transport,0,No,3,"Intersection-Related ",3,T-Intersection,0,None,,,4,On Roadside,3,Dark - Lighted,2,Rain,0,No Additional Atmospheric Conditions,2,Rain,0,No,0000000,Not Applicable,19,7:00pm-7:59pm,48,48,19,7:00pm-7:59pm,53,53,88,"Not Applicable (Not Transported) ",88,Not Applicable (Not Transported),0,None,0,None,0,None,1,0
2015,1,10659,Alabama,1,1,0,0,0,1,1,97,MOBILE (97),0,NOT APPLICABLE,3,12,December,2015,5,Thursday,1,1:00am-1:59am,20,20,0,This section IS NOT on the NHS,1,Rural,7,Local,2,County Highway Agency,4,County Road,CR-JOHN SHINN RD,ERIC LANE,0,None,30.91750278,30.91750278,-88.250836110,-88.250836110,0,No Special Jurisdiction,32,Culvert,0,Not a Collision with Motor Vehicle In-Transport,0,No,3,"Intersection-Related ",3,T-Intersection,0,None,,,4,On Roadside,2,Dark - Not Lighted,10,Cloudy,0,No Additional Atmospheric Conditions,10,Cloudy,0,No,0000000,Not Applicable,99,Unknown,99,Unknown,1,1:00am-1:59am,31,31,88,"Not Applicable (Not Transported) ",88,Not Applicable (Not Transported),0,None,0,None,0,None,1,0
2015,1,10660,Alabama,1,1,0,0,0,1,1,7,BIBB (7),0,NOT APPLICABLE,4,12,December,2015,6,Friday,5,5:00am-5:59am,0,0,0,This section IS NOT on the NHS,1,Rural,4,Minor Arterial,1,State Highway Agency,3,State Highway,SR-139,,113,113,32.94291667,32.94291667,-86.919700000,-86.919700000,0,No Special Jurisdiction,34,Ditch,0,Not a Collision with Motor Vehicle In-Transport,0,No,1,Non-Junction,1,Not an Intersection,0,None,,,4,On Roadside,2,Dark - Not Lighted,1,Clear,0,No Additional Atmospheric Conditions,1,Clear,0,No,0000000,Not Applicable,99,Unknown,99,Unknown,6,6:00am-6:59am,25,25,88,"Not Applicable (Not Transported) ",88,Not Applicable (Not Transported),0,None,0,None,0,None,1,1
2015,1,10661,Alabama,1,1,0,1,1,1,1,73,JEFFERSON (73),350,BIRMINGHAM,4,12,December,2015,6,Friday,17,5:00pm-5:59pm,39,39,1,This section IS ON the NHS,1,Rural,3,Principal Arterial - Other,4,City or Municipal Highway Agency,6,Local Street - Municipality,3RD AVE N,7TH ST N,0,None,33.50782500,33.50782500,-86.824700000,-86.824700000,0,No Special Jurisdiction,8,Pedestrian,0,Not a Collision with Motor Vehicle In-Transport,0,No,3,"Intersection-Related ",2,Four-Way Intersection,0,None,,,1,On Roadway,3,Dark - Lighted,1,Clear,0,No Additional Atmospheric Conditions,1,Clear,0,No,0000000,Not Applicable,99,Unknown,99,Unknown,17,5:00pm-5:59pm,44,44,88,"Not Applicable (Not Transported) ",88,Not Applicable (Not Transported),0,None,0,None,0,None,1,0
2015,1,10662,Alabama,1,1,0,1,1,1,1,97,MOBILE (97),2100,MOBILE,5,12,December,2015,7,Saturday,18,6:00pm-6:59pm,10,10,0,This section IS NOT on the NHS,1,Rural,6,Minor Collector,4,City or Municipal Highway Agency,6,Local Street - Municipality,SUMMERVILLE ST,,0,None,30.71065556,30.71065556,-88.092813890,-88.092813890,0,No Special Jurisdiction,8,Pedestrian,0,Not a Collision with Motor Vehicle In-Transport,0,No,1,Non-Junction,1,Not an Intersection,0,None,,,1,On Roadway,3,Dark - Lighted,1,Clear,0,No Additional Atmospheric Conditions,1,Clear,0,No,0000000,Not Applicable,99,Unknown,99,Unknown,18,6:00pm-6:59pm,18,18,99,Unknown,99,Unknown EMS Hospital Arrival Time,0,None,0,None,0,None,1,0
2015,1,10663,Alabama,2,2,0,0,0,2,2,29,CLEBURNE (29),0,NOT APPLICABLE,5,12,December,2015,7,Saturday,23,11:00pm-11:59pm,0,0,0,This section IS NOT on the NHS,1,Rural,5,Major Collector,2,County Highway Agency,4,County Road,CR-49,,0,None,33.83627222,33.83627222,-85.456780560,-85.456780560,0,No Special Jurisdiction,12,"Motor Vehicle In-Transport ",1,"Front-to-Rear ",0,No,1,Non-Junction,1,Not an Intersection,0,None,,,1,On Roadway,2,Dark - Not Lighted,1,Clear,0,No Additional Atmospheric Conditions,1,Clear,0,No,0000000,Not Applicable,22,10:00pm-10:59pm,59,59,23,11:00pm-11:59pm,14,14,88,"Not Applicable (Not Transported) ",88,Not Applicable (Not Transported),0,None,0,None,0,None,1,0
2015,1,10664,Alabama,2,2,0,0,0,3,3,3,BALDWIN (3),2890,SUMMERDALE,5,12,December,2015,7,Saturday,17,5:00pm-5:59pm,20,20,1,This section IS ON the NHS,2,Urban,3,Principal Arterial - Other,1,State Highway Agency,3,State Highway,SR-59,,165,165,30.48675278,30.48675278,-87.708355560,-87.708355560,0,No Special Jurisdiction,12,"Motor Vehicle In-Transport ",2,Front-to-Front,0,No,1,Non-Junction,1,Not an Intersection,0,None,,,1,On Roadway,2,Dark - Not Lighted,1,Clear,0,No Additional Atmospheric Conditions,1,Clear,0,No,0000000,Not Applicable,17,5:00pm-5:59pm,24,24,17,5:00pm-5:59pm,54,54,18,6:00pm-6:59pm,18,18,0,None,0,None,0,None,1,0
2015,1,10665,Alabama,1,1,0,0,0,2,2,109,PIKE (109),0,NOT APPLICABLE,6,12,December,2015,1,Sunday,2,2:00am-2:59am,10,10,0,This section IS NOT on the NHS,1,Rural,7,Local,2,County Highway Agency,4,County Road,CR-3304,,0,None,31.72880556,31.72880556,-85.931361110,-85.931361110,0,No Special Jurisdiction,35,Embankment,0,Not a Collision with Motor Vehicle In-Transport,0,No,1,Non-Junction,1,Not an Intersection,0,None,,,4,On Roadside,2,Dark - Not Lighted,1,Clear,0,No Additional Atmospheric Conditions,1,Clear,0,No,0000000,Not Applicable,99,Unknown,99,Unknown,2,2:00am-2:59am,40,40,99,Unknown,99,Unknown EMS Hospital Arrival Time,0,None,0,None,0,None,1,1
2015,1,10666,Alabama,1,1,0,0,0,1,1,45,DALE (45),0,NOT APPLICABLE,7,12,December,2015,2,Monday,5,5:00am-5:59am,45,45,0,This section IS NOT on the NHS,1,Rural,5,Major Collector,2,County Highway Agency,4,County Road,CR-20,,0,None,31.44109444,31.44109444,-85.568791670,-85.568791670,0,No Special Jurisdiction,18,Other Object (not fixed),0,Not a Collision with Motor Vehicle In-Transport,0,No,1,Non-Junction,1,Not an Intersection,0,None,,,4,On Roadside,4,Dawn,1,Clear,0,No Additional Atmospheric Conditions,1,Clear,0,No,0000000,Not Applicable,6,6:00am-6:59am,10,10,6,6:00am-6:59am,29,29,88,"Not Applicable (Not Transported) ",88,Not Applicable (Not Transported),0,None,0,None,0,None,1,0
2015,1,10667,Alabama,1,1,0,0,0,1,1,125,TUSCALOOSA (125),0,NOT APPLICABLE,7,12,December,2015,2,Monday,18,6:00pm-6:59pm,28,28,0,This section IS NOT on the NHS,1,Rural,5,Major Collector,2,County Highway Agency,4,County Road,CR-140,,0,None,33.25122778,33.25122778,-87.695716670,-87.695716670,0,No Special Jurisdiction,42,Tree (Standing Only),0,Not a Collision with Motor Vehicle In-Transport,0,No,1,Non-Junction,1,Not an Intersection,0,None,,,4,On Roadside,2,Dark - Not Lighted,1,Clear,0,No Additional Atmospheric Conditions,1,Clear,0,No,0000000,Not Applicable,18,6:00pm-6:59pm,38,38,18,6:00pm-6:59pm,45,45,88,"Not Applicable (Not Transported) ",88,Not Applicable (Not Transported),0,None,0,None,0,None,1,0
2015,1,10668,Alabama,2,2,0,0,0,2,2,93,MARION (93),0,NOT APPLICABLE,8,12,December,2015,3,Tuesday,7,7:00am-7:59am,5,5,0,This section IS NOT on the NHS,1,Rural,4,Minor Arterial,1,State Highway Agency,2,U.S. Highway,US-SR 17,CR-111,2849,2849,34.21867500,34.21867500,-87.911963890,-87.911963890,0,No Special Jurisdiction,12,"Motor Vehicle In-Transport ",6,"Angle ",0,No,3,"Intersection-Related ",3,T-Intersection,0,None,,,1,On Roadway,1,Daylight,1,Clear,0,No Additional Atmospheric Conditions,1,Clear,0,No,0000000,Not Applicable,7,7:00am-7:59am,8,8,7,7:00am-7:59am,18,18,88,"Not Applicable (Not Transported) ",88,Not Applicable (Not Transported),0,None,0,None,0,None,1,0
2015,1,10669,Alabama,1,1,0,2,2,1,1,101,MONTGOMERY (101),2130,MONTGOMERY,9,12,December,2015,4,Wednesday,6,6:00am-6:59am,8,8,0,This section IS NOT on the NHS,2,Urban,7,Local,4,City or Municipal Highway Agency,6,Local Street - Municipality,PARK PL,,0,None,32.36864167,32.36864167,-86.283844440,-86.283844440,0,No Special Jurisdiction,8,Pedestrian,0,Not a Collision with Motor Vehicle In-Transport,0,No,1,Non-Junction,1,Not an Intersection,0,None,,,1,On Roadway,3,Dark - Lighted,1,Clear,0,No Additional Atmospheric Conditions,1,Clear,0,No,0000000,Not Applicable,6,6:00am-6:59am,11,11,6,6:00am-6:59am,13,13,99,Unknown,99,Unknown EMS Hospital Arrival Time,0,None,0,None,0,None,1,0
2015,1,10670,Alabama,1,1,0,1,1,2,2,73,JEFFERSON (73),350,BIRMINGHAM,10,12,December,2015,5,Thursday,22,10:00pm-10:59pm,47,47,1,This section IS ON the NHS,1,Rural,3,Principal Arterial - Other,1,State Highway Agency,2,U.S. Highway,US-SR 38,,0,None,33.42656111,33.42656111,-86.705516670,-86.705516670,0,No Special Jurisdiction,8,Pedestrian,0,Not a Collision with Motor Vehicle In-Transport,0,No,1,Non-Junction,1,Not an Intersection,0,None,,,1,On Roadway,2,Dark - Not Lighted,1,Clear,0,No Additional Atmospheric Conditions,1,Clear,0,No,0000000,Not Applicable,22,10:00pm-10:59pm,47,47,22,10:00pm-10:59pm,53,53,88,"Not Applicable (Not Transported) ",88,Not Applicable (Not Transported),0,None,0,None,0,None,1,0
2015,1,10671,Alabama,1,1,0,0,0,1,1,45,DALE (45),0,NOT APPLICABLE,12,12,December,2015,7,Saturday,15,3:00pm-3:59pm,41,41,1,This section IS ON the NHS,1,Rural,3,Principal Arterial - Other,1,State Highway Agency,2,U.S. Highway,US-SR 53,,388,388,31.40228611,31.40228611,-85.593844440,-85.593844440,0,No Special Jurisdiction,42,Tree (Standing Only),0,Not a Collision with Motor Vehicle In-Transport,0,No,1,Non-Junction,1,Not an Intersection,0,None,,,4,On Roadside,1,Daylight,1,Clear,0,No Additional Atmospheric Conditions,1,Clear,0,No,0000000,Not Applicable,15,3:00pm-3:59pm,43,43,15,3:00pm-3:59pm,50,50,88,"Not Applicable (Not Transported) ",88,Not Applicable (Not Transported),0,None,0,None,0,None,1,1
2015,1,10672,Alabama,2,2,0,0,0,3,3,25,CLARKE (25),0,NOT APPLICABLE,13,12,December,2015,1,Sunday,6,6:00am-6:59am,10,10,1,This section IS ON the NHS,1,Rural,3,Principal Arterial - Other,1,State Highway Agency,2,U.S. Highway,US-SR 12,,355,355,31.71963889,31.71963889,-87.895158330,-87.895158330,0,No Special Jurisdiction,12,"Motor Vehicle In-Transport ",6,"Angle ",0,No,1,Non-Junction,1,Not an Intersection,1,Construction,,,1,On Roadway,4,Dawn,10,Cloudy,0,No Additional Atmospheric Conditions,10,Cloudy,0,No,0000000,Not Applicable,99,Unknown,99,Unknown,6,6:00am-6:59am,50,50,99,Unknown,99,Unknown EMS Hospital Arrival Time,0,None,0,None,0,None,1,0
2015,1,10673,Alabama,2,2,0,0,0,2,2,73,JEFFERSON (73),1716,HOOVER,9,12,December,2015,4,Wednesday,0,0:00am-0:59am,53,53,1,This section IS ON the NHS,2,Urban,1,Interstate,1,State Highway Agency,1,Interstate,I-459,,129,129,33.38043333,33.38043333,-86.815791670,-86.815791670,0,No Special Jurisdiction,12,"Motor Vehicle In-Transport ",2,Front-to-Front,0,No,1,Non-Junction,1,Not an Intersection,0,None,,,1,On Roadway,2,Dark - Not Lighted,1,Clear,0,No Additional Atmospheric Conditions,1,Clear,0,No,0000000,Not Applicable,0,0:00am-0:59am,55,55,1,1:00am-1:59am,10,10,99,Unknown,99,Unknown EMS Hospital Arrival Time,0,None,0,None,0,None,1,1
2015,1,10674,Alabama,1,1,0,1,1,6,6,73,JEFFERSON (73),330,BESSEMER,19,12,December,2015,7,Saturday,23,11:00pm-11:59pm,42,42,1,This section IS ON the NHS,1,Rural,1,Interstate,1,State Highway Agency,1,Interstate,I-59,,1100,1100,33.38782778,33.38782778,-86.987072220,-86.987072220,0,No Special Jurisdiction,8,Pedestrian,0,Not a Collision with Motor Vehicle In-Transport,0,No,1,Non-Junction,1,Not an Intersection,0,None,,,1,On Roadway,2,Dark - Not Lighted,1,Clear,0,No Additional Atmospheric Conditions,1,Clear,0,No,0000000,Not Applicable,99,Unknown,99,Unknown,23,11:00pm-11:59pm,52,52,99,Unknown,99,Unknown EMS Hospital Arrival Time,23,Indication of a Stalled/Disabled Vehicle,0,None,0,None,1,0
2015,1,10675,Alabama,2,2,0,0,0,2,2,101,MONTGOMERY (101),2130,MONTGOMERY,9,12,December,2015,4,Wednesday,17,5:00pm-5:59pm,22,22,1,This section IS ON the NHS,1,Rural,3,Principal Arterial - Other,4,City or Municipal Highway Agency,6,Local Street - Municipality,SELMA HWY,ALATEX RD,0,None,32.30571667,32.30571667,-86.406322220,-86.406322220,0,No Special Jurisdiction,12,"Motor Vehicle In-Transport ",11,"Other ",0,No,2,Intersection,3,T-Intersection,0,None,,,1,On Roadway,2,Dark - Not Lighted,1,Clear,0,No Additional Atmospheric Conditions,1,Clear,0,No,0000000,Not Applicable,17,5:00pm-5:59pm,25,25,17,5:00pm-5:59pm,34,34,88,"Not Applicable (Not Transported) ",88,Not Applicable (Not Transported),0,None,0,None,0,None,1,0
2015,1,10676,Alabama,1,1,0,0,0,1,1,123,TALLAPOOSA (123),60,ALEXANDER CITY,13,12,December,2015,1,Sunday,10,10:00am-10:59am,24,24,0,This section IS NOT on the NHS,1,Rural,6,Minor Collector,4,City or Municipal Highway Agency,6,Local Street - Municipality,SCOTT RD,,0,None,32.92732778,32.92732778,-85.907388890,-85.907388890,0,No Special Jurisdiction,42,Tree (Standing Only),0,Not a Collision with Motor Vehicle In-Transport,0,No,1,Non-Junction,1,Not an Intersection,0,None,,,4,On Roadside,1,Daylight,10,Cloudy,0,No Additional Atmospheric Conditions,10,Cloudy,0,No,0000000,Not Applicable,10,10:00am-10:59am,30,30,10,10:00am-10:59am,35,35,99,Unknown,99,Unknown EMS Hospital Arrival Time,0,None,0,None,0,None,1,0
2015,1,10677,Alabama,2,2,0,0,0,2,2,7,BIBB (7),0,NOT APPLICABLE,15,12,December,2015,3,Tuesday,14,2:00pm-2:59pm,58,58,1,This section IS ON the NHS,1,Rural,3,Principal Arterial - Other,1,State Highway Agency,2,U.S. Highway,US-SR 6,,925,925,32.90937778,32.90937778,-87.020566670,-87.020566670,0,No Special Jurisdiction,12,"Motor Vehicle In-Transport ",2,Front-to-Front,0,No,1,Non-Junction,1,Not an Intersection,0,None,,,1,On Roadway,1,Daylight,1,Clear,0,No Additional Atmospheric Conditions,1,Clear,0,No,0000000,Not Applicable,99,Unknown,99,Unknown,99,Unknown EMS Scene Arrival Hour,99,Unknown EMS Scene Arrival Minutes,99,Unknown,99,Unknown EMS Hospital Arrival Time,0,None,0,None,0,None,1,0
2015,1,10678,Alabama,1,1,0,0,0,2,2,53,ESCAMBIA (53),0,NOT APPLICABLE,15,12,December,2015,3,Tuesday,18,6:00pm-6:59pm,30,30,0,This section IS NOT on the NHS,1,Rural,6,Minor Collector,2,County Highway Agency,4,County Road,CR-7,,0,None,31.18176389,31.18176389,-87.037888890,-87.037888890,0,No Special Jurisdiction,1,Rollover/Overturn,0,Not a Collision with Motor Vehicle In-Transport,0,No,1,Non-Junction,1,Not an Intersection,0,None,,,4,On Roadside,2,Dark - Not Lighted,1,Clear,0,No Additional Atmospheric Conditions,1,Clear,0,No,0000000,Not Applicable,99,Unknown,99,Unknown,18,6:00pm-6:59pm,55,55,88,"Not Applicable (Not Transported) ",88,Not Applicable (Not Transported),0,None,0,None,0,None,2,1
2015,1,10679,Alabama,1,1,0,0,0,1,1,73,JEFFERSON (73),330,BESSEMER,17,12,December,2015,5,Thursday,10,10:00am-10:59am,0,0,0,This section IS NOT on the NHS,2,Urban,7,Local,4,City or Municipal Highway Agency,6,Local Street - Municipality,JOHNS RD,,0,None,33.39771111,33.39771111,-87.045597220,-87.045597220,0,No Special Jurisdiction,42,Tree (Standing Only),0,Not a Collision with Motor Vehicle In-Transport,0,No,1,Non-Junction,1,Not an Intersection,0,None,,,4,On Roadside,1,Daylight,10,Cloudy,0,No Additional Atmospheric Conditions,10,Cloudy,0,No,0000000,Not Applicable,99,Unknown,99,Unknown,10,10:00am-10:59am,12,12,88,"Not Applicable (Not Transported) ",88,Not Applicable (Not Transported),0,None,0,None,0,None,1,0
2015,1,10680,Alabama,2,2,0,0,0,4,4,51,ELMORE (51),3270,WETUMPKA,16,12,December,2015,4,Wednesday,13,1:00pm-1:59pm,15,15,1,This section IS ON the NHS,1,Rural,3,Principal Arterial - Other,1,State Highway Agency,2,U.S. Highway,US-SR 9,,1190,1190,32.49594444,32.49594444,-86.215525000,-86.215525000,0,No Special Jurisdiction,12,"Motor Vehicle In-Transport ",6,"Angle ",0,No,8,Driveway Access Related,1,Not an Intersection,0,None,,,1,On Roadway,1,Daylight,2,Rain,0,No Additional Atmospheric Conditions,2,Rain,0,No,0000000,Not Applicable,99,Unknown,99,Unknown,13,1:00pm-1:59pm,20,20,99,Unknown,99,Unknown EMS Hospital Arrival Time,0,None,0,None,0,None,1,0
2015,1,10681,Alabama,2,2,0,0,0,3,3,121,TALLADEGA (121),0,NOT APPLICABLE,18,12,December,2015,6,Friday,21,9:00pm-9:59pm,24,24,1,This section IS ON the NHS,2,Urban,1,Interstate,1,State Highway Agency,1,Interstate,I-20,,1725,1725,33.58551111,33.58551111,-86.048550000,-86.048550000,0,No Special Jurisdiction,12,"Motor Vehicle In-Transport ",1,"Front-to-Rear ",0,No,1,Non-Junction,1,Not an Intersection,0,None,,,1,On Roadway,2,Dark - Not Lighted,1,Clear,0,No Additional Atmospheric Conditions,1,Clear,0,No,0000000,Not Applicable,99,Unknown,99,Unknown,21,9:00pm-9:59pm,45,45,88,"Not Applicable (Not Transported) ",88,Not Applicable (Not Transported),0,None,0,None,0,None,1,0
2015,1,10682,Alabama,1,1,0,0,0,1,1,125,TUSCALOOSA (125),0,NOT APPLICABLE,19,12,December,2015,7,Saturday,21,9:00pm-9:59pm,57,57,1,This section IS ON the NHS,1,Rural,1,Interstate,1,State Highway Agency,1,Interstate,I-59,,656,656,33.13171667,33.13171667,-87.641216670,-87.641216670,0,No Special Jurisdiction,21,Bridge Pier or Support,0,Not a Collision with Motor Vehicle In-Transport,0,No,1,Non-Junction,1,Not an Intersection,0,None,,,4,On Roadside,2,Dark - Not Lighted,10,Cloudy,0,No Additional Atmospheric Conditions,10,Cloudy,0,No,0000000,Not Applicable,99,Unknown,99,Unknown,99,Unknown EMS Scene Arrival Hour,99,Unknown EMS Scene Arrival Minutes,88,"Not Applicable (Not Transported) ",88,Not Applicable (Not Transported),20,Police Pursuit Involved,18,Date of Crash and Date of EMS Notification were not the same day,0,None,1,0
2015,1,10683,Alabama,2,2,0,0,0,2,2,83,LIMESTONE (83),9997,Other,20,12,December,2015,1,Sunday,16,4:00pm-4:59pm,37,37,1,This section IS ON the NHS,2,Urban,1,Interstate,1,State Highway Agency,1,Interstate,I-565,,30,30,34.63960833,34.63960833,-86.847936110,-86.847936110,0,No Special Jurisdiction,12,"Motor Vehicle In-Transport ",6,"Angle ",0,No,1,Non-Junction,1,Not an Intersection,0,None,,,1,On Roadway,5,Dusk,1,Clear,0,No Additional Atmospheric Conditions,1,Clear,0,No,0000000,Not Applicable,99,Unknown,99,Unknown,16,4:00pm-4:59pm,47,47,99,Unknown,99,Unknown EMS Hospital Arrival Time,0,None,0,None,0,None,1,0
2015,1,10684,Alabama,1,1,0,0,0,1,1,51,ELMORE (51),0,NOT APPLICABLE,25,11,November,2015,4,Wednesday,17,5:00pm-5:59pm,20,20,0,This section IS NOT on the NHS,1,Rural,6,Minor Collector,2,County Highway Agency,4,County Road,CR-PLEASANT HILL RD,,0,None,32.59299444,32.59299444,-86.081352780,-86.081352780,0,No Special Jurisdiction,1,Rollover/Overturn,0,Not a Collision with Motor Vehicle In-Transport,0,No,1,Non-Junction,1,Not an Intersection,0,None,,,4,On Roadside,1,Daylight,1,Clear,0,No Additional Atmospheric Conditions,1,Clear,0,No,0000000,Not Applicable,99,Unknown,99,Unknown,17,5:00pm-5:59pm,30,30,99,Unknown,99,Unknown EMS Hospital Arrival Time,0,None,0,None,0,None,1,0
2015,1,10685,Alabama,1,1,0,0,0,1,1,55,ETOWAH (55),0,NOT APPLICABLE,26,12,December,2015,7,Saturday,7,7:00am-7:59am,10,10,0,This section IS NOT on the NHS,1,Rural,6,Minor Collector,2,County Highway Agency,4,County Road,CR-LEETH GAP,,0,None,34.18500278,34.18500278,-86.083308330,-86.083308330,0,No Special Jurisdiction,32,Culvert,0,Not a Collision with Motor Vehicle In-Transport,0,No,1,Non-Junction,1,Not an Intersection,0,None,,,4,On Roadside,1,Daylight,1,Clear,0,No Additional Atmospheric Conditions,1,Clear,0,No,0000000,Not Applicable,99,Unknown,99,Unknown,7,7:00am-7:59am,10,10,88,"Not Applicable (Not Transported) ",88,Not Applicable (Not Transported),0,None,0,None,0,None,1,0
2015,1,10686,Alabama,2,2,0,0,0,3,3,37,COOSA (37),0,NOT APPLICABLE,5,12,December,2015,7,Saturday,10,10:00am-10:59am,35,35,0,This section IS NOT on the NHS,1,Rural,7,Local,2,County Highway Agency,4,County Road,CR-5,,0,None,33.07534722,33.07534722,-86.424452780,-86.424452780,0,No Special Jurisdiction,12,"Motor Vehicle In-Transport ",6,"Angle ",0,No,1,Non-Junction,1,Not an Intersection,0,None,,,1,On Roadway,1,Daylight,1,Clear,0,No Additional Atmospheric Conditions,1,Clear,0,No,0000000,Not Applicable,99,Unknown,99,Unknown,10,10:00am-10:59am,49,49,99,Unknown,99,Unknown EMS Hospital Arrival Time,0,None,0,None,0,None,1,1
2015,1,10687,Alabama,1,1,0,0,0,2,2,93,MARION (93),0,NOT APPLICABLE,17,12,December,2015,5,Thursday,21,9:00pm-9:59pm,15,15,0,This section IS NOT on the NHS,1,Rural,4,Minor Arterial,1,State Highway Agency,3,State Highway,SR-129,,292,292,34.09746667,34.09746667,-87.746886110,-87.746886110,0,No Special Jurisdiction,42,Tree (Standing Only),0,Not a Collision with Motor Vehicle In-Transport,0,No,1,Non-Junction,1,Not an Intersection,0,None,,,4,On Roadside,2,Dark - Not Lighted,10,Cloudy,0,No Additional Atmospheric Conditions,10,Cloudy,0,No,0000000,Not Applicable,99,Unknown,99,Unknown,21,9:00pm-9:59pm,35,35,99,Unknown,99,Unknown EMS Hospital Arrival Time,0,None,0,None,0,None,1,0
2015,1,10688,Alabama,2,2,0,0,0,2,2,117,SHELBY (117),0,NOT APPLICABLE,17,12,December,2015,5,Thursday,5,5:00am-5:59am,45,45,0,This section IS NOT on the NHS,1,Rural,4,Minor Arterial,1,State Highway Agency,3,State Highway,SR-145,CR-42,210,210,33.12282778,33.12282778,-86.541891670,-86.541891670,0,No Special Jurisdiction,12,"Motor Vehicle In-Transport ",6,"Angle ",0,No,2,Intersection,2,Four-Way Intersection,0,None,,,1,On Roadway,2,Dark - Not Lighted,2,Rain,5,"Fog, Smog, Smoke",2,Rain,0,No,0000000,Not Applicable,99,Unknown,99,Unknown,5,5:00am-5:59am,57,57,88,"Not Applicable (Not Transported) ",88,Not Applicable (Not Transported),0,None,0,None,0,None,1,0
2015,1,10689,Alabama,1,1,0,0,0,1,1,103,MORGAN (103),0,NOT APPLICABLE,18,12,December,2015,6,Friday,9,9:00am-9:59am,45,45,0,This section IS NOT on the NHS,1,Rural,5,Major Collector,2,County Highway Agency,4,County Road,CR-55,,0,None,34.33896944,34.33896944,-86.780830560,-86.780830560,0,No Special Jurisdiction,1,Rollover/Overturn,0,Not a Collision with Motor Vehicle In-Transport,0,No,1,Non-Junction,1,Not an Intersection,0,None,,,5,Outside Trafficway,1,Daylight,10,Cloudy,0,No Additional Atmospheric Conditions,10,Cloudy,0,No,0000000,Not Applicable,99,Unknown,99,Unknown,10,10:00am-10:59am,0,0,99,Unknown,99,Unknown EMS Hospital Arrival Time,0,None,0,None,0,None,1,0