caseyear,state,st_case,statename,ve_total,ve_forms,pvh_invl,peds,pernotmvit,permvit,persons,county,countyname,city,cityname,day,month,monthname,year,day_week,day_weekname,hour,hourname,minute,minutename,nhs,nhsname,rur_urb,rur_urbname,func_sys,func_sysname,rd_owner,rd_ownername,route,routename,tway_id,tway_id2,milept,mileptname,latitude,latitudename,longitud,longitudname,sp_jur,sp_jurname,harm_ev,harm_evname,man_coll,man_collname,reljct1,reljct1name,reljct2,reljct2name,typ_int,typ_intname,wrk_zone,wrk_zonename,road_fnc,road_fncname,rel_road,rel_roadname,lgt_cond,lgt_condname,weather1,weather1name,weather2,weather2name,weather,weathername,sch_bus,sch_busname,rail,railname,not_hour,not_hourname,not_min,not_minname,arr_hour,arr_hourname,arr_min,arr_minname,hosp_hr,hosp_hrname,hosp_mn,hosp_mnname,cf1,cf1name,cf2,cf2name,cf3,cf3name,fatals,drunk_dr
2015,1,10759,Alabama,1,1,0,0,0,2,2,5,BARBOUR (5),0,NOT APPLICABLE,22,11,November,2015,1,Sunday,18,6:00pm-6:59pm,30,30,0,This section IS NOT on the NHS,1,Rural,5,Major Collector,1,State Highway Agency,3,State Highway,SR-130,,112,112,31.78096389,31.78096389,-85.627594440,-85.627594440,0,No Special Jurisdiction,42,Tree (Standing Only),0,Not a Collision with Motor Vehicle In-Transport,0,No,1,Non-Junction,1,Not an Intersection,0,None,,,4,On Roadside,2,Dark - Not Lighted,1,Clear,0,No Additional Atmospheric Conditions,1,Clear,0,No,0000000,Not Applicable,18,6:00pm-6:59pm,44,44,18,6:00pm-6:59pm,56,56,19,7:00pm-7:59pm,44,44,0,None,0,None,0,None,1,1
2015,1,10760,Alabama,2,2,0,0,0,6,6,97,MOBILE (97),0,NOT APPLICABLE,7,11,November,2015,7,Saturday,11,11:00am-11:59am,30,30,1,This section IS ON the NHS,1,Rural,3,Principal Arterial - Other,1,State Highway Agency,3,State Highway,SR-42,,159,159,30.75308889,30.75308889,-88.200325000,-88.200325000,0,No Special Jurisdiction,12,"Motor Vehicle In-Transport ",1,"Front-to-Rear ",0,No,8,Driveway Access Related,1,Not an Intersection,0,None,,,1,On Roadway,1,Daylight,10,Cloudy,0,No Additional Atmospheric Conditions,10,Cloudy,0,No,0000000,Not Applicable,99,Unknown,99,Unknown,11,11:00am-11:59am,37,37,99,Unknown,99,Unknown EMS Hospital Arrival Time,0,None,0,None,0,None,2,0
2015,1,10761,Alabama,2,2,0,0,0,2,2,71,JACKSON (71),2720,SCOTTSBORO,3,11,November,2015,3,Tuesday,7,7:00am-7:59am,35,35,1,This section IS ON the NHS,2,Urban,3,Principal Arterial - Other,1,State Highway Agency,2,U.S. Highway,US-SR 2,,1380,1380,99.99990000,Unknown,999.999900000,Unknown,0,No Special Jurisdiction,12,"Motor Vehicle In-Transport ",8,Sideswipe - Opposite Direction,0,No,1,Non-Junction,1,Not an Intersection,0,None,,,1,On Roadway,1,Daylight,2,Rain,0,No Additional Atmospheric Conditions,2,Rain,0,No,0000000,Not Applicable,7,7:00am-7:59am,36,36,7,7:00am-7:59am,39,39,8,8:00am-8:59am,10,10,0,None,0,None,0,None,1,0
2015,1,10762,Alabama,2,2,0,0,0,3,3,97,MOBILE (97),0,NOT APPLICABLE,29,11,November,2015,1,Sunday,4,4:00am-4:59am,15,15,1,This section IS ON the NHS,1,Rural,3,Principal Arterial - Other,1,State Highway Agency,2,U.S. Highway,US-SR 42,,62,62,30.80992500,30.80992500,-88.341288890,-88.341288890,0,No Special Jurisdiction,12,"Motor Vehicle In-Transport ",2,Front-to-Front,0,No,1,Non-Junction,1,Not an Intersection,0,None,,,1,On Roadway,2,Dark - Not Lighted,1,Clear,0,No Additional Atmospheric Conditions,1,Clear,0,No,0000000,Not Applicable,99,Unknown,99,Unknown,4,4:00am-4:59am,28,28,99,Unknown,99,Unknown EMS Hospital Arrival Time,0,None,0,None,0,None,2,1
2015,1,10763,Alabama,2,2,0,0,0,2,2,3,BALDWIN (3),0,NOT APPLICABLE,19,11,November,2015,5,Thursday,18,6:00pm-6:59pm,18,18,0,This section IS NOT on the NHS,1,Rural,5,Major Collector,2,County Highway Agency,4,County Road,CR-48,,0,None,30.52362500,30.52362500,-87.817433330,-87.817433330,0,No Special Jurisdiction,12,"Motor Vehicle In-Transport ",6,"Angle ",0,No,8,Driveway Access Related,1,Not an Intersection,0,None,,,1,On Roadway,2,Dark - Not Lighted,1,Clear,0,No Additional Atmospheric Conditions,1,Clear,0,No,0000000,Not Applicable,18,6:00pm-6:59pm,6,6,18,6:00pm-6:59pm,13,13,18,6:00pm-6:59pm,56,56,0,None,0,None,0,None,1,0
2015,1,10764,Alabama,1,1,0,0,0,1,1,73,JEFFERSON (73),0,NOT APPLICABLE,30,12,December,2015,4,Wednesday,4,4:00am-4:59am,37,37,1,This section IS ON the NHS,1,Rural,3,Principal Arterial - Other,1,State Highway Agency,3,State Highway,SR-78,LITTLETON SAYRE RD,1500,1500,33.69855278,33.69855278,-86.989463890,-86.989463890,0,No Special Jurisdiction,39,Wall,0,Not a Collision with Motor Vehicle In-Transport,0,No,3,"Intersection-Related ",2,Four-Way Intersection,0,None,,,4,On Roadside,2,Dark - Not Lighted,2,Rain,0,No Additional Atmospheric Conditions,2,Rain,0,No,0000000,Not Applicable,4,4:00am-4:59am,47,47,4,4:00am-4:59am,55,55,88,"Not Applicable (Not Transported) ",88,Not Applicable (Not Transported),0,None,0,None,0,None,1,0
2015,1,10765,Alabama,1,1,0,0,0,1,1,73,JEFFERSON (73),0,NOT APPLICABLE,30,12,December,2015,4,Wednesday,4,4:00am-4:59am,43,43,1,This section IS ON the NHS,1,Rural,3,Principal Arterial - Other,2,County Highway Agency,4,County Road,CR-WARRIOR JASPER RD,HWY 78,0,None,33.72509444,33.72509444,-87.007127780,-87.007127780,0,No Special Jurisdiction,34,Ditch,0,Not a Collision with Motor Vehicle In-Transport,0,No,3,"Intersection-Related ",3,T-Intersection,0,None,,,4,On Roadside,2,Dark - Not Lighted,1,Clear,0,No Additional Atmospheric Conditions,1,Clear,0,No,0000000,Not Applicable,99,Unknown,99,Unknown,4,4:00am-4:59am,54,54,88,"Not Applicable (Not Transported) ",88,Not Applicable (Not Transported),0,None,0,None,0,None,1,0
2015,1,10766,Alabama,1,1,0,1,1,1,1,17,CHAMBERS (17),1820,LAFAYETTE,25,12,December,2015,6,Friday,20,8:00pm-8:59pm,0,0,0,This section IS NOT on the NHS,1,Rural,7,Local,4,City or Municipal Highway Agency,6,Local Street - Municipality,1ST AVE SW,,0,None,32.89868611,32.89868611,-85.409322220,-85.409322220,0,No Special Jurisdiction,8,Pedestrian,0,Not a Collision with Motor Vehicle In-Transport,0,No,1,Non-Junction,1,Not an Intersection,0,None,,,1,On Roadway,6,Dark - Unknown Lighting,1,Clear,0,No Additional Atmospheric Conditions,1,Clear,0,No,0000000,Not Applicable,99,Unknown,99,Unknown,20,8:00pm-8:59pm,20,20,99,Unknown,99,Unknown EMS Hospital Arrival Time,0,None,0,None,0,None,1,0
2015,1,10767,Alabama,2,2,0,0,0,2,2,83,LIMESTONE (83),170,ATHENS,13,10,October,2015,3,Tuesday,15,3:00pm-3:59pm,57,57,1,This section IS ON the NHS,2,Urban,3,Principal Arterial - Other,1,State Highway Agency,3,State Highway,SR-2,,790,790,34.77699444,34.77699444,-86.916761110,-86.916761110,0,No Special Jurisdiction,12,"Motor Vehicle In-Transport ",1,"Front-to-Rear ",0,No,8,Driveway Access Related,1,Not an Intersection,0,None,,,1,On Roadway,1,Daylight,10,Cloudy,0,No Additional Atmospheric Conditions,10,Cloudy,0,No,0000000,Not Applicable,16,4:00pm-4:59pm,1,1,16,4:00pm-4:59pm,7,7,88,"Not Applicable (Not Transported) ",88,Not Applicable (Not Transported),0,None,0,None,0,None,1,0
2015,1,10768,Alabama,1,1,0,0,0,1,1,83,LIMESTONE (83),170,ATHENS,7,11,November,2015,7,Saturday,21,9:00pm-9:59pm,58,58,0,This section IS NOT on the NHS,2,Urban,7,Local,4,City or Municipal Highway Agency,6,Local Street - Municipality,8,,0,None,34.76329722,34.76329722,-86.934366670,-86.934366670,0,No Special Jurisdiction,34,Ditch,0,Not a Collision with Motor Vehicle In-Transport,0,No,1,Non-Junction,1,Not an Intersection,0,None,,,4,On Roadside,2,Dark - Not Lighted,1,Clear,0,No Additional Atmospheric Conditions,1,Clear,0,No,0000000,Not Applicable,22,10:00pm-10:59pm,3,3,23,11:00pm-11:59pm,6,6,88,"Not Applicable (Not Transported) ",88,Not Applicable (Not Transported),0,None,0,None,0,None,1,1
2015,1,10769,Alabama,1,1,0,1,1,1,1,83,LIMESTONE (83),170,ATHENS,6,9,September,2015,1,Sunday,20,8:00pm-8:59pm,30,30,0,This section IS NOT on the NHS,2,Urban,4,Minor Arterial,1,State Highway Agency,2,U.S. Highway,US-SR 3,,3675,3675,34.73156667,34.73156667,-86.957172220,-86.957172220,0,No Special Jurisdiction,8,Pedestrian,0,Not a Collision with Motor Vehicle In-Transport,0,No,1,Non-Junction,1,Not an Intersection,0,None,,,1,On Roadway,3,Dark - Lighted,1,Clear,0,No Additional Atmospheric Conditions,1,Clear,0,No,0000000,Not Applicable,20,8:00pm-8:59pm,28,28,20,8:00pm-8:59pm,37,37,88,"Not Applicable (Not Transported) ",88,Not Applicable (Not Transported),19,Recent/Previous Crash scene Nearby,0,None,0,None,1,0
2015,1,10770,Alabama,4,4,0,0,0,4,4,83,LIMESTONE (83),170,ATHENS,11,8,August,2015,3,Tuesday,12,12:00pm-12:59pm,55,55,1,This section IS ON the NHS,2,Urban,3,Principal Arterial - Other,1,State Highway Agency,2,U.S. Highway,US-SR 3,HUNTSVILLE BROWNSFERRY RD,3675,3675,34.73114444,34.73114444,-86.957172220,-86.957172220,0,No Special Jurisdiction,12,"Motor Vehicle In-Transport ",6,"Angle ",0,No,2,Intersection,2,Four-Way Intersection,0,None,,,1,On Roadway,1,Daylight,1,Clear,0,No Additional Atmospheric Conditions,1,Clear,0,No,0000000,Not Applicable,12,12:00pm-12:59pm,58,58,13,1:00pm-1:59pm,22,22,14,2:00pm-2:59pm,3,3,14,"Motor Vehicle struck by falling cargo,or something that came loose from or something that was set in motion by a vehicle",0,None,0,None,1,0
2015,1,10771,Alabama,1,1,0,0,0,1,1,53,ESCAMBIA (53),470,BREWTON,2,12,December,2015,4,Wednesday,8,8:00am-8:59am,0,0,1,This section IS ON the NHS,1,Rural,3,Principal Arterial - Other,1,State Highway Agency,2,U.S. Highway,US-SR 3,,660,660,31.07761944,31.07761944,-87.120022220,-87.120022220,0,No Special Jurisdiction,1,Rollover/Overturn,0,Not a Collision with Motor Vehicle In-Transport,0,No,1,Non-Junction,1,Not an Intersection,0,None,,,3,On Median,1,Daylight,10,Cloudy,0,No Additional Atmospheric Conditions,10,Cloudy,0,No,0000000,Not Applicable,99,Unknown,99,Unknown,8,8:00am-8:59am,5,5,99,Unknown,99,Unknown EMS Hospital Arrival Time,0,None,0,None,0,None,1,0
2015,1,10772,Alabama,1,1,0,0,0,5,5,125,TUSCALOOSA (125),0,NOT APPLICABLE,6,12,December,2015,1,Sunday,9,9:00am-9:59am,20,20,1,This section IS ON the NHS,1,Rural,1,Interstate,1,State Highway Agency,1,Interstate,I-59,,768,768,33.17253056,33.17253056,-87.459172220,-87.459172220,0,No Special Jurisdiction,25,Concrete Traffic Barrier,0,Not a Collision with Motor Vehicle In-Transport,0,No,1,Non-Junction,1,Not an Intersection,0,None,,,3,On Median,1,Daylight,1,Clear,0,No Additional Atmospheric Conditions,1,Clear,0,No,0000000,Not Applicable,9,9:00am-9:59am,24,24,9,9:00am-9:59am,41,41,99,Unknown,99,Unknown EMS Hospital Arrival Time,0,None,0,None,0,None,1,0
2015,1,10773,Alabama,2,2,0,0,0,2,2,23,CHOCTAW (23),0,NOT APPLICABLE,7,12,December,2015,2,Monday,5,5:00am-5:59am,5,5,0,This section IS NOT on the NHS,1,Rural,4,Minor Arterial,1,State Highway Agency,3,State Highway,SR-17,,991,991,31.97783056,31.97783056,-88.288350000,-88.288350000,0,No Special Jurisdiction,12,"Motor Vehicle In-Transport ",2,Front-to-Front,0,No,1,Non-Junction,1,Not an Intersection,0,None,,,1,On Roadway,2,Dark - Not Lighted,1,Clear,0,No Additional Atmospheric Conditions,1,Clear,0,No,0000000,Not Applicable,99,Unknown,99,Unknown,5,5:00am-5:59am,30,30,99,Unknown,99,Unknown EMS Hospital Arrival Time,0,None,0,None,0,None,1,0
2015,1,10774,Alabama,1,1,0,0,0,1,1,21,CHILTON (21),0,NOT APPLICABLE,11,12,December,2015,6,Friday,1,1:00am-1:59am,15,15,0,This section IS NOT on the NHS,1,Rural,4,Minor Arterial,1,State Highway Agency,3,State Highway,SR-22,,447,447,32.69635833,32.69635833,-86.921736110,-86.921736110,0,No Special Jurisdiction,34,Ditch,0,Not a Collision with Motor Vehicle In-Transport,0,No,1,Non-Junction,1,Not an Intersection,0,None,,,4,On Roadside,2,Dark - Not Lighted,1,Clear,0,No Additional Atmospheric Conditions,1,Clear,0,No,0000000,Not Applicable,99,Unknown,99,Unknown,1,1:00am-1:59am,42,42,88,"Not Applicable (Not Transported) ",88,Not Applicable (Not Transported),0,None,0,None,0,None,1,1
2015,1,10775,Alabama,1,1,0,0,0,1,1,51,ELMORE (51),0,NOT APPLICABLE,20,12,December,2015,1,Sunday,9,9:00am-9:59am,25,25,0,This section IS NOT on the NHS,1,Rural,4,Minor Arterial,1,State Highway Agency,3,State Highway,SR-111,,146,146,32.64915556,32.64915556,-86.380161110,-86.380161110,0,No Special Jurisdiction,34,Ditch,0,Not a Collision with Motor Vehicle In-Transport,0,No,1,Non-Junction,1,Not an Intersection,0,None,,,4,On Roadside,1,Daylight,1,Clear,0,No Additional Atmospheric Conditions,1,Clear,0,No,0000000,Not Applicable,9,9:00am-9:59am,41,41,9,9:00am-9:59am,49,49,99,Unknown,99,Unknown EMS Hospital Arrival Time,0,None,0,None,0,None,1,0
2015,1,10776,Alabama,2,2,0,0,0,2,2,99,MONROE (99),0,NOT APPLICABLE,21,12,December,2015,2,Monday,16,4:00pm-4:59pm,45,45,0,This section IS NOT on the NHS,1,Rural,5,Major Collector,2,County Highway Agency,4,County Road,CR-42,,0,None,31.64846667,31.64846667,-87.249925000,-87.249925000,0,No Special Jurisdiction,12,"Motor Vehicle In-Transport ",6,"Angle ",0,No,8,Driveway Access Related,1,Not an Intersection,0,None,,,1,On Roadway,1,Daylight,10,Cloudy,0,No Additional Atmospheric Conditions,10,Cloudy,0,No,0000000,Not Applicable,99,Unknown,99,Unknown,17,5:00pm-5:59pm,22,22,88,"Not Applicable (Not Transported) ",88,Not Applicable (Not Transported),0,None,0,None,0,None,1,0
2015,1,10777,Alabama,2,2,0,11,11,2,2,63,GREENE (63),0,NOT APPLICABLE,26,12,December,2015,7,Saturday,17,5:00pm-5:59pm,30,30,0,This section IS NOT on the NHS,1,Rural,7,Local,2,County Highway Agency,4,County Road,CR-231,,0,None,32.88323333,32.88323333,-87.850630560,-87.850630560,0,No Special Jurisdiction,12,"Motor Vehicle In-Transport ",7,Sideswipe - Same Direction,0,No,1,Non-Junction,1,Not an Intersection,0,None,,,1,On Roadway,2,Dark - Not Lighted,2,Rain,0,No Additional Atmospheric Conditions,2,Rain,0,No,0000000,Not Applicable,99,Unknown,99,Unknown,18,6:00pm-6:59pm,38,38,99,Unknown,99,Unknown EMS Hospital Arrival Time,0,None,0,None,0,None,3,0
2015,1,10778,Alabama,2,2,0,0,0,3,3,13,BUTLER (13),0,NOT APPLICABLE,30,12,December,2015,4,Wednesday,10,10:00am-10:59am,25,25,0,This section IS NOT on the NHS,2,Urban,4,Minor Arterial,1,State Highway Agency,2,U.S. Highway,US-SR 3,SR-55,1200,1200,31.59716944,31.59716944,-86.734536110,-86.734536110,0,No Special Jurisdiction,12,"Motor Vehicle In-Transport ",6,"Angle ",0,No,2,Intersection,2,Four-Way Intersection,0,None,,,1,On Roadway,1,Daylight,2,Rain,0,No Additional Atmospheric Conditions,2,Rain,0,No,0000000,Not Applicable,10,10:00am-10:59am,27,27,10,10:00am-10:59am,32,32,11,11:00am-11:59am,13,13,0,None,0,None,0,None,1,0
2015,1,10779,Alabama,2,2,0,0,0,5,5,75,LAMAR (75),0,NOT APPLICABLE,11,12,December,2015,6,Friday,15,3:00pm-3:59pm,45,45,0,This section IS NOT on the NHS,1,Rural,5,Major Collector,2,County Highway Agency,4,County Road,CR-HATLEY DETROIT RD,SAWMILL RD,0,None,34.02341111,34.02341111,-88.207069440,-88.207069440,0,No Special Jurisdiction,12,"Motor Vehicle In-Transport ",2,Front-to-Front,0,No,3,"Intersection-Related ",3,T-Intersection,0,None,,,1,On Roadway,1,Daylight,10,Cloudy,0,No Additional Atmospheric Conditions,10,Cloudy,0,No,0000000,Not Applicable,16,4:00pm-4:59pm,10,10,16,4:00pm-4:59pm,20,20,17,5:00pm-5:59pm,7,7,0,None,0,None,0,None,1,0
2015,1,10780,Alabama,1,1,0,0,0,3,3,109,PIKE (109),0,NOT APPLICABLE,11,12,December,2015,6,Friday,23,11:00pm-11:59pm,40,40,0,This section IS NOT on the NHS,1,Rural,5,Major Collector,2,County Highway Agency,4,County Road,CR-7708,,0,None,31.90983611,31.90983611,-85.922369440,-85.922369440,0,No Special Jurisdiction,11,Live Animal,0,Not a Collision with Motor Vehicle In-Transport,0,No,1,Non-Junction,1,Not an Intersection,0,None,,,1,On Roadway,2,Dark - Not Lighted,5,"Fog, Smog, Smoke",0,No Additional Atmospheric Conditions,5,"Fog, Smog, Smoke",0,No,0000000,Not Applicable,99,Unknown,99,Unknown,0,0:00am-0:59am,5,5,99,Unknown,99,Unknown EMS Hospital Arrival Time,0,None,0,None,0,None,1,1
2015,1,10781,Alabama,1,1,0,0,0,3,3,97,MOBILE (97),0,NOT APPLICABLE,12,12,December,2015,7,Saturday,2,2:00am-2:59am,20,20,0,This section IS NOT on the NHS,1,Rural,5,Major Collector,2,County Highway Agency,4,County Road,CR-COY SMITH HWY,,0,None,31.12489444,31.12489444,-88.099741670,-88.099741670,0,No Special Jurisdiction,34,Ditch,0,Not a Collision with Motor Vehicle In-Transport,0,No,1,Non-Junction,1,Not an Intersection,0,None,,,4,On Roadside,2,Dark - Not Lighted,1,Clear,0,No Additional Atmospheric Conditions,1,Clear,0,No,0000000,Not Applicable,99,Unknown,99,Unknown,3,3:00am-3:59am,12,12,99,Unknown,99,Unknown EMS Hospital Arrival Time,0,None,0,None,0,None,1,1
2015,1,10782,Alabama,1,1,0,0,0,2,2,105,PERRY (105),0,NOT APPLICABLE,19,12,December,2015,7,Saturday,7,7:00am-7:59am,30,30,0,This section IS NOT on the NHS,1,Rural,5,Major Collector,2,County Highway Agency,4,County Road,CR-45,,0,None,32.49776667,32.49776667,-87.242219440,-87.242219440,0,No Special Jurisdiction,1,Rollover/Overturn,0,Not a Collision with Motor Vehicle In-Transport,0,No,1,Non-Junction,1,Not an Intersection,0,None,,,4,On Roadside,1,Daylight,1,Clear,0,No Additional Atmospheric Conditions,1,Clear,0,No,0000000,Not Applicable,7,7:00am-7:59am,49,49,8,8:00am-8:59am,7,7,8,8:00am-8:59am,58,58,0,None,0,None,0,None,1,0
2015,1,10783,Alabama,1,1,0,1,1,1,1,51,ELMORE (51),0,NOT APPLICABLE,19,12,December,2015,7,Saturday,18,6:00pm-6:59pm,30,30,1,This section IS ON the NHS,1,Rural,3,Principal Arterial - Other,1,State Highway Agency,2,U.S. Highway,US-SR 9,,1151,1151,32.45678056,32.45678056,-86.199158330,-86.199158330,0,No Special Jurisdiction,8,Pedestrian,0,Not a Collision with Motor Vehicle In-Transport,0,No,1,Non-Junction,1,Not an Intersection,0,None,,,1,On Roadway,2,Dark - Not Lighted,1,Clear,0,No Additional Atmospheric Conditions,1,Clear,0,No,0000000,Not Applicable,99,Unknown,99,Unknown,19,7:00pm-7:59pm,10,10,88,"Not Applicable (Not Transported) ",88,Not Applicable (Not Transported),0,None,0,None,0,None,1,0
2015,1,10784,Alabama,1,1,0,0,0,5,5,21,CHILTON (21),0,NOT APPLICABLE,25,12,December,2015,6,Friday,2,2:00am-2:59am,0,0,0,This section IS NOT on the NHS,1,Rural,5,Major Collector,2,County Highway Agency,4,County Road,CR-73,CR-54,0,None,33.04839722,33.04839722,-86.871538890,-86.871538890,0,No Special Jurisdiction,38,Fence,0,Not a Collision with Motor Vehicle In-Transport,0,No,3,"Intersection-Related ",3,T-Intersection,0,None,,,4,On Roadside,2,Dark - Not Lighted,2,Rain,0,No Additional Atmospheric Conditions,2,Rain,0,No,0000000,Not Applicable,88,Not Applicable (Not Notified),88,Not Applicable (Not Notified),88,"Not Applicable ",88,Not Applicable,88,"Not Applicable (Not Transported) ",88,Not Applicable (Not Transported),0,None,0,None,0,None,3,1
2015,1,10785,Alabama,1,1,0,0,0,1,1,109,PIKE (109),3040,TROY,3,10,October,2015,7,Saturday,2,2:00am-2:59am,19,19,0,This section IS NOT on the NHS,1,Rural,5,Major Collector,4,City or Municipal Highway Agency,6,Local Street - Municipality,SHELLHORN RD,,0,None,31.81591667,31.81591667,-86.014316670,-86.014316670,0,No Special Jurisdiction,42,Tree (Standing Only),0,Not a Collision with Motor Vehicle In-Transport,0,No,1,Non-Junction,1,Not an Intersection,0,None,,,5,Outside Trafficway,2,Dark - Not Lighted,2,Rain,0,No Additional Atmospheric Conditions,2,Rain,0,No,0000000,Not Applicable,99,Unknown,99,Unknown,2,2:00am-2:59am,25,25,88,"Not Applicable (Not Transported) ",88,Not Applicable (Not Transported),0,None,0,None,0,None,1,1
2016,1,10001,Alabama,1,1,0,0,0,1,1,73,JEFFERSON (73),1716,HOOVER,1,1,January,2016,6,Friday,9,9:00am-9:59am,25,25,1,This section IS ON the NHS,2,Urban,1,Interstate,1,State Highway Agency,1,Interstate,I-65,,2530,2530,33.42645833,33.42645833,-86.819730560,-86.819730560,0,No Special Jurisdiction,42,Tree (Standing Only),0,Not a Collision with Motor Vehicle In-Transport,0,No,1,Non-Junction,1,Not an Intersection,0,None,,,5,Outside Trafficway,1,Daylight,1,Clear,0,No Additional Atmospheric Conditions,1,Clear,0,No,0000000,Not Applicable,9,9:00am-9:59am,31,31,9,9:00am-9:59am,36,36,88,"Not Applicable (Not Transported) ",88,Not Applicable (Not Transported),0,None,0,None,0,None,1,1
2016,1,10002,Alabama,1,1,0,0,0,2,2,73,JEFFERSON (73),1716,HOOVER,10,1,January,2016,1,Sunday,19,7:00pm-7:59pm,59,59,1,This section IS ON the NHS,2,Urban,1,Interstate,1,State Highway Agency,1,Interstate,I-65,I-459 RAMP,2500,2500,33.40030556,33.40030556,-86.787233330,-86.787233330,0,No Special Jurisdiction,1,Rollover/Overturn,0,Not a Collision with Motor Vehicle In-Transport,1,Yes,5,Entrance/Exit Ramp Related,1,Not an Intersection,0,None,,,4,On Roadside,3,Dark - Lighted,1,Clear,0,No Additional Atmospheric Conditions,1,Clear,0,No,0000000,Not Applicable,99,Unknown,99,Unknown,20,8:00pm-8:59pm,5,5,99,Unknown,99,Unknown EMS Hospital Arrival Time,0,None,0,None,0,None,1,1
2016,1,10003,Alabama,2,1,1,0,1,1,2,73,JEFFERSON (73),0,NOT APPLICABLE,1,1,January,2016,6,Friday,2,2:00am-2:59am,20,20,1,This section IS ON the NHS,2,Urban,1,Interstate,1,State Highway Agency,1,Interstate,I-59,,1417,1417,33.64924444,33.64924444,-86.607258330,-86.607258330,0,No Special Jurisdiction,14,"Parked Motor Vehicle ",0,Not a Collision with Motor Vehicle In-Transport,0,No,1,Non-Junction,1,Not an Intersection,0,None,,,4,On Roadside,3,Dark - Lighted,10,Cloudy,0,No Additional Atmospheric Conditions,10,Cloudy,0,No,0000000,Not Applicable,99,Unknown,99,Unknown,2,2:00am-2:59am,31,31,88,"Not Applicable (Not Transported) ",88,Not Applicable (Not Transported),0,None,0,None,0,None,1,0
2016,1,10004,Alabama,1,1,0,0,0,1,1,73,JEFFERSON (73),0,NOT APPLICABLE,17,1,January,2016,1,Sunday,21,9:00pm-9:59pm,45,45,1,This section IS ON the NHS,2,Urban,1,Interstate,1,State Highway Agency,1,Interstate,I-65,,2543,2543,33.42995556,33.42995556,-86.822205560,-86.822205560,0,No Special Jurisdiction,25,Concrete Traffic Barrier,0,Not a Collision with Motor Vehicle In-Transport,0,No,1,Non-Junction,1,Not an Intersection,0,None,,,3,On Median,3,Dark - Lighted,1,Clear,0,No Additional Atmospheric Conditions,1,Clear,0,No,0000000,Not Applicable,99,Unknown,99,Unknown,21,9:00pm-9:59pm,57,57,99,Unknown,99,Unknown EMS Hospital Arrival Time,0,None,0,None,0,None,1,1
2016,1,10005,Alabama,1,1,0,0,0,1,1,73,JEFFERSON (73),3125,VESTAVIA HILLS,26,1,January,2016,3,Tuesday,20,8:00pm-8:59pm,7,7,1,This section IS ON the NHS,2,Urban,1,Interstate,1,State Highway Agency,1,Interstate,I-65,,2530,2530,33.41205000,33.41205000,-86.805577780,-86.805577780,0,No Special Jurisdiction,42,Tree (Standing Only),0,Not a Collision with Motor Vehicle In-Transport,0,No,1,Non-Junction,1,Not an Intersection,0,None,,,5,Outside Trafficway,3,Dark - Lighted,2,Rain,0,No Additional Atmospheric Conditions,2,Rain,0,No,0000000,Not Applicable,20,8:00pm-8:59pm,7,7,20,8:00pm-8:59pm,10,10,88,"Not Applicable (Not Transported) ",88,Not Applicable (Not Transported),0,None,0,None,0,None,1,0
2016,1,10006,Alabama,1,1,0,0,0,1,1,109,PIKE (109),0,NOT APPLICABLE,1,1,January,2016,6,Friday,1,1:00am-1:59am,10,10,0,This section IS NOT on the NHS,1,Rural,4,Minor Arterial,1,State Highway Agency,3,State Highway,SR-87,,520,520,31.72063333,31.72063333,-85.959991670,-85.959991670,0,No Special Jurisdiction,42,Tree (Standing Only),0,Not a Collision with Motor Vehicle In-Transport,0,No,1,Non-Junction,1,Not an Intersection,0,None,,,4,On Roadside,2,Dark - Not Lighted,10,Cloudy,0,No Additional Atmospheric Conditions,10,Cloudy,0,No,0000000,Not Applicable,99,Unknown,99,Unknown,1,1:00am-1:59am,31,31,88,"Not Applicable (Not Transported) ",88,Not Applicable (Not Transported),0,None,0,None,0,None,1,0
2016,1,10007,Alabama,1,1,0,0,0,1,1,117,SHELBY (117),530,CALERA,1,1,January,2016,6,Friday,23,11:00pm-11:59pm,34,34,0,This section IS NOT on the NHS,1,Rural,4,Minor Arterial,2,County Highway Agency,4,County Road,CR-22,,0,None,33.14415000,33.14415000,-86.792769440,-86.792769440,0,No Special Jurisdiction,42,Tree (Standing Only),0,Not a Collision with Motor Vehicle In-Transport,0,No,1,Non-Junction,1,Not an Intersection,0,None,,,4,On Roadside,2,Dark - Not Lighted,1,Clear,0,No Additional Atmospheric Conditions,1,Clear,0,No,0000000,Not Applicable,23,11:00pm-11:59pm,33,33,23,11:00pm-11:59pm,39,39,88,"Not Applicable (Not Transported) ",88,Not Applicable (Not Transported),0,None,0,None,0,None,1,0
2016,1,10008,Alabama,1,1,0,0,0,1,1,83,LIMESTONE (83),0,NOT APPLICABLE,4,1,January,2016,2,Monday,17,5:00pm-5:59pm,30,30,0,This section IS NOT on the NHS,1,Rural,5,Major Collector,1,State Highway Agency,3,State Highway,SR-127,,108,108,34.96508056,34.96508056,-87.014791670,-87.014791670,0,No Special Jurisdiction,32,Culvert,0,Not a Collision with Motor Vehicle In-Transport,0,No,1,Non-Junction,1,Not an Intersection,0,None,,,4,On Roadside,2,Dark - Not Lighted,1,Clear,0,No Additional Atmospheric Conditions,1,Clear,0,No,0000000,Not Applicable,17,5:00pm-5:59pm,36,36,17,5:00pm-5:59pm,50,50,88,"Not Applicable (Not Transported) ",88,Not Applicable (Not Transported),0,None,0,None,0,None,1,1