caseyear,state,st_case,statename,ve_total,ve_forms,pvh_invl,peds,pernotmvit,permvit,persons,county,countyname,city,cityname,day,month,monthname,year,day_week,day_weekname,hour,hourname,minute,minutename,nhs,nhsname,rur_urb,rur_urbname,func_sys,func_sysname,rd_owner,rd_ownername,route,routename,tway_id,tway_id2,milept,mileptname,latitude,latitudename,longitud,longitudname,sp_jur,sp_jurname,harm_ev,harm_evname,man_coll,man_collname,reljct1,reljct1name,reljct2,reljct2name,typ_int,typ_intname,wrk_zone,wrk_zonename,road_fnc,road_fncname,rel_road,rel_roadname,lgt_cond,lgt_condname,weather1,weather1name,weather2,weather2name,weather,weathername,sch_bus,sch_busname,rail,railname,not_hour,not_hourname,not_min,not_minname,arr_hour,arr_hourname,arr_min,arr_minname,hosp_hr,hosp_hrname,hosp_mn,hosp_mnname,cf1,cf1name,cf2,cf2name,cf3,cf3name,fatals,drunk_dr
2016,1,10217,Alabama,2,2,0,0,0,2,2,9,BLOUNT (9),0,NOT APPLICABLE,4,2,February,2016,5,Thursday,10,10:00am-10:59am,16,16,0,This section IS NOT on the NHS,1,Rural,7,Local,2,County Highway Agency,4,County Road,CR-41,CR-39,0,None,34.04534722,34.04534722,-86.334911110,-86.334911110,0,No Special Jurisdiction,12,"Motor Vehicle In-Transport ",6,"Angle ",0,No,2,Intersection,2,Four-Way Intersection,0,None,,,1,On Roadway,1,Daylight,1,Clear,0,No Additional Atmospheric Conditions,1,Clear,0,No,0000000,Not Applicable,10,10:00am-10:59am,21,21,10,10:00am-10:59am,23,23,88,"Not Applicable (Not Transported) ",88,Not Applicable (Not Transported),0,None,0,None,0,None,1,0
2016,1,10218,Alabama,1,1,0,0,0,1,1,47,DALLAS (47),0,NOT APPLICABLE,2,1,January,2016,7,Saturday,17,5:00pm-5:59pm,20,20,0,This section IS NOT on the NHS,1,Rural,6,Minor Collector,2,County Highway Agency,4,County Road,CR-PERSIMMON TREE RD,,0,None,32.46552222,32.46552222,-87.073294440,-87.073294440,0,No Special Jurisdiction,59,"Traffic Sign Support ",0,Not a Collision with Motor Vehicle In-Transport,0,No,1,Non-Junction,1,Not an Intersection,0,None,,,4,On Roadside,2,Dark - Not Lighted,1,Clear,0,No Additional Atmospheric Conditions,1,Clear,0,No,0000000,Not Applicable,17,5:00pm-5:59pm,24,24,17,5:00pm-5:59pm,35,35,18,6:00pm-6:59pm,0,0,0,None,0,None,0,None,1,1
2016,1,10219,Alabama,1,1,0,0,0,3,3,79,LAWRENCE (79),0,NOT APPLICABLE,18,1,January,2016,2,Monday,12,12:00pm-12:59pm,45,45,0,This section IS NOT on the NHS,1,Rural,6,Minor Collector,2,County Highway Agency,4,County Road,CR-150,,0,None,34.59438056,34.59438056,-87.356727780,-87.356727780,0,No Special Jurisdiction,5,Fell/Jumped from Vehicle,0,Not a Collision with Motor Vehicle In-Transport,0,No,1,Non-Junction,1,Not an Intersection,0,None,,,1,On Roadway,1,Daylight,1,Clear,0,No Additional Atmospheric Conditions,1,Clear,0,No,0000000,Not Applicable,12,12:00pm-12:59pm,48,48,13,1:00pm-1:59pm,3,3,13,1:00pm-1:59pm,18,18,0,None,0,None,0,None,1,0
2016,1,10220,Alabama,1,1,0,0,0,1,1,103,MORGAN (103),0,NOT APPLICABLE,27,1,January,2016,4,Wednesday,7,7:00am-7:59am,0,0,0,This section IS NOT on the NHS,1,Rural,6,Minor Collector,2,County Highway Agency,4,County Road,CR-ANTIOCH RD,,0,None,34.46536389,34.46536389,-86.735913890,-86.735913890,0,No Special Jurisdiction,52,Guardrail End,0,Not a Collision with Motor Vehicle In-Transport,0,No,1,Non-Junction,1,Not an Intersection,0,None,,,4,On Roadside,1,Daylight,10,Cloudy,0,No Additional Atmospheric Conditions,10,Cloudy,0,No,0000000,Not Applicable,99,Unknown,99,Unknown,7,7:00am-7:59am,15,15,99,Unknown,99,Unknown EMS Hospital Arrival Time,0,None,0,None,0,None,1,0
2016,1,10221,Alabama,2,2,0,0,0,4,4,97,MOBILE (97),0,NOT APPLICABLE,16,1,January,2016,7,Saturday,13,1:00pm-1:59pm,50,50,0,This section IS NOT on the NHS,1,Rural,7,Local,2,County Highway Agency,4,County Road,CR-NOVATAN RD,,0,None,30.70059444,30.70059444,-88.309980560,-88.309980560,0,No Special Jurisdiction,12,"Motor Vehicle In-Transport ",6,"Angle ",0,No,8,Driveway Access Related,1,Not an Intersection,0,None,,,1,On Roadway,1,Daylight,1,Clear,0,No Additional Atmospheric Conditions,1,Clear,0,No,0000000,Not Applicable,99,Unknown,99,Unknown,14,2:00pm-2:59pm,5,5,99,Unknown,99,Unknown EMS Hospital Arrival Time,0,None,0,None,0,None,1,0
2016,1,10222,Alabama,1,1,0,0,0,1,1,51,ELMORE (51),0,NOT APPLICABLE,21,1,January,2016,5,Thursday,21,9:00pm-9:59pm,10,10,0,This section IS NOT on the NHS,1,Rural,4,Minor Arterial,1,State Highway Agency,3,State Highway,SR-9,,1302,1302,32.63636111,32.63636111,-86.128341670,-86.128341670,0,No Special Jurisdiction,42,Tree (Standing Only),0,Not a Collision with Motor Vehicle In-Transport,0,No,1,Non-Junction,1,Not an Intersection,0,None,,,4,On Roadside,2,Dark - Not Lighted,1,Clear,0,No Additional Atmospheric Conditions,1,Clear,0,No,0000000,Not Applicable,99,Unknown,99,Unknown,21,9:00pm-9:59pm,23,23,88,"Not Applicable (Not Transported) ",88,Not Applicable (Not Transported),0,None,0,None,0,None,1,0
2016,1,10223,Alabama,2,2,0,0,0,2,2,9,BLOUNT (9),0,NOT APPLICABLE,11,1,January,2016,2,Monday,17,5:00pm-5:59pm,36,36,0,This section IS NOT on the NHS,1,Rural,4,Minor Arterial,1,State Highway Agency,3,State Highway,SR-75,,246,246,33.89295833,33.89295833,-86.518663890,-86.518663890,0,No Special Jurisdiction,12,"Motor Vehicle In-Transport ",6,"Angle ",0,No,1,Non-Junction,1,Not an Intersection,0,None,,,1,On Roadway,5,Dusk,1,Clear,0,No Additional Atmospheric Conditions,1,Clear,0,No,0000000,Not Applicable,99,Unknown,99,Unknown,17,5:00pm-5:59pm,42,42,88,"Not Applicable (Not Transported) ",88,Not Applicable (Not Transported),0,None,0,None,0,None,2,0
2016,1,10224,Alabama,2,2,0,0,0,2,2,51,ELMORE (51),0,NOT APPLICABLE,9,1,January,2016,7,Saturday,5,5:00am-5:59am,38,38,0,This section IS NOT on the NHS,1,Rural,7,Local,4,City or Municipal Highway Agency,6,Local Street - Municipality,EMERALD MOUNTAIN EXPRESSWAY,,0,None,32.43390833,32.43390833,-86.123897220,-86.123897220,0,No Special Jurisdiction,12,"Motor Vehicle In-Transport ",8,Sideswipe - Opposite Direction,0,No,1,Non-Junction,1,Not an Intersection,0,None,,,1,On Roadway,3,Dark - Lighted,10,Cloudy,0,No Additional Atmospheric Conditions,10,Cloudy,0,No,0000000,Not Applicable,99,Unknown,99,Unknown,6,6:00am-6:59am,15,15,88,"Not Applicable (Not Transported) ",88,Not Applicable (Not Transported),0,None,0,None,0,None,1,0
2016,1,10225,Alabama,3,3,0,0,0,4,4,77,LAUDERDALE (77),0,NOT APPLICABLE,17,1,January,2016,1,Sunday,18,6:00pm-6:59pm,5,5,0,This section IS NOT on the NHS,1,Rural,3,Principal Arterial - Other,1,State Highway Agency,2,U.S. Highway,US-SR 13,,3340,3340,34.97452778,34.97452778,-87.520505560,-87.520505560,0,No Special Jurisdiction,12,"Motor Vehicle In-Transport ",1,"Front-to-Rear ",0,No,8,Driveway Access Related,1,Not an Intersection,0,None,,,1,On Roadway,2,Dark - Not Lighted,1,Clear,0,No Additional Atmospheric Conditions,1,Clear,0,No,0000000,Not Applicable,99,Unknown,99,Unknown,18,6:00pm-6:59pm,16,16,99,Unknown,99,Unknown EMS Hospital Arrival Time,0,None,0,None,0,None,1,0
2016,1,10226,Alabama,2,2,0,0,0,3,3,101,MONTGOMERY (101),0,NOT APPLICABLE,10,2,February,2016,4,Wednesday,22,10:00pm-10:59pm,25,25,1,This section IS ON the NHS,1,Rural,1,Interstate,1,State Highway Agency,1,Interstate,I-65,,1745,1745,32.40701667,32.40701667,-86.344200000,-86.344200000,0,No Special Jurisdiction,12,"Motor Vehicle In-Transport ",1,"Front-to-Rear ",0,No,1,Non-Junction,1,Not an Intersection,0,None,,,1,On Roadway,2,Dark - Not Lighted,1,Clear,0,No Additional Atmospheric Conditions,1,Clear,0,No,0000000,Not Applicable,22,10:00pm-10:59pm,36,36,22,10:00pm-10:59pm,47,47,23,11:00pm-11:59pm,16,16,0,None,0,None,0,None,2,0
2016,1,10227,Alabama,3,3,0,0,0,6,6,101,MONTGOMERY (101),0,NOT APPLICABLE,2,1,January,2016,7,Saturday,18,6:00pm-6:59pm,5,5,1,This section IS ON the NHS,1,Rural,1,Interstate,1,State Highway Agency,1,Interstate,I-65,,1761,1761,32.41687778,32.41687778,-86.355688890,-86.355688890,0,No Special Jurisdiction,12,"Motor Vehicle In-Transport ",1,"Front-to-Rear ",0,No,1,Non-Junction,1,Not an Intersection,0,None,,,1,On Roadway,2,Dark - Not Lighted,1,Clear,0,No Additional Atmospheric Conditions,1,Clear,0,No,0000000,Not Applicable,99,Unknown,99,Unknown,18,6:00pm-6:59pm,25,25,99,Unknown,99,Unknown EMS Hospital Arrival Time,0,None,0,None,0,None,1,0
2016,1,10228,Alabama,1,1,0,0,0,2,2,35,CONECUH (35),1080,EVERGREEN,11,1,January,2016,2,Monday,18,6:00pm-6:59pm,35,35,1,This section IS ON the NHS,1,Rural,1,Interstate,1,State Highway Agency,1,Interstate,I-65,,934,934,31.42476667,31.42476667,-87.000322220,-87.000322220,0,No Special Jurisdiction,23,Bridge Rail (Includes parapet),0,Not a Collision with Motor Vehicle In-Transport,0,No,1,Non-Junction,1,Not an Intersection,0,None,,,4,On Roadside,3,Dark - Lighted,1,Clear,0,No Additional Atmospheric Conditions,1,Clear,0,No,0000000,Not Applicable,99,Unknown,99,Unknown,18,6:00pm-6:59pm,37,37,99,Unknown,99,Unknown EMS Hospital Arrival Time,0,None,0,None,0,None,1,0
2016,1,10229,Alabama,1,1,0,1,1,1,1,101,MONTGOMERY (101),2130,MONTGOMERY,14,3,March,2016,2,Monday,20,8:00pm-8:59pm,50,50,1,This section IS ON the NHS,2,Urban,3,Principal Arterial - Other,1,State Highway Agency,3,State Highway,SR-6,NARROW LANE RD,0,None,32.32693056,32.32693056,-86.282091670,-86.282091670,0,No Special Jurisdiction,8,Pedestrian,0,Not a Collision with Motor Vehicle In-Transport,0,No,3,"Intersection-Related ",2,Four-Way Intersection,0,None,,,1,On Roadway,3,Dark - Lighted,1,Clear,0,No Additional Atmospheric Conditions,1,Clear,0,No,0000000,Not Applicable,99,Unknown,99,Unknown,20,8:00pm-8:59pm,57,57,88,"Not Applicable (Not Transported) ",88,Not Applicable (Not Transported),0,None,0,None,0,None,1,0
2016,1,10230,Alabama,1,1,0,2,2,2,2,21,CHILTON (21),1790,JEMISON,12,4,April,2016,3,Tuesday,18,6:00pm-6:59pm,18,18,0,This section IS NOT on the NHS,1,Rural,4,Minor Arterial,1,State Highway Agency,3,State Highway,SR-191,MAIN ST,138,138,32.95967778,32.95967778,-86.746844440,-86.746844440,0,No Special Jurisdiction,8,Pedestrian,0,Not a Collision with Motor Vehicle In-Transport,0,No,2,Intersection,2,Four-Way Intersection,0,None,,,1,On Roadway,1,Daylight,1,Clear,0,No Additional Atmospheric Conditions,1,Clear,0,No,0000000,Not Applicable,18,6:00pm-6:59pm,22,22,18,6:00pm-6:59pm,24,24,99,Unknown,99,Unknown EMS Hospital Arrival Time,0,None,0,None,0,None,1,0
2016,1,10231,Alabama,1,1,0,0,0,1,1,113,RUSSELL (113),0,NOT APPLICABLE,21,4,April,2016,5,Thursday,19,7:00pm-7:59pm,10,10,0,This section IS NOT on the NHS,1,Rural,5,Major Collector,1,State Highway Agency,3,State Highway,SR-51,,957,957,32.38103333,32.38103333,-85.380097220,-85.380097220,0,No Special Jurisdiction,42,Tree (Standing Only),0,Not a Collision with Motor Vehicle In-Transport,0,No,1,Non-Junction,1,Not an Intersection,0,None,,,4,On Roadside,2,Dark - Not Lighted,2,Rain,0,No Additional Atmospheric Conditions,2,Rain,0,No,0000000,Not Applicable,19,7:00pm-7:59pm,13,13,19,7:00pm-7:59pm,53,53,19,7:00pm-7:59pm,54,54,0,None,0,None,0,None,1,1
2016,1,10232,Alabama,2,2,0,0,0,6,6,31,COFFEE (31),0,NOT APPLICABLE,23,4,April,2016,7,Saturday,23,11:00pm-11:59pm,4,4,0,This section IS NOT on the NHS,1,Rural,5,Major Collector,2,County Highway Agency,4,County Road,CR-651,,0,None,31.20233889,31.20233889,-85.919972220,-85.919972220,0,No Special Jurisdiction,12,"Motor Vehicle In-Transport ",6,"Angle ",0,No,1,Non-Junction,1,Not an Intersection,0,None,,,1,On Roadway,2,Dark - Not Lighted,10,Cloudy,0,No Additional Atmospheric Conditions,10,Cloudy,0,No,0000000,Not Applicable,23,11:00pm-11:59pm,0,0,23,11:00pm-11:59pm,27,27,99,Unknown,99,Unknown EMS Hospital Arrival Time,0,None,0,None,0,None,1,1
2016,1,10233,Alabama,1,1,0,0,0,1,1,17,CHAMBERS (17),0,NOT APPLICABLE,24,4,April,2016,1,Sunday,18,6:00pm-6:59pm,54,54,0,This section IS NOT on the NHS,1,Rural,5,Major Collector,2,County Highway Agency,4,County Road,CR-388,,0,None,32.74885278,32.74885278,-85.243372220,-85.243372220,0,No Special Jurisdiction,32,Culvert,0,Not a Collision with Motor Vehicle In-Transport,0,No,1,Non-Junction,1,Not an Intersection,0,None,,,4,On Roadside,1,Daylight,1,Clear,0,No Additional Atmospheric Conditions,1,Clear,0,No,0000000,Not Applicable,99,Unknown,99,Unknown,19,7:00pm-7:59pm,8,8,99,Unknown,99,Unknown EMS Hospital Arrival Time,0,None,0,None,0,None,1,1
2016,1,10234,Alabama,1,1,0,1,1,1,1,113,RUSSELL (113),2440,PHENIX CITY,26,4,April,2016,3,Tuesday,20,8:00pm-8:59pm,22,22,1,This section IS ON the NHS,2,Urban,1,Interstate,1,State Highway Agency,2,U.S. Highway,US-SR 8,,2175,2175,32.50251389,32.50251389,-85.009233330,-85.009233330,0,No Special Jurisdiction,8,Pedestrian,0,Not a Collision with Motor Vehicle In-Transport,0,No,1,Non-Junction,1,Not an Intersection,0,None,,,1,On Roadway,5,Dusk,1,Clear,0,No Additional Atmospheric Conditions,1,Clear,0,No,0000000,Not Applicable,20,8:00pm-8:59pm,30,30,20,8:00pm-8:59pm,31,31,20,8:00pm-8:59pm,53,53,0,None,0,None,0,None,1,0
2016,1,10235,Alabama,1,1,0,0,0,2,2,113,RUSSELL (113),0,NOT APPLICABLE,29,4,April,2016,6,Friday,21,9:00pm-9:59pm,20,20,1,This section IS ON the NHS,1,Rural,3,Principal Arterial - Other,1,State Highway Agency,2,U.S. Highway,US-SR 8,,2012,2012,32.44619722,32.44619722,-85.250366670,-85.250366670,0,No Special Jurisdiction,42,Tree (Standing Only),0,Not a Collision with Motor Vehicle In-Transport,0,No,1,Non-Junction,1,Not an Intersection,0,None,,,4,On Roadside,2,Dark - Not Lighted,1,Clear,0,No Additional Atmospheric Conditions,1,Clear,0,No,0000000,Not Applicable,21,9:00pm-9:59pm,20,20,21,9:00pm-9:59pm,20,20,88,"Not Applicable (Not Transported) ",88,Not Applicable (Not Transported),0,None,0,None,0,None,1,0
2016,1,10236,Alabama,1,1,0,0,0,1,1,39,COVINGTON (39),0,NOT APPLICABLE,29,4,April,2016,6,Friday,5,5:00am-5:59am,34,34,0,This section IS NOT on the NHS,1,Rural,4,Minor Arterial,1,State Highway Agency,2,U.S. Highway,US-SR 15,,571,571,31.44721944,31.44721944,-86.453047220,-86.453047220,0,No Special Jurisdiction,1,Rollover/Overturn,0,Not a Collision with Motor Vehicle In-Transport,0,No,1,Non-Junction,1,Not an Intersection,0,None,,,4,On Roadside,4,Dawn,1,Clear,0,No Additional Atmospheric Conditions,1,Clear,0,No,0000000,Not Applicable,6,6:00am-6:59am,6,6,6,6:00am-6:59am,6,6,88,"Not Applicable (Not Transported) ",88,Not Applicable (Not Transported),0,None,0,None,0,None,1,0
2016,1,10237,Alabama,1,1,0,0,0,1,1,47,DALLAS (47),0,NOT APPLICABLE,30,4,April,2016,7,Saturday,23,11:00pm-11:59pm,40,40,0,This section IS NOT on the NHS,1,Rural,7,Local,2,County Highway Agency,4,County Road,CR-MOORE'S FERRY RD,,0,None,32.41395278,32.41395278,-87.107633330,-87.107633330,0,No Special Jurisdiction,42,Tree (Standing Only),0,Not a Collision with Motor Vehicle In-Transport,0,No,1,Non-Junction,1,Not an Intersection,0,None,,,4,On Roadside,2,Dark - Not Lighted,10,Cloudy,0,No Additional Atmospheric Conditions,10,Cloudy,0,No,0000000,Not Applicable,88,Not Applicable (Not Notified),88,Not Applicable (Not Notified),88,"Not Applicable ",88,Not Applicable,88,"Not Applicable (Not Transported) ",88,Not Applicable (Not Transported),0,None,0,None,0,None,1,1
2016,1,10238,Alabama,1,1,0,0,0,3,3,15,CALHOUN (15),0,NOT APPLICABLE,3,5,May,2016,3,Tuesday,11,11:00am-11:59am,40,40,0,This section IS NOT on the NHS,1,Rural,7,Local,2,County Highway Agency,4,County Road,CR-THOMPSON RD,,0,None,33.86073611,33.86073611,-85.970111110,-85.970111110,0,No Special Jurisdiction,1,Rollover/Overturn,0,Not a Collision with Motor Vehicle In-Transport,0,No,1,Non-Junction,1,Not an Intersection,0,None,,,1,On Roadway,1,Daylight,10,Cloudy,0,No Additional Atmospheric Conditions,10,Cloudy,0,No,0000000,Not Applicable,11,11:00am-11:59am,40,40,12,12:00pm-12:59pm,0,0,12,12:00pm-12:59pm,4,4,0,None,0,None,0,None,1,0
2016,1,10239,Alabama,1,1,0,0,0,3,3,73,JEFFERSON (73),350,BIRMINGHAM,3,5,May,2016,3,Tuesday,22,10:00pm-10:59pm,15,15,0,This section IS NOT on the NHS,2,Urban,7,Local,4,City or Municipal Highway Agency,6,Local Street - Municipality,15TH PLACE SW,,0,None,33.48693611,33.48693611,-86.855491670,-86.855491670,0,No Special Jurisdiction,10,Railway Vehicle,0,Not a Collision with Motor Vehicle In-Transport,0,No,6,"Railway Grade Crossing ",1,Not an Intersection,0,None,,,1,On Roadway,3,Dark - Lighted,1,Clear,0,No Additional Atmospheric Conditions,1,Clear,0,No,728030G,728030G,22,10:00pm-10:59pm,24,24,22,10:00pm-10:59pm,28,28,23,11:00pm-11:59pm,23,23,0,None,0,None,0,None,2,0
2016,1,10240,Alabama,1,1,0,0,0,2,2,101,MONTGOMERY (101),2130,MONTGOMERY,4,5,May,2016,4,Wednesday,18,6:00pm-6:59pm,19,19,0,This section IS NOT on the NHS,2,Urban,7,Local,4,City or Municipal Highway Agency,6,Local Street - Municipality,S JACKSON ST,,0,None,32.36599444,32.36599444,-86.296166670,-86.296166670,0,No Special Jurisdiction,42,Tree (Standing Only),0,Not a Collision with Motor Vehicle In-Transport,0,No,1,Non-Junction,1,Not an Intersection,0,None,,,4,On Roadside,5,Dusk,2,Rain,0,No Additional Atmospheric Conditions,2,Rain,0,No,0000000,Not Applicable,99,Unknown,99,Unknown,18,6:00pm-6:59pm,25,25,99,Unknown,99,Unknown EMS Hospital Arrival Time,0,None,0,None,0,None,1,1
2016,1,10241,Alabama,1,1,0,1,1,1,1,95,MARSHALL (95),50,ALBERTVILLE,5,5,May,2016,5,Thursday,10,10:00am-10:59am,0,0,0,This section IS NOT on the NHS,1,Rural,4,Minor Arterial,1,State Highway Agency,3,State Highway,SR-75,,597,597,34.28227500,34.28227500,-86.191641670,-86.191641670,0,No Special Jurisdiction,8,Pedestrian,0,Not a Collision with Motor Vehicle In-Transport,0,No,1,Non-Junction,1,Not an Intersection,0,None,,,2,On Shoulder,1,Daylight,1,Clear,0,No Additional Atmospheric Conditions,1,Clear,0,No,0000000,Not Applicable,10,10:00am-10:59am,12,12,10,10:00am-10:59am,14,14,11,11:00am-11:59am,22,22,0,None,0,None,0,None,1,0
2016,1,10242,Alabama,1,1,0,0,0,1,1,113,RUSSELL (113),0,NOT APPLICABLE,5,5,May,2016,5,Thursday,4,4:00am-4:59am,11,11,0,This section IS NOT on the NHS,1,Rural,5,Major Collector,1,State Highway Agency,3,State Highway,SR-165,,84,84,32.09955278,32.09955278,-85.081591670,-85.081591670,0,No Special Jurisdiction,42,Tree (Standing Only),0,Not a Collision with Motor Vehicle In-Transport,0,No,1,Non-Junction,1,Not an Intersection,0,None,,,4,On Roadside,2,Dark - Not Lighted,1,Clear,0,No Additional Atmospheric Conditions,1,Clear,0,No,0000000,Not Applicable,88,Not Applicable (Not Notified),88,Not Applicable (Not Notified),88,"Not Applicable ",88,Not Applicable,88,"Not Applicable (Not Transported) ",88,Not Applicable (Not Transported),0,None,0,None,0,None,1,0
2016,1,10243,Alabama,2,2,0,0,0,2,2,125,TUSCALOOSA (125),0,NOT APPLICABLE,5,5,May,2016,5,Thursday,23,11:00pm-11:59pm,10,10,1,This section IS ON the NHS,1,Rural,1,Interstate,1,State Highway Agency,1,Interstate,I-59,,689,689,33.15476667,33.15476667,-87.591883330,-87.591883330,0,No Special Jurisdiction,12,"Motor Vehicle In-Transport ",2,Front-to-Front,0,No,1,Non-Junction,1,Not an Intersection,0,None,,,1,On Roadway,2,Dark - Not Lighted,1,Clear,0,No Additional Atmospheric Conditions,1,Clear,0,No,0000000,Not Applicable,99,Unknown,99,Unknown,23,11:00pm-11:59pm,35,35,99,Unknown,99,Unknown EMS Hospital Arrival Time,0,None,0,None,0,None,1,1
2016,1,10244,Alabama,1,1,0,0,0,1,1,45,DALE (45),0,NOT APPLICABLE,6,5,May,2016,6,Friday,16,4:00pm-4:59pm,55,55,0,This section IS NOT on the NHS,1,Rural,4,Minor Arterial,1,State Highway Agency,3,State Highway,SR-123,,438,438,31.59746944,31.59746944,-85.748086110,-85.748086110,0,No Special Jurisdiction,24,Guardrail Face,0,Not a Collision with Motor Vehicle In-Transport,0,No,1,Non-Junction,1,Not an Intersection,0,None,,,4,On Roadside,1,Daylight,1,Clear,0,No Additional Atmospheric Conditions,1,Clear,0,No,0000000,Not Applicable,99,Unknown,99,Unknown,17,5:00pm-5:59pm,10,10,88,"Not Applicable (Not Transported) ",88,Not Applicable (Not Transported),0,None,0,None,0,None,1,0
2016,1,10245,Alabama,1,1,0,0,0,1,1,127,WALKER (127),0,NOT APPLICABLE,6,5,May,2016,6,Friday,3,3:00am-3:59am,45,45,1,This section IS ON the NHS,1,Rural,1,Interstate,1,State Highway Agency,1,Interstate,I-22,,562,562,33.85751667,33.85751667,-87.367666670,-87.367666670,0,No Special Jurisdiction,1,Rollover/Overturn,0,Not a Collision with Motor Vehicle In-Transport,0,No,1,Non-Junction,1,Not an Intersection,0,None,,,3,On Median,2,Dark - Not Lighted,1,Clear,0,No Additional Atmospheric Conditions,1,Clear,0,No,0000000,Not Applicable,3,3:00am-3:59am,56,56,4,4:00am-4:59am,11,11,88,"Not Applicable (Not Transported) ",88,Not Applicable (Not Transported),0,None,0,None,0,None,1,0
2016,1,10246,Alabama,2,2,0,0,0,3,3,69,HOUSTON (69),930,DOTHAN,7,5,May,2016,7,Saturday,11,11:00am-11:59am,34,34,1,This section IS ON the NHS,2,Urban,3,Principal Arterial - Other,1,State Highway Agency,2,U.S. Highway,US-SR 12,S BRANNON STAND RD,0,None,31.23985278,31.23985278,-85.480883330,-85.480883330,0,No Special Jurisdiction,12,"Motor Vehicle In-Transport ",6,"Angle ",0,No,2,Intersection,2,Four-Way Intersection,0,None,,,1,On Roadway,1,Daylight,1,Clear,0,No Additional Atmospheric Conditions,1,Clear,0,No,0000000,Not Applicable,11,11:00am-11:59am,38,38,11,11:00am-11:59am,42,42,12,12:00pm-12:59pm,6,6,0,None,0,None,0,None,1,0
2016,1,10247,Alabama,2,2,0,0,0,2,2,5,BARBOUR (5),710,CLAYTON,6,5,May,2016,6,Friday,13,1:00pm-1:59pm,10,10,0,This section IS NOT on the NHS,1,Rural,5,Major Collector,1,State Highway Agency,3,State Highway,SR-51,SR-239,499,499,31.88528611,31.88528611,-85.460930560,-85.460930560,0,No Special Jurisdiction,12,"Motor Vehicle In-Transport ",6,"Angle ",0,No,2,Intersection,2,Four-Way Intersection,0,None,,,1,On Roadway,1,Daylight,1,Clear,0,No Additional Atmospheric Conditions,1,Clear,0,No,0000000,Not Applicable,13,1:00pm-1:59pm,16,16,13,1:00pm-1:59pm,31,31,14,2:00pm-2:59pm,39,39,14,"Motor Vehicle struck by falling cargo,or something that came loose from or something that was set in motion by a vehicle",0,None,0,None,1,0
2016,1,10248,Alabama,1,1,0,0,0,1,1,73,JEFFERSON (73),330,BESSEMER,9,5,May,2016,2,Monday,13,1:00pm-1:59pm,13,13,1,This section IS ON the NHS,2,Urban,1,Interstate,1,State Highway Agency,1,Interstate,I-459,,40,40,33.33370000,33.33370000,-86.963172220,-86.963172220,0,No Special Jurisdiction,21,Bridge Pier or Support,0,Not a Collision with Motor Vehicle In-Transport,0,No,1,Non-Junction,1,Not an Intersection,0,None,,,4,On Roadside,1,Daylight,10,Cloudy,0,No Additional Atmospheric Conditions,10,Cloudy,0,No,0000000,Not Applicable,99,Unknown,99,Unknown,13,1:00pm-1:59pm,19,19,88,"Not Applicable (Not Transported) ",88,Not Applicable (Not Transported),0,None,0,None,0,None,1,0
2016,1,10249,Alabama,1,1,0,0,0,1,1,93,MARION (93),0,NOT APPLICABLE,10,5,May,2016,3,Tuesday,12,12:00pm-12:59pm,25,25,1,This section IS ON the NHS,1,Rural,1,Interstate,1,State Highway Agency,1,Interstate,I-22,,220,220,34.04421389,34.04421389,-87.895783330,-87.895783330,0,No Special Jurisdiction,21,Bridge Pier or Support,0,Not a Collision with Motor Vehicle In-Transport,0,No,1,Non-Junction,1,Not an Intersection,0,None,,,4,On Roadside,1,Daylight,1,Clear,0,No Additional Atmospheric Conditions,1,Clear,0,No,0000000,Not Applicable,12,12:00pm-12:59pm,28,28,12,12:00pm-12:59pm,41,41,88,"Not Applicable (Not Transported) ",88,Not Applicable (Not Transported),0,None,0,None,0,None,1,0
2016,1,10250,Alabama,2,2,0,0,0,4,4,89,MADISON (89),1730,HUNTSVILLE,19,5,May,2016,5,Thursday,1,1:00am-1:59am,32,32,1,This section IS ON the NHS,2,Urban,1,Interstate,1,State Highway Agency,1,Interstate,I-565,,150,150,34.71350833,34.71350833,-86.648905560,-86.648905560,0,No Special Jurisdiction,12,"Motor Vehicle In-Transport ",2,Front-to-Front,0,No,1,Non-Junction,1,Not an Intersection,0,None,,,1,On Roadway,3,Dark - Lighted,1,Clear,0,No Additional Atmospheric Conditions,1,Clear,0,No,0000000,Not Applicable,99,Unknown,99,Unknown,1,1:00am-1:59am,38,38,99,Unknown,99,Unknown EMS Hospital Arrival Time,0,None,0,None,0,None,3,2
2016,1,10251,Alabama,1,1,0,0,0,1,1,73,JEFFERSON (73),330,BESSEMER,19,5,May,2016,5,Thursday,11,11:00am-11:59am,58,58,1,This section IS ON the NHS,2,Urban,1,Interstate,1,State Highway Agency,1,Interstate,I-459,EASTERN VALLEY RD,10,10,33.33245833,33.33245833,-86.997852780,-86.997852780,0,No Special Jurisdiction,33,Curb,0,Not a Collision with Motor Vehicle In-Transport,1,Yes,3,"Intersection-Related ",3,T-Intersection,0,None,,,8,Gore,1,Daylight,1,Clear,0,No Additional Atmospheric Conditions,1,Clear,0,No,0000000,Not Applicable,12,12:00pm-12:59pm,0,0,12,12:00pm-12:59pm,5,5,88,"Not Applicable (Not Transported) ",88,Not Applicable (Not Transported),0,None,0,None,0,None,1,0