caseyear,state,st_case,statename,ve_total,ve_forms,pvh_invl,peds,pernotmvit,permvit,persons,county,countyname,city,cityname,day,month,monthname,year,day_week,day_weekname,hour,hourname,minute,minutename,nhs,nhsname,rur_urb,rur_urbname,func_sys,func_sysname,rd_owner,rd_ownername,route,routename,tway_id,tway_id2,milept,mileptname,latitude,latitudename,longitud,longitudname,sp_jur,sp_jurname,harm_ev,harm_evname,man_coll,man_collname,reljct1,reljct1name,reljct2,reljct2name,typ_int,typ_intname,wrk_zone,wrk_zonename,road_fnc,road_fncname,rel_road,rel_roadname,lgt_cond,lgt_condname,weather1,weather1name,weather2,weather2name,weather,weathername,sch_bus,sch_busname,rail,railname,not_hour,not_hourname,not_min,not_minname,arr_hour,arr_hourname,arr_min,arr_minname,hosp_hr,hosp_hrname,hosp_mn,hosp_mnname,cf1,cf1name,cf2,cf2name,cf3,cf3name,fatals,drunk_dr
2016,1,10288,Alabama,1,1,0,0,0,1,1,1,AUTAUGA (1),0,NOT APPLICABLE,26,5,May,2016,5,Thursday,12,12:00pm-12:59pm,50,50,0,This section IS NOT on the NHS,1,Rural,5,Major Collector,2,County Highway Agency,4,County Road,CR-83,,0,None,32.53255278,32.53255278,-86.897086110,-86.897086110,0,No Special Jurisdiction,1,Rollover/Overturn,0,Not a Collision with Motor Vehicle In-Transport,0,No,1,Non-Junction,1,Not an Intersection,0,None,,,4,On Roadside,1,Daylight,1,Clear,0,No Additional Atmospheric Conditions,1,Clear,0,No,0000000,Not Applicable,99,Unknown,99,Unknown,13,1:00pm-1:59pm,0,0,88,"Not Applicable (Not Transported) ",88,Not Applicable (Not Transported),0,None,0,None,0,None,1,0
2016,1,10289,Alabama,2,2,0,0,0,5,5,55,ETOWAH (55),80,ALTOONA,26,5,May,2016,5,Thursday,14,2:00pm-2:59pm,45,45,0,This section IS NOT on the NHS,1,Rural,4,Minor Arterial,1,State Highway Agency,3,State Highway,SR-132,,120,120,34.03827778,34.03827778,-86.293100000,-86.293100000,0,No Special Jurisdiction,12,"Motor Vehicle In-Transport ",2,Front-to-Front,0,No,1,Non-Junction,1,Not an Intersection,0,None,,,1,On Roadway,1,Daylight,1,Clear,0,No Additional Atmospheric Conditions,1,Clear,1,Yes,0000000,Not Applicable,14,2:00pm-2:59pm,50,50,15,3:00pm-3:59pm,7,7,15,3:00pm-3:59pm,31,31,0,None,0,None,0,None,1,0
2016,1,10290,Alabama,1,1,0,1,1,1,1,89,MADISON (89),1970,MADISON,26,5,May,2016,5,Thursday,20,8:00pm-8:59pm,33,33,0,This section IS NOT on the NHS,2,Urban,4,Minor Arterial,4,City or Municipal Highway Agency,6,Local Street - Municipality,OLD MADISON PIKE,,0,None,34.70653889,34.70653889,-86.732986110,-86.732986110,0,No Special Jurisdiction,15,Non-Motorist on Personal Conveyance,0,Not a Collision with Motor Vehicle In-Transport,0,No,1,Non-Junction,1,Not an Intersection,0,None,,,1,On Roadway,2,Dark - Not Lighted,1,Clear,0,No Additional Atmospheric Conditions,1,Clear,0,No,0000000,Not Applicable,99,Unknown,99,Unknown,20,8:00pm-8:59pm,39,39,99,Unknown,99,Unknown EMS Hospital Arrival Time,0,None,0,None,0,None,1,0
2016,1,10291,Alabama,2,2,0,0,0,2,2,133,WINSTON (133),0,NOT APPLICABLE,26,5,May,2016,5,Thursday,12,12:00pm-12:59pm,50,50,0,This section IS NOT on the NHS,1,Rural,5,Major Collector,2,County Highway Agency,4,County Road,CR-41,,0,None,34.14956667,34.14956667,-87.181366670,-87.181366670,0,No Special Jurisdiction,12,"Motor Vehicle In-Transport ",2,Front-to-Front,0,No,1,Non-Junction,1,Not an Intersection,0,None,,,1,On Roadway,1,Daylight,1,Clear,0,No Additional Atmospheric Conditions,1,Clear,0,No,0000000,Not Applicable,99,Unknown,99,Unknown,13,1:00pm-1:59pm,10,10,99,Unknown,99,Unknown EMS Hospital Arrival Time,0,None,0,None,0,None,1,0
2016,1,10292,Alabama,1,1,0,1,1,1,1,89,MADISON (89),1730,HUNTSVILLE,27,5,May,2016,6,Friday,20,8:00pm-8:59pm,9,9,1,This section IS ON the NHS,2,Urban,3,Principal Arterial - Other,1,State Highway Agency,2,U.S. Highway,US-SR 2,,940,940,34.73620278,34.73620278,-86.649411110,-86.649411110,0,No Special Jurisdiction,8,Pedestrian,0,Not a Collision with Motor Vehicle In-Transport,0,No,1,Non-Junction,1,Not an Intersection,0,None,,,1,On Roadway,3,Dark - Lighted,1,Clear,0,No Additional Atmospheric Conditions,1,Clear,0,No,0000000,Not Applicable,99,Unknown,99,Unknown,20,8:00pm-8:59pm,14,14,88,"Not Applicable (Not Transported) ",88,Not Applicable (Not Transported),0,None,0,None,0,None,1,0
2016,1,10293,Alabama,1,1,0,0,0,2,2,97,MOBILE (97),0,NOT APPLICABLE,27,5,May,2016,6,Friday,20,8:00pm-8:59pm,25,25,0,This section IS NOT on the NHS,1,Rural,4,Minor Arterial,1,State Highway Agency,3,State Highway,SR-217,,212,212,30.98529722,30.98529722,-88.324833330,-88.324833330,0,No Special Jurisdiction,34,Ditch,0,Not a Collision with Motor Vehicle In-Transport,0,No,1,Non-Junction,1,Not an Intersection,0,None,,,4,On Roadside,3,Dark - Lighted,1,Clear,0,No Additional Atmospheric Conditions,1,Clear,0,No,0000000,Not Applicable,20,8:00pm-8:59pm,37,37,20,8:00pm-8:59pm,51,51,99,Unknown,99,Unknown EMS Hospital Arrival Time,0,None,0,None,0,None,1,0
2016,1,10294,Alabama,1,1,0,0,0,2,2,69,HOUSTON (69),0,NOT APPLICABLE,27,5,May,2016,6,Friday,16,4:00pm-4:59pm,50,50,0,This section IS NOT on the NHS,1,Rural,5,Major Collector,2,County Highway Agency,4,County Road,CR-75,,0,None,31.18729722,31.18729722,-85.181291670,-85.181291670,0,No Special Jurisdiction,53,Mail Box,0,Not a Collision with Motor Vehicle In-Transport,0,No,1,Non-Junction,1,Not an Intersection,0,None,,,5,Outside Trafficway,1,Daylight,1,Clear,0,No Additional Atmospheric Conditions,1,Clear,0,No,0000000,Not Applicable,16,4:00pm-4:59pm,59,59,17,5:00pm-5:59pm,8,8,17,5:00pm-5:59pm,46,46,0,None,0,None,0,None,1,1
2016,1,10295,Alabama,1,1,0,0,0,1,1,19,CHEROKEE (19),630,CENTRE,29,5,May,2016,1,Sunday,8,8:00am-8:59am,13,13,0,This section IS NOT on the NHS,1,Rural,7,Local,4,City or Municipal Highway Agency,6,Local Street - Municipality,LAKESIDE DR,,0,None,34.17035833,34.17035833,-85.655827780,-85.655827780,0,No Special Jurisdiction,32,Culvert,0,Not a Collision with Motor Vehicle In-Transport,0,No,1,Non-Junction,1,Not an Intersection,0,None,,,4,On Roadside,1,Daylight,1,Clear,0,No Additional Atmospheric Conditions,1,Clear,0,No,0000000,Not Applicable,8,8:00am-8:59am,23,23,8,8:00am-8:59am,51,51,9,9:00am-9:59am,45,45,0,None,0,None,0,None,1,0
2016,1,10296,Alabama,2,2,0,0,0,2,2,101,MONTGOMERY (101),2130,MONTGOMERY,29,5,May,2016,1,Sunday,19,7:00pm-7:59pm,45,45,0,This section IS NOT on the NHS,2,Urban,4,Minor Arterial,4,City or Municipal Highway Agency,6,Local Street - Municipality,COLISEUM BLVD,FEDERAL DR,0,None,32.40547778,32.40547778,-86.265327780,-86.265327780,0,No Special Jurisdiction,12,"Motor Vehicle In-Transport ",6,"Angle ",0,No,2,Intersection,2,Four-Way Intersection,0,None,,,1,On Roadway,3,Dark - Lighted,1,Clear,0,No Additional Atmospheric Conditions,1,Clear,0,No,0000000,Not Applicable,19,7:00pm-7:59pm,51,51,19,7:00pm-7:59pm,57,57,20,8:00pm-8:59pm,14,14,0,None,0,None,0,None,1,1
2016,1,10297,Alabama,1,1,0,0,0,1,1,37,COOSA (37),0,NOT APPLICABLE,30,5,May,2016,2,Monday,12,12:00pm-12:59pm,25,25,0,This section IS NOT on the NHS,1,Rural,6,Minor Collector,2,County Highway Agency,4,County Road,CR-20,,0,None,32.80971111,32.80971111,-86.036072220,-86.036072220,0,No Special Jurisdiction,42,Tree (Standing Only),0,Not a Collision with Motor Vehicle In-Transport,0,No,1,Non-Junction,1,Not an Intersection,0,None,,,4,On Roadside,1,Daylight,1,Clear,0,No Additional Atmospheric Conditions,1,Clear,0,No,0000000,Not Applicable,88,Not Applicable (Not Notified),88,Not Applicable (Not Notified),88,"Not Applicable ",88,Not Applicable,88,"Not Applicable (Not Transported) ",88,Not Applicable (Not Transported),0,None,0,None,0,None,1,1
2016,1,10298,Alabama,1,1,0,0,0,1,1,45,DALE (45),0,NOT APPLICABLE,31,5,May,2016,3,Tuesday,7,7:00am-7:59am,30,30,0,This section IS NOT on the NHS,1,Rural,7,Local,2,County Highway Agency,4,County Road,CR-67,,0,None,31.39835833,31.39835833,-85.472691670,-85.472691670,0,No Special Jurisdiction,42,Tree (Standing Only),0,Not a Collision with Motor Vehicle In-Transport,0,No,1,Non-Junction,1,Not an Intersection,0,None,,,5,Outside Trafficway,1,Daylight,1,Clear,0,No Additional Atmospheric Conditions,1,Clear,0,No,0000000,Not Applicable,99,Unknown,99,Unknown,7,7:00am-7:59am,55,55,88,"Not Applicable (Not Transported) ",88,Not Applicable (Not Transported),0,None,0,None,0,None,1,1
2016,1,10299,Alabama,1,1,0,0,0,2,2,117,SHELBY (117),2405,PELHAM,31,5,May,2016,3,Tuesday,20,8:00pm-8:59pm,51,51,1,This section IS ON the NHS,1,Rural,1,Interstate,1,State Highway Agency,1,Interstate,I-65,,2440,2440,33.30944444,33.30944444,-86.787372220,-86.787372220,0,No Special Jurisdiction,25,Concrete Traffic Barrier,0,Not a Collision with Motor Vehicle In-Transport,0,No,1,Non-Junction,1,Not an Intersection,0,None,,,3,On Median,2,Dark - Not Lighted,1,Clear,0,No Additional Atmospheric Conditions,1,Clear,0,No,0000000,Not Applicable,99,Unknown,99,Unknown,20,8:00pm-8:59pm,59,59,99,Unknown,99,Unknown EMS Hospital Arrival Time,0,None,0,None,0,None,1,1
2016,1,10300,Alabama,1,1,0,0,0,1,1,89,MADISON (89),1730,HUNTSVILLE,3,6,June,2016,6,Friday,7,7:00am-7:59am,42,42,0,This section IS NOT on the NHS,2,Urban,5,Major Collector,4,City or Municipal Highway Agency,6,Local Street - Municipality,MASTIAN LAKE RD,,0,None,34.77147500,34.77147500,-86.592758330,-86.592758330,0,No Special Jurisdiction,34,Ditch,0,Not a Collision with Motor Vehicle In-Transport,0,No,1,Non-Junction,1,Not an Intersection,0,None,,,4,On Roadside,1,Daylight,1,Clear,0,No Additional Atmospheric Conditions,1,Clear,0,No,0000000,Not Applicable,7,7:00am-7:59am,48,48,7,7:00am-7:59am,54,54,8,8:00am-8:59am,38,38,0,None,0,None,0,None,1,0
2016,1,10301,Alabama,1,1,0,1,1,1,1,73,JEFFERSON (73),1110,FAIRFIELD,3,6,June,2016,6,Friday,5,5:00am-5:59am,8,8,1,This section IS ON the NHS,2,Urban,1,Interstate,1,State Highway Agency,1,Interstate,I-59,HIGHLINE,1171,1171,33.46276944,33.46276944,-86.941641670,-86.941641670,0,No Special Jurisdiction,8,Pedestrian,0,Not a Collision with Motor Vehicle In-Transport,1,Yes,18,Through Roadway,1,Not an Intersection,0,None,,,1,On Roadway,4,Dawn,1,Clear,0,No Additional Atmospheric Conditions,1,Clear,0,No,0000000,Not Applicable,5,5:00am-5:59am,21,21,5,5:00am-5:59am,28,28,5,5:00am-5:59am,55,55,0,None,0,None,0,None,1,0
2016,1,10302,Alabama,1,1,0,0,0,1,1,127,WALKER (127),0,NOT APPLICABLE,4,6,June,2016,7,Saturday,10,10:00am-10:59am,20,20,0,This section IS NOT on the NHS,1,Rural,5,Major Collector,2,County Highway Agency,4,County Road,CR-BURROWS CROSSING ROAD,,0,None,33.95309444,33.95309444,-87.175952780,-87.175952780,0,No Special Jurisdiction,42,Tree (Standing Only),0,Not a Collision with Motor Vehicle In-Transport,0,No,1,Non-Junction,1,Not an Intersection,0,None,,,4,On Roadside,1,Daylight,10,Cloudy,0,No Additional Atmospheric Conditions,10,Cloudy,0,No,0000000,Not Applicable,10,10:00am-10:59am,42,42,10,10:00am-10:59am,53,53,11,11:00am-11:59am,39,39,0,None,0,None,0,None,1,0
2016,1,10303,Alabama,1,1,0,0,0,1,1,89,MADISON (89),1730,HUNTSVILLE,5,6,June,2016,1,Sunday,20,8:00pm-8:59pm,20,20,0,This section IS NOT on the NHS,2,Urban,5,Major Collector,4,City or Municipal Highway Agency,6,Local Street - Municipality,PLUMMER RD,JORDAN LN,0,None,34.77149444,34.77149444,-86.650988890,-86.650988890,0,No Special Jurisdiction,39,Wall,0,Not a Collision with Motor Vehicle In-Transport,0,No,3,"Intersection-Related ",2,Four-Way Intersection,0,None,,,4,On Roadside,2,Dark - Not Lighted,10,Cloudy,0,No Additional Atmospheric Conditions,10,Cloudy,0,No,0000000,Not Applicable,20,8:00pm-8:59pm,21,21,20,8:00pm-8:59pm,26,26,20,8:00pm-8:59pm,48,48,0,None,0,None,0,None,1,0
2016,1,10304,Alabama,1,1,0,0,0,1,1,31,COFFEE (31),0,NOT APPLICABLE,5,6,June,2016,1,Sunday,18,6:00pm-6:59pm,15,15,0,This section IS NOT on the NHS,1,Rural,5,Major Collector,2,County Highway Agency,4,County Road,CR-306,,0,None,31.59656111,31.59656111,-86.138202780,-86.138202780,0,No Special Jurisdiction,42,Tree (Standing Only),0,Not a Collision with Motor Vehicle In-Transport,0,No,1,Non-Junction,1,Not an Intersection,0,None,,,4,On Roadside,1,Daylight,10,Cloudy,0,No Additional Atmospheric Conditions,10,Cloudy,0,No,0000000,Not Applicable,18,6:00pm-6:59pm,40,40,18,6:00pm-6:59pm,57,57,88,"Not Applicable (Not Transported) ",88,Not Applicable (Not Transported),0,None,0,None,0,None,1,1
2016,1,10305,Alabama,1,1,0,0,0,1,1,43,CULLMAN (43),0,NOT APPLICABLE,27,5,May,2016,6,Friday,22,10:00pm-10:59pm,5,5,1,This section IS ON the NHS,2,Urban,1,Interstate,1,State Highway Agency,1,Interstate,I-65,,3167,3167,34.29615556,34.29615556,-86.911008330,-86.911008330,0,No Special Jurisdiction,24,Guardrail Face,0,Not a Collision with Motor Vehicle In-Transport,0,No,1,Non-Junction,1,Not an Intersection,0,None,,,3,On Median,2,Dark - Not Lighted,1,Clear,0,No Additional Atmospheric Conditions,1,Clear,0,No,0000000,Not Applicable,99,Unknown,99,Unknown,22,10:00pm-10:59pm,19,19,88,"Not Applicable (Not Transported) ",88,Not Applicable (Not Transported),0,None,0,None,0,None,1,1
2016,1,10306,Alabama,2,1,1,1,1,1,1,21,CHILTON (21),0,NOT APPLICABLE,4,6,June,2016,7,Saturday,4,4:00am-4:59am,20,20,1,This section IS ON the NHS,1,Rural,1,Interstate,1,State Highway Agency,1,Interstate,I-65,,2140,2140,32.91451667,32.91451667,-86.642519440,-86.642519440,0,No Special Jurisdiction,8,Pedestrian,0,Not a Collision with Motor Vehicle In-Transport,0,No,1,Non-Junction,1,Not an Intersection,0,None,,,2,On Shoulder,2,Dark - Not Lighted,1,Clear,0,No Additional Atmospheric Conditions,1,Clear,0,No,0000000,Not Applicable,4,4:00am-4:59am,43,43,5,5:00am-5:59am,3,3,5,5:00am-5:59am,50,50,23,Indication of a Stalled/Disabled Vehicle,0,None,0,None,1,0
2016,1,10307,Alabama,2,2,0,0,0,4,4,73,JEFFERSON (73),0,NOT APPLICABLE,10,6,June,2016,6,Friday,8,8:00am-8:59am,45,45,1,This section IS ON the NHS,2,Urban,1,Interstate,1,State Highway Agency,1,Interstate,I-59,,1398,1398,33.61798333,33.61798333,-86.637608330,-86.637608330,0,No Special Jurisdiction,12,"Motor Vehicle In-Transport ",7,Sideswipe - Same Direction,0,No,1,Non-Junction,1,Not an Intersection,0,None,,,1,On Roadway,1,Daylight,1,Clear,0,No Additional Atmospheric Conditions,1,Clear,0,No,0000000,Not Applicable,8,8:00am-8:59am,53,53,8,8:00am-8:59am,58,58,9,9:00am-9:59am,45,45,0,None,0,None,0,None,1,0
2016,1,10308,Alabama,1,1,0,0,0,6,6,1,AUTAUGA (1),0,NOT APPLICABLE,11,6,June,2016,7,Saturday,16,4:00pm-4:59pm,20,20,1,This section IS ON the NHS,1,Rural,1,Interstate,1,State Highway Agency,1,Interstate,I-65,,1944,1944,32.66340278,32.66340278,-86.502991670,-86.502991670,0,No Special Jurisdiction,24,Guardrail Face,0,Not a Collision with Motor Vehicle In-Transport,0,No,1,Non-Junction,1,Not an Intersection,0,None,,,4,On Roadside,1,Daylight,2,Rain,0,No Additional Atmospheric Conditions,2,Rain,0,No,0000000,Not Applicable,99,Unknown,99,Unknown,16,4:00pm-4:59pm,40,40,99,Unknown,99,Unknown EMS Hospital Arrival Time,0,None,0,None,0,None,1,0
2016,1,10309,Alabama,1,1,0,0,0,1,1,17,CHAMBERS (17),1820,LAFAYETTE,3,4,April,2016,1,Sunday,16,4:00pm-4:59pm,45,45,0,This section IS NOT on the NHS,1,Rural,7,Local,4,City or Municipal Highway Agency,6,Local Street - Municipality,B STREET,,0,None,32.88607778,32.88607778,-85.407475000,-85.407475000,0,No Special Jurisdiction,42,Tree (Standing Only),0,Not a Collision with Motor Vehicle In-Transport,0,No,1,Non-Junction,1,Not an Intersection,0,None,,,4,On Roadside,1,Daylight,1,Clear,0,No Additional Atmospheric Conditions,1,Clear,0,No,0000000,Not Applicable,99,Unknown,99,Unknown,16,4:00pm-4:59pm,49,49,99,Unknown,99,Unknown EMS Hospital Arrival Time,0,None,0,None,0,None,1,0
2016,1,10310,Alabama,2,2,0,0,0,2,2,37,COOSA (37),0,NOT APPLICABLE,23,5,May,2016,2,Monday,8,8:00am-8:59am,5,5,0,This section IS NOT on the NHS,1,Rural,4,Minor Arterial,1,State Highway Agency,3,State Highway,SR-22,,1099,1099,32.90614167,32.90614167,-86.008683330,-86.008683330,0,No Special Jurisdiction,12,"Motor Vehicle In-Transport ",2,Front-to-Front,0,No,1,Non-Junction,1,Not an Intersection,0,None,,,1,On Roadway,1,Daylight,1,Clear,0,No Additional Atmospheric Conditions,1,Clear,0,No,0000000,Not Applicable,8,8:00am-8:59am,7,7,8,8:00am-8:59am,10,10,8,8:00am-8:59am,24,24,0,None,0,None,0,None,1,0
2016,1,10311,Alabama,1,1,0,1,1,3,3,117,SHELBY (117),2405,PELHAM,25,5,May,2016,4,Wednesday,22,10:00pm-10:59pm,35,35,1,This section IS ON the NHS,2,Urban,3,Principal Arterial - Other,1,State Highway Agency,3,State Highway,SR-119,,190,190,33.33329167,33.33329167,-86.791786110,-86.791786110,0,No Special Jurisdiction,8,Pedestrian,0,Not a Collision with Motor Vehicle In-Transport,0,No,1,Non-Junction,1,Not an Intersection,0,None,,,1,On Roadway,3,Dark - Lighted,1,Clear,0,No Additional Atmospheric Conditions,1,Clear,0,No,0000000,Not Applicable,99,Unknown,99,Unknown,22,10:00pm-10:59pm,42,42,99,Unknown,99,Unknown EMS Hospital Arrival Time,0,None,0,None,0,None,1,0
2016,1,10312,Alabama,1,1,0,0,0,1,1,129,WASHINGTON (129),0,NOT APPLICABLE,27,5,May,2016,6,Friday,16,4:00pm-4:59pm,25,25,0,This section IS NOT on the NHS,1,Rural,7,Local,2,County Highway Agency,4,County Road,CR-PATTON RD,,0,None,31.24368889,31.24368889,-88.020397220,-88.020397220,0,No Special Jurisdiction,42,Tree (Standing Only),0,Not a Collision with Motor Vehicle In-Transport,0,No,1,Non-Junction,1,Not an Intersection,0,None,,,4,On Roadside,1,Daylight,1,Clear,0,No Additional Atmospheric Conditions,1,Clear,0,No,0000000,Not Applicable,16,4:00pm-4:59pm,30,30,16,4:00pm-4:59pm,58,58,99,Unknown,99,Unknown EMS Hospital Arrival Time,0,None,0,None,0,None,1,0
2016,1,10313,Alabama,1,1,0,0,0,1,1,11,BULLOCK (11),0,NOT APPLICABLE,30,5,May,2016,2,Monday,20,8:00pm-8:59pm,30,30,0,This section IS NOT on the NHS,1,Rural,6,Minor Collector,2,County Highway Agency,4,County Road,CR-106,,0,None,32.16192778,32.16192778,-85.512647220,-85.512647220,0,No Special Jurisdiction,34,Ditch,0,Not a Collision with Motor Vehicle In-Transport,0,No,1,Non-Junction,1,Not an Intersection,0,None,,,4,On Roadside,2,Dark - Not Lighted,1,Clear,0,No Additional Atmospheric Conditions,1,Clear,0,No,0000000,Not Applicable,99,Unknown,99,Unknown,21,9:00pm-9:59pm,0,0,88,"Not Applicable (Not Transported) ",88,Not Applicable (Not Transported),0,None,0,None,0,None,1,1
2016,1,10314,Alabama,1,1,0,1,1,1,1,97,MOBILE (97),2100,MOBILE,31,5,May,2016,3,Tuesday,20,8:00pm-8:59pm,56,56,0,This section IS NOT on the NHS,2,Urban,7,Local,4,City or Municipal Highway Agency,6,Local Street - Municipality,TELEGRAPH RD,,0,None,30.70356667,30.70356667,-88.047469440,-88.047469440,0,No Special Jurisdiction,8,Pedestrian,0,Not a Collision with Motor Vehicle In-Transport,0,No,1,Non-Junction,1,Not an Intersection,0,None,,,1,On Roadway,3,Dark - Lighted,1,Clear,0,No Additional Atmospheric Conditions,1,Clear,0,No,0000000,Not Applicable,99,Unknown,99,Unknown,21,9:00pm-9:59pm,3,3,88,"Not Applicable (Not Transported) ",88,Not Applicable (Not Transported),0,None,0,None,0,None,1,0
2016,1,10315,Alabama,2,2,0,0,0,3,3,133,WINSTON (133),0,NOT APPLICABLE,1,6,June,2016,4,Wednesday,12,12:00pm-12:59pm,30,30,1,This section IS ON the NHS,1,Rural,3,Principal Arterial - Other,1,State Highway Agency,2,U.S. Highway,US-SR 74,,609,609,34.17855833,34.17855833,-87.121786110,-87.121786110,0,No Special Jurisdiction,12,"Motor Vehicle In-Transport ",2,Front-to-Front,0,No,1,Non-Junction,1,Not an Intersection,0,None,,,1,On Roadway,1,Daylight,1,Clear,0,No Additional Atmospheric Conditions,1,Clear,0,No,0000000,Not Applicable,99,Unknown,99,Unknown,13,1:00pm-1:59pm,2,2,99,Unknown,99,Unknown EMS Hospital Arrival Time,0,None,0,None,0,None,2,0
2016,1,10316,Alabama,1,1,0,0,0,1,1,73,JEFFERSON (73),350,BIRMINGHAM,4,6,June,2016,7,Saturday,7,7:00am-7:59am,55,55,0,This section IS NOT on the NHS,2,Urban,7,Local,4,City or Municipal Highway Agency,6,Local Street - Municipality,6TH AVE S,,0,None,33.49516389,33.49516389,-86.825552780,-86.825552780,0,No Special Jurisdiction,33,Curb,0,Not a Collision with Motor Vehicle In-Transport,0,No,1,Non-Junction,1,Not an Intersection,0,None,,,4,On Roadside,1,Daylight,10,Cloudy,0,No Additional Atmospheric Conditions,10,Cloudy,0,No,0000000,Not Applicable,8,8:00am-8:59am,0,0,8,8:00am-8:59am,4,4,8,8:00am-8:59am,19,19,0,None,0,None,0,None,1,1
2016,1,10317,Alabama,1,1,0,1,1,2,2,9,BLOUNT (9),0,NOT APPLICABLE,3,6,June,2016,6,Friday,21,9:00pm-9:59pm,0,0,1,This section IS ON the NHS,1,Rural,3,Principal Arterial - Other,1,State Highway Agency,2,U.S. Highway,US-SR 53,SR-67,2763,2763,34.17674167,34.17674167,-86.511136110,-86.511136110,0,No Special Jurisdiction,8,Pedestrian,0,Not a Collision with Motor Vehicle In-Transport,0,No,2,Intersection,3,T-Intersection,0,None,,,1,On Roadway,2,Dark - Not Lighted,2,Rain,0,No Additional Atmospheric Conditions,2,Rain,0,No,0000000,Not Applicable,99,Unknown,99,Unknown,21,9:00pm-9:59pm,24,24,88,"Not Applicable (Not Transported) ",88,Not Applicable (Not Transported),0,None,0,None,0,None,1,0
2016,1,10318,Alabama,2,2,0,0,0,4,4,43,CULLMAN (43),0,NOT APPLICABLE,5,6,June,2016,1,Sunday,17,5:00pm-5:59pm,44,44,0,This section IS NOT on the NHS,1,Rural,5,Major Collector,2,County Highway Agency,4,County Road,CR-222,,0,None,34.02911111,34.02911111,-87.060213890,-87.060213890,0,No Special Jurisdiction,12,"Motor Vehicle In-Transport ",6,"Angle ",0,No,1,Non-Junction,1,Not an Intersection,0,None,,,1,On Roadway,1,Daylight,2,Rain,0,No Additional Atmospheric Conditions,2,Rain,0,No,0000000,Not Applicable,99,Unknown,99,Unknown,18,6:00pm-6:59pm,9,9,99,Unknown,99,Unknown EMS Hospital Arrival Time,0,None,0,None,0,None,1,0
2016,1,10319,Alabama,1,1,0,0,0,2,2,115,ST. CLAIR (115),0,NOT APPLICABLE,6,6,June,2016,2,Monday,20,8:00pm-8:59pm,0,0,0,This section IS NOT on the NHS,1,Rural,5,Major Collector,2,County Highway Agency,4,County Road,CR-GALLANT RD,,0,None,33.91423056,33.91423056,-86.317625000,-86.317625000,0,No Special Jurisdiction,42,Tree (Standing Only),0,Not a Collision with Motor Vehicle In-Transport,0,No,1,Non-Junction,1,Not an Intersection,0,None,,,4,On Roadside,1,Daylight,1,Clear,0,No Additional Atmospheric Conditions,1,Clear,0,No,0000000,Not Applicable,13,1:00pm-1:59pm,0,0,13,1:00pm-1:59pm,12,12,13,1:00pm-1:59pm,23,23,18,Date of Crash and Date of EMS Notification were not the same day,0,None,0,None,1,0
2016,1,10320,Alabama,1,1,0,0,0,2,2,103,MORGAN (103),0,NOT APPLICABLE,7,6,June,2016,3,Tuesday,9,9:00am-9:59am,35,35,0,This section IS NOT on the NHS,1,Rural,6,Minor Collector,2,County Highway Agency,4,County Road,CR-TALUCAH RD,,0,None,34.54976667,34.54976667,-86.692963890,-86.692963890,0,No Special Jurisdiction,42,Tree (Standing Only),0,Not a Collision with Motor Vehicle In-Transport,0,No,1,Non-Junction,1,Not an Intersection,0,None,,,4,On Roadside,1,Daylight,1,Clear,0,No Additional Atmospheric Conditions,1,Clear,0,No,0000000,Not Applicable,99,Unknown,99,Unknown,9,9:00am-9:59am,44,44,99,Unknown,99,Unknown EMS Hospital Arrival Time,0,None,0,None,0,None,1,1
2016,1,10321,Alabama,2,2,0,0,0,2,2,15,CALHOUN (15),0,NOT APPLICABLE,7,6,June,2016,3,Tuesday,17,5:00pm-5:59pm,15,15,0,This section IS NOT on the NHS,2,Urban,4,Minor Arterial,2,County Highway Agency,4,County Road,CR-CHOCCOLOCCO RD,KELLEY LYNN RD,0,None,33.64907500,33.64907500,-85.751380560,-85.751380560,0,No Special Jurisdiction,12,"Motor Vehicle In-Transport ",6,"Angle ",0,No,2,Intersection,3,T-Intersection,0,None,,,1,On Roadway,1,Daylight,1,Clear,0,No Additional Atmospheric Conditions,1,Clear,0,No,0000000,Not Applicable,99,Unknown,99,Unknown,17,5:00pm-5:59pm,28,28,99,Unknown,99,Unknown EMS Hospital Arrival Time,0,None,0,None,0,None,1,0
2016,1,10322,Alabama,2,2,0,0,0,2,2,51,ELMORE (51),3270,WETUMPKA,7,6,June,2016,3,Tuesday,14,2:00pm-2:59pm,14,14,1,This section IS ON the NHS,1,Rural,3,Principal Arterial - Other,1,State Highway Agency,2,U.S. Highway,US-SR 9,,1170,1170,32.46183333,32.46183333,-86.193922220,-86.193922220,0,No Special Jurisdiction,12,"Motor Vehicle In-Transport ",2,Front-to-Front,0,No,1,Non-Junction,1,Not an Intersection,0,None,,,1,On Roadway,1,Daylight,1,Clear,0,No Additional Atmospheric Conditions,1,Clear,0,No,0000000,Not Applicable,99,Unknown,99,Unknown,14,2:00pm-2:59pm,17,17,99,Unknown,99,Unknown EMS Hospital Arrival Time,0,None,0,None,0,None,1,1
2016,1,10323,Alabama,2,2,0,0,0,5,5,21,CHILTON (21),0,NOT APPLICABLE,8,6,June,2016,4,Wednesday,15,3:00pm-3:59pm,15,15,1,This section IS ON the NHS,1,Rural,3,Principal Arterial - Other,1,State Highway Agency,2,U.S. Highway,US-SR 6,,1070,1070,32.74933611,32.74933611,-86.866136110,-86.866136110,0,No Special Jurisdiction,12,"Motor Vehicle In-Transport ",2,Front-to-Front,0,No,1,Non-Junction,1,Not an Intersection,0,None,,,1,On Roadway,1,Daylight,1,Clear,0,No Additional Atmospheric Conditions,1,Clear,0,No,0000000,Not Applicable,15,3:00pm-3:59pm,21,21,15,3:00pm-3:59pm,40,40,16,4:00pm-4:59pm,8,8,0,None,0,None,0,None,4,0