caseyear,state,st_case,statename,ve_total,ve_forms,pvh_invl,peds,pernotmvit,permvit,persons,county,countyname,city,cityname,day,month,monthname,year,day_week,day_weekname,hour,hourname,minute,minutename,nhs,nhsname,rur_urb,rur_urbname,func_sys,func_sysname,rd_owner,rd_ownername,route,routename,tway_id,tway_id2,milept,mileptname,latitude,latitudename,longitud,longitudname,sp_jur,sp_jurname,harm_ev,harm_evname,man_coll,man_collname,reljct1,reljct1name,reljct2,reljct2name,typ_int,typ_intname,wrk_zone,wrk_zonename,road_fnc,road_fncname,rel_road,rel_roadname,lgt_cond,lgt_condname,weather1,weather1name,weather2,weather2name,weather,weathername,sch_bus,sch_busname,rail,railname,not_hour,not_hourname,not_min,not_minname,arr_hour,arr_hourname,arr_min,arr_minname,hosp_hr,hosp_hrname,hosp_mn,hosp_mnname,cf1,cf1name,cf2,cf2name,cf3,cf3name,fatals,drunk_dr
2016,1,10324,Alabama,1,1,0,1,1,2,2,89,MADISON (89),1970,MADISON,8,6,June,2016,4,Wednesday,21,9:00pm-9:59pm,16,16,0,This section IS NOT on the NHS,2,Urban,3,Principal Arterial - Other,4,City or Municipal Highway Agency,6,Local Street - Municipality,MADISON BLVD,ARLINGTON DR,0,None,34.67511944,34.67511944,-86.755772220,-86.755772220,0,No Special Jurisdiction,8,Pedestrian,0,Not a Collision with Motor Vehicle In-Transport,0,No,2,Intersection,2,Four-Way Intersection,0,None,,,1,On Roadway,2,Dark - Not Lighted,1,Clear,0,No Additional Atmospheric Conditions,1,Clear,0,No,0000000,Not Applicable,99,Unknown,99,Unknown,21,9:00pm-9:59pm,25,25,88,"Not Applicable (Not Transported) ",88,Not Applicable (Not Transported),19,Recent/Previous Crash scene Nearby,0,None,0,None,1,0
2016,1,10325,Alabama,2,2,0,0,0,4,4,95,MARSHALL (95),1500,GUNTERSVILLE,10,6,June,2016,6,Friday,17,5:00pm-5:59pm,32,32,1,This section IS ON the NHS,1,Rural,3,Principal Arterial - Other,1,State Highway Agency,2,U.S. Highway,US-SR 1,DRIVE IN RD,2917,2917,34.30373889,34.30373889,-86.283716670,-86.283716670,0,No Special Jurisdiction,12,"Motor Vehicle In-Transport ",6,"Angle ",0,No,2,Intersection,3,T-Intersection,0,None,,,1,On Roadway,1,Daylight,1,Clear,0,No Additional Atmospheric Conditions,1,Clear,0,No,0000000,Not Applicable,99,Unknown,99,Unknown,17,5:00pm-5:59pm,43,43,99,Unknown,99,Unknown EMS Hospital Arrival Time,0,None,0,None,0,None,1,0
2016,1,10326,Alabama,2,2,0,0,0,2,2,113,RUSSELL (113),0,NOT APPLICABLE,10,6,June,2016,6,Friday,7,7:00am-7:59am,2,2,1,This section IS ON the NHS,1,Rural,3,Principal Arterial - Other,1,State Highway Agency,2,U.S. Highway,US-SR 8,WOMMACK RD,2126,2126,32.47024722,32.47024722,-85.059069440,-85.059069440,0,No Special Jurisdiction,12,"Motor Vehicle In-Transport ",6,"Angle ",0,No,2,Intersection,2,Four-Way Intersection,0,None,,,1,On Roadway,1,Daylight,1,Clear,0,No Additional Atmospheric Conditions,1,Clear,0,No,0000000,Not Applicable,99,Unknown,99,Unknown,7,7:00am-7:59am,11,11,99,Unknown,99,Unknown EMS Hospital Arrival Time,0,None,0,None,0,None,1,1
2016,1,10327,Alabama,1,1,0,0,0,2,2,89,MADISON (89),0,NOT APPLICABLE,11,6,June,2016,7,Saturday,2,2:00am-2:59am,40,40,0,This section IS NOT on the NHS,1,Rural,5,Major Collector,2,County Highway Agency,4,County Road,CR-CHERRY TREE RD,,0,None,34.61429444,34.61429444,-86.376066670,-86.376066670,0,No Special Jurisdiction,30,Utility Pole/Light Support,0,Not a Collision with Motor Vehicle In-Transport,0,No,1,Non-Junction,1,Not an Intersection,0,None,,,4,On Roadside,2,Dark - Not Lighted,1,Clear,0,No Additional Atmospheric Conditions,1,Clear,0,No,0000000,Not Applicable,2,2:00am-2:59am,54,54,3,3:00am-3:59am,9,9,3,3:00am-3:59am,35,35,0,None,0,None,0,None,1,1
2016,1,10328,Alabama,1,1,0,0,0,2,2,39,COVINGTON (39),0,NOT APPLICABLE,11,6,June,2016,7,Saturday,10,10:00am-10:59am,25,25,0,This section IS NOT on the NHS,1,Rural,4,Minor Arterial,1,State Highway Agency,3,State Highway,SR-55,,351,351,31.38900278,31.38900278,-86.571369440,-86.571369440,0,No Special Jurisdiction,42,Tree (Standing Only),0,Not a Collision with Motor Vehicle In-Transport,0,No,1,Non-Junction,1,Not an Intersection,0,None,,,4,On Roadside,1,Daylight,1,Clear,0,No Additional Atmospheric Conditions,1,Clear,0,No,0000000,Not Applicable,10,10:00am-10:59am,30,30,10,10:00am-10:59am,38,38,88,"Not Applicable (Not Transported) ",88,Not Applicable (Not Transported),0,None,0,None,0,None,2,0
2016,1,10329,Alabama,1,1,0,0,0,1,1,11,BULLOCK (11),3090,UNION SPRINGS,12,6,June,2016,1,Sunday,6,6:00am-6:59am,50,50,0,This section IS NOT on the NHS,1,Rural,5,Major Collector,4,City or Municipal Highway Agency,6,Local Street - Municipality,PEACHBURG RD,,0,None,32.15064444,32.15064444,-85.703427780,-85.703427780,0,No Special Jurisdiction,38,Fence,0,Not a Collision with Motor Vehicle In-Transport,0,No,1,Non-Junction,1,Not an Intersection,0,None,,,4,On Roadside,1,Daylight,1,Clear,0,No Additional Atmospheric Conditions,1,Clear,0,No,0000000,Not Applicable,99,Unknown,99,Unknown,7,7:00am-7:59am,5,5,88,"Not Applicable (Not Transported) ",88,Not Applicable (Not Transported),0,None,0,None,0,None,1,1
2016,1,10330,Alabama,1,1,0,0,0,1,1,121,TALLADEGA (121),0,NOT APPLICABLE,13,6,June,2016,2,Monday,21,9:00pm-9:59pm,5,5,0,This section IS NOT on the NHS,1,Rural,6,Minor Collector,1,State Highway Agency,3,State Highway,SR-235,,54,54,33.31468333,33.31468333,-86.359188890,-86.359188890,0,No Special Jurisdiction,1,Rollover/Overturn,0,Not a Collision with Motor Vehicle In-Transport,0,No,1,Non-Junction,1,Not an Intersection,0,None,,,4,On Roadside,2,Dark - Not Lighted,10,Cloudy,0,No Additional Atmospheric Conditions,10,Cloudy,0,No,0000000,Not Applicable,99,Unknown,99,Unknown,21,9:00pm-9:59pm,21,21,88,"Not Applicable (Not Transported) ",88,Not Applicable (Not Transported),0,None,0,None,0,None,1,0
2016,1,10331,Alabama,1,1,0,0,0,1,1,115,ST. CLAIR (115),0,NOT APPLICABLE,4,7,July,2016,2,Monday,12,12:00pm-12:59pm,20,20,1,This section IS ON the NHS,1,Rural,1,Interstate,1,State Highway Agency,1,Interstate,I-59,,1586,1586,33.79001667,33.79001667,-86.388069440,-86.388069440,0,No Special Jurisdiction,42,Tree (Standing Only),0,Not a Collision with Motor Vehicle In-Transport,0,No,1,Non-Junction,1,Not an Intersection,0,None,,,4,On Roadside,1,Daylight,1,Clear,0,No Additional Atmospheric Conditions,1,Clear,0,No,0000000,Not Applicable,99,Unknown,99,Unknown,12,12:00pm-12:59pm,35,35,88,"Not Applicable (Not Transported) ",88,Not Applicable (Not Transported),0,None,0,None,0,None,1,0
2016,1,10332,Alabama,1,1,0,1,1,1,1,101,MONTGOMERY (101),2130,MONTGOMERY,3,7,July,2016,1,Sunday,5,5:00am-5:59am,1,1,1,This section IS ON the NHS,2,Urban,1,Interstate,1,State Highway Agency,1,Interstate,I-85,,60,60,32.36259722,32.36259722,-86.218491670,-86.218491670,0,No Special Jurisdiction,8,Pedestrian,0,Not a Collision with Motor Vehicle In-Transport,0,No,1,Non-Junction,1,Not an Intersection,0,None,,,1,On Roadway,4,Dawn,1,Clear,0,No Additional Atmospheric Conditions,1,Clear,0,No,0000000,Not Applicable,99,Unknown,99,Unknown,5,5:00am-5:59am,6,6,88,"Not Applicable (Not Transported) ",88,Not Applicable (Not Transported),0,None,0,None,0,None,1,0
2016,1,10333,Alabama,4,4,0,0,0,7,7,73,JEFFERSON (73),350,BIRMINGHAM,3,7,July,2016,1,Sunday,2,2:00am-2:59am,3,3,1,This section IS ON the NHS,2,Urban,1,Interstate,1,State Highway Agency,1,Interstate,I-59,,1273,1273,33.54124167,33.54124167,-86.789466670,-86.789466670,0,No Special Jurisdiction,12,"Motor Vehicle In-Transport ",1,"Front-to-Rear ",0,No,1,Non-Junction,1,Not an Intersection,0,None,,,1,On Roadway,3,Dark - Lighted,10,Cloudy,0,No Additional Atmospheric Conditions,10,Cloudy,0,No,0000000,Not Applicable,99,Unknown,99,Unknown,2,2:00am-2:59am,5,5,99,Unknown,99,Unknown EMS Hospital Arrival Time,0,None,0,None,0,None,1,0
2016,1,10334,Alabama,1,1,0,0,0,2,2,115,ST. CLAIR (115),0,NOT APPLICABLE,23,6,June,2016,5,Thursday,13,1:00pm-1:59pm,35,35,1,This section IS ON the NHS,1,Rural,1,Interstate,1,State Highway Agency,1,Interstate,I-59,,1562,1562,33.77739167,33.77739167,-86.426375000,-86.426375000,0,No Special Jurisdiction,35,Embankment,0,Not a Collision with Motor Vehicle In-Transport,1,Yes,19,Other location within Interchange Area,1,Not an Intersection,0,None,,,4,On Roadside,1,Daylight,1,Clear,0,No Additional Atmospheric Conditions,1,Clear,0,No,0000000,Not Applicable,99,Unknown,99,Unknown,13,1:00pm-1:59pm,40,40,88,"Not Applicable (Not Transported) ",88,Not Applicable (Not Transported),0,None,0,None,0,None,2,0
2016,1,10335,Alabama,1,1,0,0,0,2,2,103,MORGAN (103),1590,HARTSELLE,12,6,June,2016,1,Sunday,8,8:00am-8:59am,46,46,1,This section IS ON the NHS,1,Rural,1,Interstate,1,State Highway Agency,1,Interstate,I-65,,3290,3290,34.44190000,34.44190000,-86.901519440,-86.901519440,0,No Special Jurisdiction,1,Rollover/Overturn,0,Not a Collision with Motor Vehicle In-Transport,0,No,1,Non-Junction,1,Not an Intersection,0,None,,,4,On Roadside,1,Daylight,1,Clear,0,No Additional Atmospheric Conditions,1,Clear,0,No,0000000,Not Applicable,99,Unknown,99,Unknown,99,Unknown EMS Scene Arrival Hour,99,Unknown EMS Scene Arrival Minutes,99,Unknown,99,Unknown EMS Hospital Arrival Time,0,None,0,None,0,None,1,0
2016,1,10336,Alabama,1,1,0,1,1,2,2,107,PICKENS (107),70,ALICEVILLE,3,5,May,2016,3,Tuesday,16,4:00pm-4:59pm,44,44,0,This section IS NOT on the NHS,1,Rural,7,Local,4,City or Municipal Highway Agency,6,Local Street - Municipality,JASPER RD,17 ST NW,0,None,33.12985000,33.12985000,-88.168633330,-88.168633330,0,No Special Jurisdiction,8,Pedestrian,0,Not a Collision with Motor Vehicle In-Transport,0,No,3,"Intersection-Related ",3,T-Intersection,0,None,,,5,Outside Trafficway,1,Daylight,1,Clear,0,No Additional Atmospheric Conditions,1,Clear,0,No,0000000,Not Applicable,16,4:00pm-4:59pm,48,48,17,5:00pm-5:59pm,26,26,18,6:00pm-6:59pm,7,7,0,None,0,None,0,None,1,0
2016,1,10337,Alabama,1,1,0,0,0,5,5,121,TALLADEGA (121),1870,LINCOLN,5,6,June,2016,1,Sunday,21,9:00pm-9:59pm,53,53,0,This section IS NOT on the NHS,1,Rural,7,Local,2,County Highway Agency,4,County Road,CR-JACKSON TRACE RD,,0,None,33.60266389,33.60266389,-86.064463890,-86.064463890,0,No Special Jurisdiction,1,Rollover/Overturn,0,Not a Collision with Motor Vehicle In-Transport,0,No,1,Non-Junction,1,Not an Intersection,0,None,,,1,On Roadway,2,Dark - Not Lighted,10,Cloudy,0,No Additional Atmospheric Conditions,10,Cloudy,0,No,0000000,Not Applicable,99,Unknown,99,Unknown,22,10:00pm-10:59pm,4,4,99,Unknown,99,Unknown EMS Hospital Arrival Time,0,None,0,None,0,None,2,1
2016,1,10338,Alabama,2,2,0,0,0,2,2,9,BLOUNT (9),0,NOT APPLICABLE,23,6,June,2016,5,Thursday,23,11:00pm-11:59pm,26,26,1,This section IS ON the NHS,1,Rural,1,Interstate,1,State Highway Agency,1,Interstate,I-65,,2905,2905,33.92834167,33.92834167,-86.867425000,-86.867425000,0,No Special Jurisdiction,12,"Motor Vehicle In-Transport ",6,"Angle ",0,No,1,Non-Junction,1,Not an Intersection,0,None,,,1,On Roadway,2,Dark - Not Lighted,1,Clear,0,No Additional Atmospheric Conditions,1,Clear,0,No,0000000,Not Applicable,99,Unknown,99,Unknown,23,11:00pm-11:59pm,45,45,99,Unknown,99,Unknown EMS Hospital Arrival Time,19,Recent/Previous Crash scene Nearby,0,None,0,None,1,1
2016,1,10339,Alabama,1,1,0,0,0,2,2,51,ELMORE (51),0,NOT APPLICABLE,9,6,June,2016,5,Thursday,0,0:00am-0:59am,15,15,0,This section IS NOT on the NHS,1,Rural,4,Minor Arterial,1,State Highway Agency,3,State Highway,SR-111,,43,43,32.57674444,32.57674444,-86.243108330,-86.243108330,0,No Special Jurisdiction,42,Tree (Standing Only),0,Not a Collision with Motor Vehicle In-Transport,0,No,1,Non-Junction,1,Not an Intersection,0,None,,,4,On Roadside,2,Dark - Not Lighted,1,Clear,0,No Additional Atmospheric Conditions,1,Clear,0,No,0000000,Not Applicable,88,Not Applicable (Not Notified),88,Not Applicable (Not Notified),88,"Not Applicable ",88,Not Applicable,88,"Not Applicable (Not Transported) ",88,Not Applicable (Not Transported),0,None,0,None,0,None,2,1
2016,1,10340,Alabama,2,2,0,0,0,4,4,43,CULLMAN (43),0,NOT APPLICABLE,9,6,June,2016,5,Thursday,7,7:00am-7:59am,49,49,1,This section IS ON the NHS,1,Rural,3,Principal Arterial - Other,1,State Highway Agency,3,State Highway,SR-53,,2841,2841,34.28567500,34.28567500,-86.496494440,-86.496494440,0,No Special Jurisdiction,12,"Motor Vehicle In-Transport ",1,"Front-to-Rear ",0,No,1,Non-Junction,1,Not an Intersection,0,None,,,1,On Roadway,1,Daylight,1,Clear,0,No Additional Atmospheric Conditions,1,Clear,0,No,0000000,Not Applicable,99,Unknown,99,Unknown,7,7:00am-7:59am,56,56,99,Unknown,99,Unknown EMS Hospital Arrival Time,14,"Motor Vehicle struck by falling cargo,or something that came loose from or something that was set in motion by a vehicle",0,None,0,None,1,0
2016,1,10341,Alabama,1,1,0,0,0,1,1,81,LEE (81),0,NOT APPLICABLE,10,6,June,2016,6,Friday,6,6:00am-6:59am,34,34,0,This section IS NOT on the NHS,1,Rural,4,Minor Arterial,2,County Highway Agency,4,County Road,CR-188,,0,None,32.62623889,32.62623889,-85.588861110,-85.588861110,0,No Special Jurisdiction,52,Guardrail End,0,Not a Collision with Motor Vehicle In-Transport,0,No,1,Non-Junction,1,Not an Intersection,0,None,,,4,On Roadside,1,Daylight,10,Cloudy,0,No Additional Atmospheric Conditions,10,Cloudy,0,No,0000000,Not Applicable,99,Unknown,99,Unknown,6,6:00am-6:59am,47,47,88,"Not Applicable (Not Transported) ",88,Not Applicable (Not Transported),0,None,0,None,0,None,1,0
2016,1,10342,Alabama,1,1,0,0,0,1,1,9,BLOUNT (9),2811,SNEAD,10,6,June,2016,6,Friday,11,11:00am-11:59am,40,40,0,This section IS NOT on the NHS,1,Rural,4,Minor Arterial,1,State Highway Agency,3,State Highway,SR-75,,417,417,34.10171944,34.10171944,-86.405805560,-86.405805560,0,No Special Jurisdiction,53,Mail Box,0,Not a Collision with Motor Vehicle In-Transport,0,No,1,Non-Junction,1,Not an Intersection,0,None,,,4,On Roadside,1,Daylight,1,Clear,0,No Additional Atmospheric Conditions,1,Clear,0,No,0000000,Not Applicable,11,11:00am-11:59am,42,42,11,11:00am-11:59am,53,53,88,"Not Applicable (Not Transported) ",88,Not Applicable (Not Transported),0,None,0,None,0,None,1,1
2016,1,10343,Alabama,2,2,0,0,0,2,2,113,RUSSELL (113),0,NOT APPLICABLE,10,6,June,2016,6,Friday,23,11:00pm-11:59pm,50,50,1,This section IS ON the NHS,1,Rural,3,Principal Arterial - Other,1,State Highway Agency,2,U.S. Highway,US-SR 8,,1981,1981,32.44072500,32.44072500,-85.301838890,-85.301838890,0,No Special Jurisdiction,12,"Motor Vehicle In-Transport ",2,Front-to-Front,0,No,1,Non-Junction,1,Not an Intersection,0,None,,,1,On Roadway,2,Dark - Not Lighted,1,Clear,0,No Additional Atmospheric Conditions,1,Clear,0,No,0000000,Not Applicable,23,11:00pm-11:59pm,52,52,0,0:00am-0:59am,8,8,0,0:00am-0:59am,51,51,0,None,0,None,0,None,1,2
2016,1,10344,Alabama,1,1,0,0,0,1,1,63,GREENE (63),0,NOT APPLICABLE,15,6,June,2016,4,Wednesday,10,10:00am-10:59am,55,55,0,This section IS NOT on the NHS,1,Rural,6,Minor Collector,2,County Highway Agency,4,County Road,CR-72,,0,None,32.65485278,32.65485278,-88.001122220,-88.001122220,0,No Special Jurisdiction,32,Culvert,0,Not a Collision with Motor Vehicle In-Transport,0,No,1,Non-Junction,1,Not an Intersection,0,None,,,4,On Roadside,1,Daylight,10,Cloudy,0,No Additional Atmospheric Conditions,10,Cloudy,0,No,0000000,Not Applicable,11,11:00am-11:59am,21,21,11,11:00am-11:59am,43,43,88,"Not Applicable (Not Transported) ",88,Not Applicable (Not Transported),0,None,0,None,0,None,1,0
2016,1,10345,Alabama,2,2,0,0,0,2,2,61,GENEVA (61),1990,MALVERN,11,6,June,2016,7,Saturday,21,9:00pm-9:59pm,3,3,0,This section IS NOT on the NHS,1,Rural,4,Minor Arterial,1,State Highway Agency,3,State Highway,SR-52,,514,514,31.13770556,31.13770556,-85.554388890,-85.554388890,0,No Special Jurisdiction,12,"Motor Vehicle In-Transport ",2,Front-to-Front,0,No,1,Non-Junction,1,Not an Intersection,0,None,,,1,On Roadway,2,Dark - Not Lighted,10,Cloudy,0,No Additional Atmospheric Conditions,10,Cloudy,0,No,0000000,Not Applicable,99,Unknown,99,Unknown,21,9:00pm-9:59pm,24,24,99,Unknown,99,Unknown EMS Hospital Arrival Time,0,None,0,None,0,None,1,0
2016,1,10346,Alabama,1,1,0,0,0,1,1,1,AUTAUGA (1),0,NOT APPLICABLE,15,6,June,2016,4,Wednesday,23,11:00pm-11:59pm,30,30,0,This section IS NOT on the NHS,1,Rural,5,Major Collector,2,County Highway Agency,4,County Road,CR-BRIDGE CREEK RD,,0,None,32.50929444,32.50929444,-86.493402780,-86.493402780,0,No Special Jurisdiction,16,Thrown or Falling Object,0,Not a Collision with Motor Vehicle In-Transport,0,No,1,Non-Junction,1,Not an Intersection,0,None,,,1,On Roadway,2,Dark - Not Lighted,2,Rain,0,No Additional Atmospheric Conditions,2,Rain,0,No,0000000,Not Applicable,23,11:00pm-11:59pm,52,52,23,11:00pm-11:59pm,59,59,88,"Not Applicable (Not Transported) ",88,Not Applicable (Not Transported),0,None,0,None,0,None,1,0
2016,1,10347,Alabama,1,1,0,0,0,1,1,7,BIBB (7),0,NOT APPLICABLE,16,6,June,2016,5,Thursday,5,5:00am-5:59am,35,35,1,This section IS ON the NHS,1,Rural,3,Principal Arterial - Other,1,State Highway Agency,2,U.S. Highway,US-SR 6,,906,906,32.92521944,32.92521944,-87.043177780,-87.043177780,0,No Special Jurisdiction,1,Rollover/Overturn,0,Not a Collision with Motor Vehicle In-Transport,0,No,1,Non-Junction,1,Not an Intersection,0,None,,,4,On Roadside,4,Dawn,1,Clear,0,No Additional Atmospheric Conditions,1,Clear,0,No,0000000,Not Applicable,88,Not Applicable (Not Notified),88,Not Applicable (Not Notified),88,"Not Applicable ",88,Not Applicable,88,"Not Applicable (Not Transported) ",88,Not Applicable (Not Transported),0,None,0,None,0,None,1,0
2016,1,10348,Alabama,1,1,0,0,0,1,1,7,BIBB (7),0,NOT APPLICABLE,17,6,June,2016,6,Friday,23,11:00pm-11:59pm,0,0,0,This section IS NOT on the NHS,1,Rural,4,Minor Arterial,1,State Highway Agency,3,State Highway,SR-219,,377,377,32.89769167,32.89769167,-87.123961110,-87.123961110,0,No Special Jurisdiction,42,Tree (Standing Only),0,Not a Collision with Motor Vehicle In-Transport,0,No,1,Non-Junction,1,Not an Intersection,0,None,,,4,On Roadside,2,Dark - Not Lighted,1,Clear,0,No Additional Atmospheric Conditions,1,Clear,0,No,0000000,Not Applicable,88,Not Applicable (Not Notified),88,Not Applicable (Not Notified),88,"Not Applicable ",88,Not Applicable,88,"Not Applicable (Not Transported) ",88,Not Applicable (Not Transported),0,None,0,None,0,None,1,0
2016,1,10349,Alabama,1,1,0,0,0,1,1,89,MADISON (89),1730,HUNTSVILLE,17,6,June,2016,6,Friday,17,5:00pm-5:59pm,13,13,1,This section IS ON the NHS,2,Urban,3,Principal Arterial - Other,1,State Highway Agency,3,State Highway,SR-1,,3308,3308,34.71682222,34.71682222,-86.547605560,-86.547605560,0,No Special Jurisdiction,30,Utility Pole/Light Support,0,Not a Collision with Motor Vehicle In-Transport,0,No,1,Non-Junction,1,Not an Intersection,0,None,,,4,On Roadside,1,Daylight,1,Clear,0,No Additional Atmospheric Conditions,1,Clear,0,No,0000000,Not Applicable,99,Unknown,99,Unknown,17,5:00pm-5:59pm,22,22,88,"Not Applicable (Not Transported) ",88,Not Applicable (Not Transported),0,None,0,None,0,None,1,0
2016,1,10350,Alabama,2,1,1,0,2,1,3,73,JEFFERSON (73),350,BIRMINGHAM,18,6,June,2016,7,Saturday,3,3:00am-3:59am,34,34,0,This section IS NOT on the NHS,2,Urban,4,Minor Arterial,4,City or Municipal Highway Agency,6,Local Street - Municipality,EASTLAKE RD,,0,None,33.56109722,33.56109722,-86.765794440,-86.765794440,0,No Special Jurisdiction,38,Fence,0,Not a Collision with Motor Vehicle In-Transport,0,No,1,Non-Junction,1,Not an Intersection,0,None,,,4,On Roadside,2,Dark - Not Lighted,1,Clear,0,No Additional Atmospheric Conditions,1,Clear,0,No,0000000,Not Applicable,3,3:00am-3:59am,36,36,3,3:00am-3:59am,42,42,88,"Not Applicable (Not Transported) ",88,Not Applicable (Not Transported),0,None,0,None,0,None,1,0
2016,1,10351,Alabama,2,2,0,0,0,4,4,69,HOUSTON (69),0,NOT APPLICABLE,19,6,June,2016,1,Sunday,9,9:00am-9:59am,40,40,0,This section IS NOT on the NHS,1,Rural,4,Minor Arterial,1,State Highway Agency,3,State Highway,SR-53,CR-33,108,108,31.09911944,31.09911944,-85.312513890,-85.312513890,0,No Special Jurisdiction,12,"Motor Vehicle In-Transport ",6,"Angle ",0,No,2,Intersection,2,Four-Way Intersection,0,None,,,1,On Roadway,1,Daylight,1,Clear,0,No Additional Atmospheric Conditions,1,Clear,0,No,0000000,Not Applicable,9,9:00am-9:59am,38,38,9,9:00am-9:59am,48,48,10,10:00am-10:59am,16,16,0,None,0,None,0,None,1,1
2016,1,10353,Alabama,1,1,0,0,0,2,2,125,TUSCALOOSA (125),0,NOT APPLICABLE,19,6,June,2016,1,Sunday,9,9:00am-9:59am,0,0,0,This section IS NOT on the NHS,1,Rural,6,Minor Collector,2,County Highway Agency,4,County Road,CR-BOYD RD,,0,None,33.30254722,33.30254722,-87.781047220,-87.781047220,0,No Special Jurisdiction,1,Rollover/Overturn,0,Not a Collision with Motor Vehicle In-Transport,0,No,1,Non-Junction,1,Not an Intersection,0,None,,,1,On Roadway,1,Daylight,1,Clear,0,No Additional Atmospheric Conditions,1,Clear,0,No,0000000,Not Applicable,99,Unknown,99,Unknown,9,9:00am-9:59am,20,20,99,Unknown,99,Unknown EMS Hospital Arrival Time,0,None,0,None,0,None,1,0
2016,1,10354,Alabama,1,1,0,0,0,1,1,71,JACKSON (71),0,NOT APPLICABLE,20,6,June,2016,2,Monday,18,6:00pm-6:59pm,40,40,0,This section IS NOT on the NHS,1,Rural,4,Minor Arterial,1,State Highway Agency,3,State Highway,SR-40,,116,116,34.62388056,34.62388056,-85.801022220,-85.801022220,0,No Special Jurisdiction,53,Mail Box,0,Not a Collision with Motor Vehicle In-Transport,0,No,1,Non-Junction,1,Not an Intersection,0,None,,,4,On Roadside,1,Daylight,1,Clear,0,No Additional Atmospheric Conditions,1,Clear,0,No,0000000,Not Applicable,18,6:00pm-6:59pm,45,45,19,7:00pm-7:59pm,0,0,88,"Not Applicable (Not Transported) ",88,Not Applicable (Not Transported),0,None,0,None,0,None,1,0
2016,1,10355,Alabama,1,1,0,0,0,1,1,133,WINSTON (133),0,NOT APPLICABLE,20,6,June,2016,2,Monday,6,6:00am-6:59am,15,15,1,This section IS ON the NHS,1,Rural,3,Principal Arterial - Other,1,State Highway Agency,2,U.S. Highway,US-SR 74,,266,266,34.08887500,34.08887500,-87.628772220,-87.628772220,0,No Special Jurisdiction,42,Tree (Standing Only),0,Not a Collision with Motor Vehicle In-Transport,0,No,1,Non-Junction,1,Not an Intersection,0,None,,,4,On Roadside,4,Dawn,1,Clear,0,No Additional Atmospheric Conditions,1,Clear,0,No,0000000,Not Applicable,99,Unknown,99,Unknown,6,6:00am-6:59am,30,30,88,"Not Applicable (Not Transported) ",88,Not Applicable (Not Transported),0,None,0,None,0,None,1,1
2016,1,10356,Alabama,1,1,0,0,0,1,1,115,ST. CLAIR (115),0,NOT APPLICABLE,21,6,June,2016,3,Tuesday,13,1:00pm-1:59pm,20,20,0,This section IS NOT on the NHS,1,Rural,4,Minor Arterial,1,State Highway Agency,2,U.S. Highway,US-SR 25,,1880,1880,33.73829444,33.73829444,-86.339763890,-86.339763890,0,No Special Jurisdiction,32,Culvert,0,Not a Collision with Motor Vehicle In-Transport,0,No,1,Non-Junction,1,Not an Intersection,0,None,,,4,On Roadside,1,Daylight,1,Clear,0,No Additional Atmospheric Conditions,1,Clear,0,No,0000000,Not Applicable,99,Unknown,99,Unknown,13,1:00pm-1:59pm,45,45,88,"Not Applicable (Not Transported) ",88,Not Applicable (Not Transported),0,None,0,None,0,None,1,0
2016,1,10357,Alabama,3,3,0,0,0,5,5,67,HENRY (67),0,NOT APPLICABLE,23,6,June,2016,5,Thursday,16,4:00pm-4:59pm,45,45,0,This section IS NOT on the NHS,1,Rural,5,Major Collector,1,State Highway Agency,3,State Highway,SR-95,,530,530,31.66401667,31.66401667,-85.202561110,-85.202561110,0,No Special Jurisdiction,12,"Motor Vehicle In-Transport ",1,"Front-to-Rear ",0,No,1,Non-Junction,1,Not an Intersection,1,Construction,,,1,On Roadway,1,Daylight,1,Clear,0,No Additional Atmospheric Conditions,1,Clear,0,No,0000000,Not Applicable,99,Unknown,99,Unknown,16,4:00pm-4:59pm,50,50,99,Unknown,99,Unknown EMS Hospital Arrival Time,0,None,0,None,0,None,1,0
2016,1,10358,Alabama,1,1,0,0,0,1,1,89,MADISON (89),0,NOT APPLICABLE,23,6,June,2016,5,Thursday,10,10:00am-10:59am,0,0,0,This section IS NOT on the NHS,2,Urban,7,Local,2,County Highway Agency,4,County Road,CR-INDIAN CREEK RD,,0,None,34.80964722,34.80964722,-86.691236110,-86.691236110,0,No Special Jurisdiction,42,Tree (Standing Only),0,Not a Collision with Motor Vehicle In-Transport,0,No,1,Non-Junction,1,Not an Intersection,0,None,,,4,On Roadside,1,Daylight,1,Clear,0,No Additional Atmospheric Conditions,1,Clear,0,No,0000000,Not Applicable,11,11:00am-11:59am,10,10,11,11:00am-11:59am,18,18,88,"Not Applicable (Not Transported) ",88,Not Applicable (Not Transported),0,None,0,None,0,None,1,0