caseyear,state,st_case,statename,ve_total,ve_forms,pvh_invl,peds,pernotmvit,permvit,persons,county,countyname,city,cityname,day,month,monthname,year,day_week,day_weekname,hour,hourname,minute,minutename,nhs,nhsname,rur_urb,rur_urbname,func_sys,func_sysname,rd_owner,rd_ownername,route,routename,tway_id,tway_id2,milept,mileptname,latitude,latitudename,longitud,longitudname,sp_jur,sp_jurname,harm_ev,harm_evname,man_coll,man_collname,reljct1,reljct1name,reljct2,reljct2name,typ_int,typ_intname,wrk_zone,wrk_zonename,road_fnc,road_fncname,rel_road,rel_roadname,lgt_cond,lgt_condname,weather1,weather1name,weather2,weather2name,weather,weathername,sch_bus,sch_busname,rail,railname,not_hour,not_hourname,not_min,not_minname,arr_hour,arr_hourname,arr_min,arr_minname,hosp_hr,hosp_hrname,hosp_mn,hosp_mnname,cf1,cf1name,cf2,cf2name,cf3,cf3name,fatals,drunk_dr
2016,1,10604,Alabama,1,1,0,0,0,1,1,73,JEFFERSON (73),350,BIRMINGHAM,23,10,October,2016,1,Sunday,7,7:00am-7:59am,8,8,1,This section IS ON the NHS,2,Urban,1,Interstate,1,State Highway Agency,1,Interstate,I-59,,1330,1330,33.57594167,33.57594167,-86.715116670,-86.715116670,0,No Special Jurisdiction,24,Guardrail Face,0,Not a Collision with Motor Vehicle In-Transport,0,No,1,Non-Junction,1,Not an Intersection,0,None,,,3,On Median,1,Daylight,1,Clear,0,No Additional Atmospheric Conditions,1,Clear,0,No,0000000,Not Applicable,7,7:00am-7:59am,11,11,7,7:00am-7:59am,18,18,88,"Not Applicable (Not Transported) ",88,Not Applicable (Not Transported),0,None,0,None,0,None,1,0
2016,1,10605,Alabama,1,1,0,0,0,1,1,55,ETOWAH (55),0,NOT APPLICABLE,10,9,September,2016,7,Saturday,19,7:00pm-7:59pm,40,40,0,This section IS NOT on the NHS,1,Rural,7,Local,2,County Highway Agency,4,County Road,CR-OLD FORD VALLEY RD,,0,None,33.96476667,33.96476667,-85.874672220,-85.874672220,0,No Special Jurisdiction,34,Ditch,0,Not a Collision with Motor Vehicle In-Transport,0,No,1,Non-Junction,1,Not an Intersection,0,None,,,4,On Roadside,2,Dark - Not Lighted,1,Clear,0,No Additional Atmospheric Conditions,1,Clear,0,No,0000000,Not Applicable,19,7:00pm-7:59pm,53,53,19,7:00pm-7:59pm,58,58,20,8:00pm-8:59pm,19,19,0,None,0,None,0,None,1,0
2016,1,10606,Alabama,1,1,0,0,0,2,2,97,MOBILE (97),0,NOT APPLICABLE,12,9,September,2016,2,Monday,15,3:00pm-3:59pm,10,10,0,This section IS NOT on the NHS,1,Rural,5,Major Collector,2,County Highway Agency,4,County Road,CR-CLEVELAND AVE,,0,None,30.47753611,30.47753611,-88.208508330,-88.208508330,0,No Special Jurisdiction,53,Mail Box,0,Not a Collision with Motor Vehicle In-Transport,0,No,1,Non-Junction,1,Not an Intersection,0,None,,,4,On Roadside,1,Daylight,1,Clear,0,No Additional Atmospheric Conditions,1,Clear,0,No,0000000,Not Applicable,99,Unknown,99,Unknown,15,3:00pm-3:59pm,26,26,99,Unknown,99,Unknown EMS Hospital Arrival Time,0,None,0,None,0,None,1,0
2016,1,10607,Alabama,1,1,0,0,0,1,1,17,CHAMBERS (17),1820,LAFAYETTE,18,9,September,2016,1,Sunday,8,8:00am-8:59am,8,8,0,This section IS NOT on the NHS,1,Rural,5,Major Collector,2,County Highway Agency,4,County Road,CR-83,,0,None,32.87731944,32.87731944,-85.388494440,-85.388494440,0,No Special Jurisdiction,1,Rollover/Overturn,0,Not a Collision with Motor Vehicle In-Transport,0,No,1,Non-Junction,1,Not an Intersection,0,None,,,4,On Roadside,1,Daylight,1,Clear,0,No Additional Atmospheric Conditions,1,Clear,0,No,0000000,Not Applicable,8,8:00am-8:59am,8,8,8,8:00am-8:59am,13,13,88,"Not Applicable (Not Transported) ",88,Not Applicable (Not Transported),0,None,0,None,0,None,1,1
2016,1,10608,Alabama,1,1,0,1,1,1,1,3,BALDWIN (3),0,NOT APPLICABLE,15,9,September,2016,5,Thursday,5,5:00am-5:59am,59,59,0,This section IS NOT on the NHS,1,Rural,5,Major Collector,2,County Highway Agency,4,County Road,CR-12,,0,None,30.35564722,30.35564722,-87.705972220,-87.705972220,0,No Special Jurisdiction,8,Pedestrian,0,Not a Collision with Motor Vehicle In-Transport,0,No,1,Non-Junction,1,Not an Intersection,0,None,,,1,On Roadway,2,Dark - Not Lighted,1,Clear,0,No Additional Atmospheric Conditions,1,Clear,0,No,0000000,Not Applicable,99,Unknown,99,Unknown,6,6:00am-6:59am,15,15,88,"Not Applicable (Not Transported) ",88,Not Applicable (Not Transported),0,None,0,None,0,None,1,0
2016,1,10609,Alabama,2,2,0,0,0,3,3,13,BUTLER (13),1460,GREENVILLE,16,9,September,2016,6,Friday,15,3:00pm-3:59pm,58,58,0,This section IS NOT on the NHS,1,Rural,4,Minor Arterial,1,State Highway Agency,3,State Highway,SR-245,N CONECUH ST,0,None,31.84447778,31.84447778,-86.618358330,-86.618358330,0,No Special Jurisdiction,12,"Motor Vehicle In-Transport ",6,"Angle ",0,No,2,Intersection,2,Four-Way Intersection,0,None,,,1,On Roadway,1,Daylight,1,Clear,0,No Additional Atmospheric Conditions,1,Clear,0,No,0000000,Not Applicable,16,4:00pm-4:59pm,0,0,16,4:00pm-4:59pm,1,1,16,4:00pm-4:59pm,16,16,0,None,0,None,0,None,1,0
2016,1,10610,Alabama,2,2,0,0,0,4,4,33,COLBERT (33),3060,TUSCUMBIA,17,9,September,2016,7,Saturday,15,3:00pm-3:59pm,9,9,0,This section IS NOT on the NHS,1,Rural,3,Principal Arterial - Other,1,State Highway Agency,3,State Highway,SR-2,,220,220,34.70929444,34.70929444,-87.741822220,-87.741822220,0,No Special Jurisdiction,1,Rollover/Overturn,0,Not a Collision with Motor Vehicle In-Transport,0,No,1,Non-Junction,1,Not an Intersection,0,None,,,3,On Median,1,Daylight,2,Rain,0,No Additional Atmospheric Conditions,2,Rain,0,No,0000000,Not Applicable,99,Unknown,99,Unknown,15,3:00pm-3:59pm,16,16,99,Unknown,99,Unknown EMS Hospital Arrival Time,0,None,0,None,0,None,1,0
2016,1,10611,Alabama,2,2,0,0,0,2,2,97,MOBILE (97),0,NOT APPLICABLE,18,9,September,2016,1,Sunday,19,7:00pm-7:59pm,15,15,0,This section IS NOT on the NHS,1,Rural,5,Major Collector,2,County Highway Agency,4,County Road,CR-BELLINGRATH RD,,0,None,30.51461111,30.51461111,-88.170097220,-88.170097220,0,No Special Jurisdiction,12,"Motor Vehicle In-Transport ",2,Front-to-Front,0,No,1,Non-Junction,1,Not an Intersection,0,None,,,1,On Roadway,2,Dark - Not Lighted,10,Cloudy,0,No Additional Atmospheric Conditions,10,Cloudy,0,No,0000000,Not Applicable,19,7:00pm-7:59pm,10,10,19,7:00pm-7:59pm,15,15,99,Unknown,99,Unknown EMS Hospital Arrival Time,0,None,0,None,0,None,2,2
2016,1,10612,Alabama,1,1,0,1,1,1,1,97,MOBILE (97),2100,MOBILE,19,9,September,2016,2,Monday,19,7:00pm-7:59pm,25,25,1,This section IS ON the NHS,1,Rural,3,Principal Arterial - Other,1,State Highway Agency,3,State Highway,SR-193,,0,None,30.59578889,30.59578889,-88.155027780,-88.155027780,0,No Special Jurisdiction,8,Pedestrian,0,Not a Collision with Motor Vehicle In-Transport,0,No,1,Non-Junction,1,Not an Intersection,0,None,,,1,On Roadway,3,Dark - Lighted,1,Clear,0,No Additional Atmospheric Conditions,1,Clear,0,No,0000000,Not Applicable,19,7:00pm-7:59pm,30,30,19,7:00pm-7:59pm,35,35,19,7:00pm-7:59pm,49,49,23,Indication of a Stalled/Disabled Vehicle,0,None,0,None,1,0
2016,1,10613,Alabama,1,1,0,0,0,3,3,99,MONROE (99),0,NOT APPLICABLE,20,9,September,2016,3,Tuesday,10,10:00am-10:59am,48,48,0,This section IS NOT on the NHS,1,Rural,5,Major Collector,2,County Highway Agency,4,County Road,CR-20,,0,None,31.48616944,31.48616944,-87.244730560,-87.244730560,0,No Special Jurisdiction,1,Rollover/Overturn,0,Not a Collision with Motor Vehicle In-Transport,0,No,1,Non-Junction,1,Not an Intersection,0,None,,,4,On Roadside,1,Daylight,1,Clear,0,No Additional Atmospheric Conditions,1,Clear,0,No,0000000,Not Applicable,10,10:00am-10:59am,52,52,11,11:00am-11:59am,2,2,11,11:00am-11:59am,21,21,0,None,0,None,0,None,1,0
2016,1,10614,Alabama,1,1,0,0,0,2,2,121,TALLADEGA (121),2910,TALLADEGA,22,9,September,2016,5,Thursday,22,10:00pm-10:59pm,34,34,0,This section IS NOT on the NHS,1,Rural,5,Major Collector,4,City or Municipal Highway Agency,6,Local Street - Municipality,IRONTON RD,,0,None,33.43345000,33.43345000,-86.080552780,-86.080552780,0,No Special Jurisdiction,42,Tree (Standing Only),0,Not a Collision with Motor Vehicle In-Transport,0,No,1,Non-Junction,1,Not an Intersection,0,None,,,4,On Roadside,2,Dark - Not Lighted,10,Cloudy,0,No Additional Atmospheric Conditions,10,Cloudy,0,No,0000000,Not Applicable,99,Unknown,99,Unknown,22,10:00pm-10:59pm,40,40,88,"Not Applicable (Not Transported) ",88,Not Applicable (Not Transported),0,None,0,None,0,None,1,0
2016,1,10615,Alabama,1,1,0,0,0,1,1,19,CHEROKEE (19),1852,LEESBURG,22,9,September,2016,5,Thursday,10,10:00am-10:59am,14,14,0,This section IS NOT on the NHS,1,Rural,4,Minor Arterial,1,State Highway Agency,3,State Highway,SR-68,,0,None,34.20063611,34.20063611,-85.771072220,-85.771072220,0,No Special Jurisdiction,59,"Traffic Sign Support ",0,Not a Collision with Motor Vehicle In-Transport,0,No,1,Non-Junction,1,Not an Intersection,0,None,,,4,On Roadside,1,Daylight,1,Clear,0,No Additional Atmospheric Conditions,1,Clear,0,No,0000000,Not Applicable,99,Unknown,99,Unknown,10,10:00am-10:59am,23,23,99,Unknown,99,Unknown EMS Hospital Arrival Time,0,None,0,None,0,None,1,0
2016,1,10616,Alabama,2,2,0,0,0,3,3,3,BALDWIN (3),1493,GULF SHORES,20,9,September,2016,3,Tuesday,22,10:00pm-10:59pm,46,46,0,This section IS NOT on the NHS,1,Rural,7,Local,1,State Highway Agency,3,State Highway,SR-59,COVE AVE,10,10,30.26894167,30.26894167,-87.688305560,-87.688305560,0,No Special Jurisdiction,12,"Motor Vehicle In-Transport ",6,"Angle ",0,No,2,Intersection,3,T-Intersection,0,None,,,1,On Roadway,3,Dark - Lighted,1,Clear,0,No Additional Atmospheric Conditions,1,Clear,0,No,0000000,Not Applicable,22,10:00pm-10:59pm,50,50,22,10:00pm-10:59pm,52,52,23,11:00pm-11:59pm,36,36,0,None,0,None,0,None,1,2
2016,1,10618,Alabama,2,2,0,0,0,2,2,87,MACON (87),0,NOT APPLICABLE,21,9,September,2016,4,Wednesday,5,5:00am-5:59am,20,20,0,This section IS NOT on the NHS,1,Rural,3,Principal Arterial - Other,1,State Highway Agency,2,U.S. Highway,US-SR 8,,1854,1854,32.44679167,32.44679167,-85.510441670,-85.510441670,0,No Special Jurisdiction,12,"Motor Vehicle In-Transport ",2,Front-to-Front,0,No,1,Non-Junction,1,Not an Intersection,0,None,,,1,On Roadway,4,Dawn,1,Clear,0,No Additional Atmospheric Conditions,1,Clear,0,No,0000000,Not Applicable,99,Unknown,99,Unknown,99,Unknown EMS Scene Arrival Hour,99,Unknown EMS Scene Arrival Minutes,88,"Not Applicable (Not Transported) ",88,Not Applicable (Not Transported),0,None,0,None,0,None,1,0
2016,1,10619,Alabama,1,1,0,1,1,1,1,97,MOBILE (97),0,NOT APPLICABLE,23,9,September,2016,6,Friday,5,5:00am-5:59am,45,45,0,This section IS NOT on the NHS,2,Urban,3,Principal Arterial - Other,2,County Highway Agency,4,County Road,CR-SCHILLINGER RD,,0,None,30.62297778,30.62297778,-88.224675000,-88.224675000,0,No Special Jurisdiction,8,Pedestrian,0,Not a Collision with Motor Vehicle In-Transport,0,No,1,Non-Junction,1,Not an Intersection,0,None,,,1,On Roadway,2,Dark - Not Lighted,1,Clear,0,No Additional Atmospheric Conditions,1,Clear,0,No,0000000,Not Applicable,5,5:00am-5:59am,41,41,5,5:00am-5:59am,50,50,88,"Not Applicable (Not Transported) ",88,Not Applicable (Not Transported),0,None,0,None,0,None,1,0
2016,1,10620,Alabama,1,1,0,0,0,7,7,77,LAUDERDALE (77),0,NOT APPLICABLE,24,9,September,2016,7,Saturday,3,3:00am-3:59am,35,35,0,This section IS NOT on the NHS,1,Rural,7,Local,2,County Highway Agency,4,County Road,CR-3,,0,None,35.00375833,35.00375833,-88.102802780,-88.102802780,0,No Special Jurisdiction,34,Ditch,0,Not a Collision with Motor Vehicle In-Transport,0,No,1,Non-Junction,1,Not an Intersection,0,None,,,4,On Roadside,2,Dark - Not Lighted,1,Clear,0,No Additional Atmospheric Conditions,1,Clear,0,No,0000000,Not Applicable,3,3:00am-3:59am,59,59,4,4:00am-4:59am,53,53,6,6:00am-6:59am,9,9,0,None,0,None,0,None,1,1
2016,1,10621,Alabama,1,1,0,0,0,1,1,125,TUSCALOOSA (125),0,NOT APPLICABLE,24,9,September,2016,7,Saturday,1,1:00am-1:59am,30,30,0,This section IS NOT on the NHS,1,Rural,7,Local,2,County Highway Agency,4,County Road,CR-ED STEPHENS RD,,0,None,33.18930556,33.18930556,-87.329397220,-87.329397220,0,No Special Jurisdiction,34,Ditch,0,Not a Collision with Motor Vehicle In-Transport,0,No,1,Non-Junction,1,Not an Intersection,0,None,,,4,On Roadside,2,Dark - Not Lighted,1,Clear,0,No Additional Atmospheric Conditions,1,Clear,0,No,0000000,Not Applicable,99,Unknown,99,Unknown,99,Unknown EMS Scene Arrival Hour,99,Unknown EMS Scene Arrival Minutes,88,"Not Applicable (Not Transported) ",88,Not Applicable (Not Transported),0,None,0,None,0,None,1,0
2016,1,10622,Alabama,1,1,0,0,0,1,1,59,FRANKLIN (59),0,NOT APPLICABLE,24,9,September,2016,7,Saturday,10,10:00am-10:59am,55,55,0,This section IS NOT on the NHS,1,Rural,5,Major Collector,2,County Highway Agency,4,County Road,CR-48,,0,None,34.55085000,34.55085000,-87.560605560,-87.560605560,0,No Special Jurisdiction,58,Ground,0,Not a Collision with Motor Vehicle In-Transport,0,No,1,Non-Junction,1,Not an Intersection,0,None,,,1,On Roadway,1,Daylight,1,Clear,0,No Additional Atmospheric Conditions,1,Clear,0,No,0000000,Not Applicable,11,11:00am-11:59am,0,0,11,11:00am-11:59am,21,21,11,11:00am-11:59am,48,48,0,None,0,None,0,None,1,0
2016,1,10623,Alabama,1,1,0,0,0,1,1,69,HOUSTON (69),0,NOT APPLICABLE,24,9,September,2016,7,Saturday,0,0:00am-0:59am,0,0,0,This section IS NOT on the NHS,1,Rural,3,Principal Arterial - Other,1,State Highway Agency,3,State Highway,SR-53,,140,140,31.14183611,31.14183611,-85.332813890,-85.332813890,0,No Special Jurisdiction,38,Fence,0,Not a Collision with Motor Vehicle In-Transport,0,No,1,Non-Junction,1,Not an Intersection,0,None,,,4,On Roadside,2,Dark - Not Lighted,1,Clear,0,No Additional Atmospheric Conditions,1,Clear,0,No,0000000,Not Applicable,99,Unknown,99,Unknown,0,0:00am-0:59am,10,10,88,"Not Applicable (Not Transported) ",88,Not Applicable (Not Transported),0,None,0,None,0,None,1,1
2016,1,10624,Alabama,1,1,0,0,0,1,1,97,MOBILE (97),2100,MOBILE,24,9,September,2016,7,Saturday,22,10:00pm-10:59pm,25,25,0,This section IS NOT on the NHS,2,Urban,7,Local,4,City or Municipal Highway Agency,6,Local Street - Municipality,W I-65 SERVICE RD N,,0,None,30.71938889,30.71938889,-88.120913890,-88.120913890,0,No Special Jurisdiction,34,Ditch,0,Not a Collision with Motor Vehicle In-Transport,0,No,1,Non-Junction,1,Not an Intersection,0,None,,,4,On Roadside,3,Dark - Lighted,1,Clear,0,No Additional Atmospheric Conditions,1,Clear,0,No,0000000,Not Applicable,22,10:00pm-10:59pm,23,23,22,10:00pm-10:59pm,31,31,88,"Not Applicable (Not Transported) ",88,Not Applicable (Not Transported),0,None,0,None,0,None,1,1
2016,1,10625,Alabama,1,1,0,0,0,1,1,9,BLOUNT (9),0,NOT APPLICABLE,26,9,September,2016,2,Monday,14,2:00pm-2:59pm,45,45,0,This section IS NOT on the NHS,1,Rural,7,Local,2,County Highway Agency,4,County Road,CR-36,,0,None,34.03764167,34.03764167,-86.418155560,-86.418155560,0,No Special Jurisdiction,42,Tree (Standing Only),0,Not a Collision with Motor Vehicle In-Transport,0,No,1,Non-Junction,1,Not an Intersection,0,None,,,4,On Roadside,1,Daylight,2,Rain,0,No Additional Atmospheric Conditions,2,Rain,0,No,0000000,Not Applicable,99,Unknown,99,Unknown,15,3:00pm-3:59pm,0,0,88,"Not Applicable (Not Transported) ",88,Not Applicable (Not Transported),0,None,0,None,0,None,1,0
2016,1,10626,Alabama,1,1,0,1,1,1,1,89,MADISON (89),1730,HUNTSVILLE,26,9,September,2016,2,Monday,21,9:00pm-9:59pm,10,10,0,This section IS NOT on the NHS,2,Urban,4,Minor Arterial,4,City or Municipal Highway Agency,6,Local Street - Municipality,JORDAN LANE,,0,None,34.71400556,34.71400556,-86.626958330,-86.626958330,0,No Special Jurisdiction,8,Pedestrian,0,Not a Collision with Motor Vehicle In-Transport,0,No,1,Non-Junction,1,Not an Intersection,0,None,,,1,On Roadway,3,Dark - Lighted,1,Clear,0,No Additional Atmospheric Conditions,1,Clear,0,No,0000000,Not Applicable,99,Unknown,99,Unknown,21,9:00pm-9:59pm,18,18,88,"Not Applicable (Not Transported) ",88,Not Applicable (Not Transported),0,None,0,None,0,None,1,1
2016,1,10627,Alabama,1,1,0,0,0,2,2,55,ETOWAH (55),0,NOT APPLICABLE,27,9,September,2016,3,Tuesday,15,3:00pm-3:59pm,3,3,0,This section IS NOT on the NHS,1,Rural,6,Minor Collector,2,County Highway Agency,4,County Road,CR-COX GAP,,0,None,34.11769722,34.11769722,-86.076213890,-86.076213890,0,No Special Jurisdiction,35,Embankment,0,Not a Collision with Motor Vehicle In-Transport,0,No,1,Non-Junction,1,Not an Intersection,0,None,,,4,On Roadside,1,Daylight,1,Clear,0,No Additional Atmospheric Conditions,1,Clear,0,No,0000000,Not Applicable,15,3:00pm-3:59pm,11,11,15,3:00pm-3:59pm,48,48,16,4:00pm-4:59pm,24,24,0,None,0,None,0,None,1,0
2016,1,10628,Alabama,2,2,0,0,0,4,4,15,CALHOUN (15),0,NOT APPLICABLE,27,9,September,2016,3,Tuesday,14,2:00pm-2:59pm,30,30,0,This section IS NOT on the NHS,2,Urban,4,Minor Arterial,2,County Highway Agency,4,County Road,CR-OLD GADSDEN HWY,,0,None,33.69678056,33.69678056,-85.849458330,-85.849458330,0,No Special Jurisdiction,12,"Motor Vehicle In-Transport ",2,Front-to-Front,0,No,1,Non-Junction,1,Not an Intersection,0,None,,,1,On Roadway,1,Daylight,1,Clear,0,No Additional Atmospheric Conditions,1,Clear,0,No,0000000,Not Applicable,14,2:00pm-2:59pm,34,34,14,2:00pm-2:59pm,40,40,99,Unknown,99,Unknown EMS Hospital Arrival Time,20,Police Pursuit Involved,0,None,0,None,3,0
2016,1,10629,Alabama,1,1,0,1,1,2,2,125,TUSCALOOSA (125),0,NOT APPLICABLE,27,9,September,2016,3,Tuesday,20,8:00pm-8:59pm,25,25,1,This section IS ON the NHS,1,Rural,3,Principal Arterial - Other,1,State Highway Agency,3,State Highway,SR-13,,2084,2084,33.38159167,33.38159167,-87.610019440,-87.610019440,0,No Special Jurisdiction,8,Pedestrian,0,Not a Collision with Motor Vehicle In-Transport,0,No,1,Non-Junction,1,Not an Intersection,0,None,,,1,On Roadway,2,Dark - Not Lighted,1,Clear,0,No Additional Atmospheric Conditions,1,Clear,0,No,0000000,Not Applicable,99,Unknown,99,Unknown,20,8:00pm-8:59pm,36,36,99,Unknown,99,Unknown EMS Hospital Arrival Time,0,None,0,None,0,None,1,0
2016,1,10630,Alabama,2,2,0,0,0,3,3,37,COOSA (37),0,NOT APPLICABLE,29,9,September,2016,5,Thursday,17,5:00pm-5:59pm,17,17,0,This section IS NOT on the NHS,1,Rural,4,Minor Arterial,1,State Highway Agency,3,State Highway,SR-9,US 280,1564,1564,32.98426389,32.98426389,-86.065897220,-86.065897220,0,No Special Jurisdiction,12,"Motor Vehicle In-Transport ",6,"Angle ",0,No,2,Intersection,2,Four-Way Intersection,0,None,,,1,On Roadway,1,Daylight,1,Clear,0,No Additional Atmospheric Conditions,1,Clear,0,No,0000000,Not Applicable,17,5:00pm-5:59pm,32,32,18,6:00pm-6:59pm,7,7,19,7:00pm-7:59pm,6,6,0,None,0,None,0,None,2,0
2016,1,10631,Alabama,1,1,0,0,0,1,1,117,SHELBY (117),0,NOT APPLICABLE,29,9,September,2016,5,Thursday,21,9:00pm-9:59pm,28,28,0,This section IS NOT on the NHS,1,Rural,4,Minor Arterial,2,County Highway Agency,4,County Road,CR-26,,0,None,33.20504167,33.20504167,-86.738925000,-86.738925000,0,No Special Jurisdiction,1,Rollover/Overturn,0,Not a Collision with Motor Vehicle In-Transport,0,No,1,Non-Junction,1,Not an Intersection,0,None,,,4,On Roadside,2,Dark - Not Lighted,1,Clear,0,No Additional Atmospheric Conditions,1,Clear,0,No,0000000,Not Applicable,99,Unknown,99,Unknown,21,9:00pm-9:59pm,38,38,88,"Not Applicable (Not Transported) ",88,Not Applicable (Not Transported),0,None,0,None,0,None,1,0
2016,1,10632,Alabama,1,1,0,1,1,1,1,45,DALE (45),2230,NEWTON,29,9,September,2016,5,Thursday,19,7:00pm-7:59pm,30,30,0,This section IS NOT on the NHS,1,Rural,5,Major Collector,1,State Highway Agency,3,State Highway,SR-123,,178,178,31.30890556,31.30890556,-85.599572220,-85.599572220,0,No Special Jurisdiction,8,Pedestrian,0,Not a Collision with Motor Vehicle In-Transport,0,No,1,Non-Junction,1,Not an Intersection,0,None,,,1,On Roadway,2,Dark - Not Lighted,1,Clear,0,No Additional Atmospheric Conditions,1,Clear,0,No,0000000,Not Applicable,99,Unknown,99,Unknown,10,10:00am-10:59am,18,18,88,"Not Applicable (Not Transported) ",88,Not Applicable (Not Transported),0,None,0,None,0,None,1,0
2016,1,10633,Alabama,2,2,0,0,0,2,2,67,HENRY (67),0,NOT APPLICABLE,29,9,September,2016,5,Thursday,7,7:00am-7:59am,30,30,1,This section IS ON the NHS,1,Rural,3,Principal Arterial - Other,1,State Highway Agency,2,U.S. Highway,US-SR 1,,441,441,31.60806944,31.60806944,-85.277441670,-85.277441670,0,No Special Jurisdiction,12,"Motor Vehicle In-Transport ",1,"Front-to-Rear ",0,No,8,Driveway Access Related,1,Not an Intersection,0,None,,,1,On Roadway,1,Daylight,1,Clear,0,No Additional Atmospheric Conditions,1,Clear,0,No,0000000,Not Applicable,99,Unknown,99,Unknown,7,7:00am-7:59am,47,47,99,Unknown,99,Unknown EMS Hospital Arrival Time,0,None,0,None,0,None,1,0
2016,1,10634,Alabama,1,1,0,0,0,1,1,123,TALLAPOOSA (123),60,ALEXANDER CITY,29,9,September,2016,5,Thursday,5,5:00am-5:59am,25,25,0,This section IS NOT on the NHS,1,Rural,5,Major Collector,4,City or Municipal Highway Agency,6,Local Street - Municipality,COLEY CREEK ROAD,,0,None,32.95176944,32.95176944,-85.898594440,-85.898594440,0,No Special Jurisdiction,34,Ditch,0,Not a Collision with Motor Vehicle In-Transport,0,No,1,Non-Junction,1,Not an Intersection,0,None,,,4,On Roadside,3,Dark - Lighted,1,Clear,0,No Additional Atmospheric Conditions,1,Clear,0,No,0000000,Not Applicable,99,Unknown,99,Unknown,5,5:00am-5:59am,29,29,99,Unknown,99,Unknown EMS Hospital Arrival Time,0,None,0,None,0,None,1,0
2016,1,10635,Alabama,1,1,0,0,0,1,1,49,DEKALB (49),810,CROSSVILLE,29,9,September,2016,5,Thursday,3,3:00am-3:59am,45,45,0,This section IS NOT on the NHS,1,Rural,4,Minor Arterial,1,State Highway Agency,3,State Highway,SR-227,,90,90,34.29774722,34.29774722,-85.988619440,-85.988619440,0,No Special Jurisdiction,53,Mail Box,0,Not a Collision with Motor Vehicle In-Transport,0,No,1,Non-Junction,1,Not an Intersection,0,None,,,4,On Roadside,2,Dark - Not Lighted,1,Clear,0,No Additional Atmospheric Conditions,1,Clear,0,No,0000000,Not Applicable,3,3:00am-3:59am,59,59,4,4:00am-4:59am,4,4,88,"Not Applicable (Not Transported) ",88,Not Applicable (Not Transported),0,None,0,None,0,None,1,0
2016,1,10636,Alabama,2,2,0,0,0,4,4,61,GENEVA (61),0,NOT APPLICABLE,29,9,September,2016,5,Thursday,18,6:00pm-6:59pm,50,50,0,This section IS NOT on the NHS,1,Rural,5,Major Collector,2,County Highway Agency,4,County Road,CR-61,,0,None,31.03580833,31.03580833,-85.734663890,-85.734663890,0,No Special Jurisdiction,12,"Motor Vehicle In-Transport ",2,Front-to-Front,0,No,1,Non-Junction,1,Not an Intersection,0,None,,,1,On Roadway,5,Dusk,1,Clear,0,No Additional Atmospheric Conditions,1,Clear,0,No,0000000,Not Applicable,19,7:00pm-7:59pm,16,16,19,7:00pm-7:59pm,30,30,20,8:00pm-8:59pm,28,28,0,None,0,None,0,None,1,0
2016,1,10637,Alabama,2,2,0,0,0,2,2,73,JEFFERSON (73),350,BIRMINGHAM,30,9,September,2016,6,Friday,13,1:00pm-1:59pm,48,48,1,This section IS ON the NHS,2,Urban,3,Principal Arterial - Other,4,City or Municipal Highway Agency,6,Local Street - Municipality,PARKWAY EAST,,0,None,33.60576389,33.60576389,-86.690038890,-86.690038890,0,No Special Jurisdiction,12,"Motor Vehicle In-Transport ",6,"Angle ",0,No,8,Driveway Access Related,1,Not an Intersection,0,None,,,1,On Roadway,1,Daylight,1,Clear,0,No Additional Atmospheric Conditions,1,Clear,0,No,0000000,Not Applicable,13,1:00pm-1:59pm,49,49,13,1:00pm-1:59pm,53,53,14,2:00pm-2:59pm,6,6,0,None,0,None,0,None,1,0
2016,1,10638,Alabama,1,1,0,0,0,1,1,37,COOSA (37),0,NOT APPLICABLE,30,9,September,2016,6,Friday,12,12:00pm-12:59pm,30,30,0,This section IS NOT on the NHS,1,Rural,7,Local,2,County Highway Agency,4,County Road,CR-CARLTON RD,,0,None,32.92060556,32.92060556,-86.013272220,-86.013272220,0,No Special Jurisdiction,38,Fence,0,Not a Collision with Motor Vehicle In-Transport,0,No,1,Non-Junction,1,Not an Intersection,0,None,,,4,On Roadside,1,Daylight,1,Clear,0,No Additional Atmospheric Conditions,1,Clear,0,No,0000000,Not Applicable,12,12:00pm-12:59pm,20,20,12,12:00pm-12:59pm,56,56,13,1:00pm-1:59pm,15,15,0,None,0,None,0,None,1,0
2016,1,10639,Alabama,2,2,0,0,0,2,2,45,DALE (45),0,NOT APPLICABLE,30,9,September,2016,6,Friday,9,9:00am-9:59am,5,5,0,This section IS NOT on the NHS,1,Rural,4,Minor Arterial,1,State Highway Agency,3,State Highway,SR-27,JOHNTOWN RD,487,487,31.44767500,31.44767500,-85.608544440,-85.608544440,0,No Special Jurisdiction,12,"Motor Vehicle In-Transport ",6,"Angle ",0,No,2,Intersection,3,T-Intersection,0,None,,,1,On Roadway,1,Daylight,1,Clear,0,No Additional Atmospheric Conditions,1,Clear,0,No,0000000,Not Applicable,9,9:00am-9:59am,11,11,9,9:00am-9:59am,17,17,9,9:00am-9:59am,47,47,14,"Motor Vehicle struck by falling cargo,or something that came loose from or something that was set in motion by a vehicle",0,None,0,None,1,0