caseyear,state,st_case,statename,ve_total,ve_forms,pvh_invl,peds,pernotmvit,permvit,persons,county,countyname,city,cityname,day,month,monthname,year,day_week,day_weekname,hour,hourname,minute,minutename,nhs,nhsname,rur_urb,rur_urbname,func_sys,func_sysname,rd_owner,rd_ownername,route,routename,tway_id,tway_id2,milept,mileptname,latitude,latitudename,longitud,longitudname,sp_jur,sp_jurname,harm_ev,harm_evname,man_coll,man_collname,reljct1,reljct1name,reljct2,reljct2name,typ_int,typ_intname,wrk_zone,wrk_zonename,road_fnc,road_fncname,rel_road,rel_roadname,lgt_cond,lgt_condname,weather1,weather1name,weather2,weather2name,weather,weathername,sch_bus,sch_busname,rail,railname,not_hour,not_hourname,not_min,not_minname,arr_hour,arr_hourname,arr_min,arr_minname,hosp_hr,hosp_hrname,hosp_mn,hosp_mnname,cf1,cf1name,cf2,cf2name,cf3,cf3name,fatals,drunk_dr
2016,1,10640,Alabama,1,1,0,0,0,1,1,83,LIMESTONE (83),0,NOT APPLICABLE,30,9,September,2016,6,Friday,6,6:00am-6:59am,20,20,0,This section IS NOT on the NHS,1,Rural,7,Local,2,County Highway Agency,4,County Road,CR-TILLMAN MILL RD,,0,None,34.85278889,34.85278889,-87.053391670,-87.053391670,0,No Special Jurisdiction,38,Fence,0,Not a Collision with Motor Vehicle In-Transport,0,No,1,Non-Junction,1,Not an Intersection,0,None,,,5,Outside Trafficway,2,Dark - Not Lighted,5,"Fog, Smog, Smoke",0,No Additional Atmospheric Conditions,5,"Fog, Smog, Smoke",0,No,0000000,Not Applicable,6,6:00am-6:59am,23,23,6,6:00am-6:59am,32,32,88,"Not Applicable (Not Transported) ",88,Not Applicable (Not Transported),0,None,0,None,0,None,1,1
2016,1,10641,Alabama,1,1,0,0,0,1,1,51,ELMORE (51),0,NOT APPLICABLE,1,10,October,2016,7,Saturday,15,3:00pm-3:59pm,15,15,0,This section IS NOT on the NHS,1,Rural,4,Minor Arterial,2,County Highway Agency,4,County Road,CR-407,,0,None,32.67821389,32.67821389,-86.005283330,-86.005283330,0,No Special Jurisdiction,38,Fence,0,Not a Collision with Motor Vehicle In-Transport,0,No,1,Non-Junction,1,Not an Intersection,0,None,,,4,On Roadside,1,Daylight,1,Clear,0,No Additional Atmospheric Conditions,1,Clear,0,No,0000000,Not Applicable,99,Unknown,99,Unknown,15,3:00pm-3:59pm,40,40,88,"Not Applicable (Not Transported) ",88,Not Applicable (Not Transported),0,None,0,None,0,None,1,1
2016,1,10642,Alabama,2,2,0,0,0,2,2,101,MONTGOMERY (101),0,NOT APPLICABLE,1,10,October,2016,7,Saturday,2,2:00am-2:59am,40,40,1,This section IS ON the NHS,1,Rural,3,Principal Arterial - Other,1,State Highway Agency,3,State Highway,SR-6,,1706,1706,32.19967778,32.19967778,-86.117716670,-86.117716670,0,No Special Jurisdiction,1,Rollover/Overturn,0,Not a Collision with Motor Vehicle In-Transport,0,No,1,Non-Junction,1,Not an Intersection,0,None,,,4,On Roadside,2,Dark - Not Lighted,1,Clear,0,No Additional Atmospheric Conditions,1,Clear,0,No,0000000,Not Applicable,99,Unknown,99,Unknown,3,3:00am-3:59am,1,1,88,"Not Applicable (Not Transported) ",88,Not Applicable (Not Transported),14,"Motor Vehicle struck by falling cargo,or something that came loose from or something that was set in motion by a vehicle",0,None,0,None,1,1
2016,1,10643,Alabama,1,1,0,1,1,2,2,73,JEFFERSON (73),350,BIRMINGHAM,1,10,October,2016,7,Saturday,19,7:00pm-7:59pm,50,50,0,This section IS NOT on the NHS,2,Urban,7,Local,4,City or Municipal Highway Agency,6,Local Street - Municipality,VALLEY AVE,,0,None,33.47379444,33.47379444,-86.818102780,-86.818102780,0,No Special Jurisdiction,8,Pedestrian,0,Not a Collision with Motor Vehicle In-Transport,0,No,1,Non-Junction,1,Not an Intersection,0,None,,,1,On Roadway,3,Dark - Lighted,1,Clear,0,No Additional Atmospheric Conditions,1,Clear,0,No,0000000,Not Applicable,20,8:00pm-8:59pm,1,1,20,8:00pm-8:59pm,9,9,88,"Not Applicable (Not Transported) ",88,Not Applicable (Not Transported),0,None,0,None,0,None,1,1
2016,1,10644,Alabama,1,1,0,0,0,2,2,101,MONTGOMERY (101),2130,MONTGOMERY,1,10,October,2016,7,Saturday,6,6:00am-6:59am,25,25,0,This section IS NOT on the NHS,2,Urban,4,Minor Arterial,4,City or Municipal Highway Agency,6,Local Street - Municipality,COLISEUM BLVD,,0,None,32.41081111,32.41081111,-86.265608330,-86.265608330,0,No Special Jurisdiction,43,Other Fixed Object,0,Not a Collision with Motor Vehicle In-Transport,0,No,1,Non-Junction,1,Not an Intersection,0,None,,,4,On Roadside,4,Dawn,1,Clear,0,No Additional Atmospheric Conditions,1,Clear,0,No,0000000,Not Applicable,99,Unknown,99,Unknown,6,6:00am-6:59am,29,29,88,"Not Applicable (Not Transported) ",88,Not Applicable (Not Transported),0,None,0,None,0,None,1,0
2016,1,10645,Alabama,1,1,0,0,0,1,1,49,DEKALB (49),0,NOT APPLICABLE,2,10,October,2016,1,Sunday,21,9:00pm-9:59pm,3,3,0,This section IS NOT on the NHS,1,Rural,4,Minor Arterial,1,State Highway Agency,3,State Highway,SR-68,,142,142,34.30671389,34.30671389,-85.923369440,-85.923369440,0,No Special Jurisdiction,42,Tree (Standing Only),0,Not a Collision with Motor Vehicle In-Transport,0,No,1,Non-Junction,1,Not an Intersection,0,None,,,4,On Roadside,2,Dark - Not Lighted,1,Clear,0,No Additional Atmospheric Conditions,1,Clear,0,No,0000000,Not Applicable,99,Unknown,99,Unknown,21,9:00pm-9:59pm,10,10,88,"Not Applicable (Not Transported) ",88,Not Applicable (Not Transported),0,None,0,None,0,None,1,0
2016,1,10646,Alabama,2,2,0,0,0,3,3,13,BUTLER (13),0,NOT APPLICABLE,3,10,October,2016,2,Monday,18,6:00pm-6:59pm,51,51,0,This section IS NOT on the NHS,1,Rural,5,Major Collector,1,State Highway Agency,3,State Highway,SR-106,CR-17,89,89,31.66106111,31.66106111,-86.784530560,-86.784530560,0,No Special Jurisdiction,12,"Motor Vehicle In-Transport ",6,"Angle ",0,No,3,"Intersection-Related ",3,T-Intersection,0,None,,,1,On Roadway,2,Dark - Not Lighted,1,Clear,0,No Additional Atmospheric Conditions,1,Clear,0,No,0000000,Not Applicable,99,Unknown,99,Unknown,19,7:00pm-7:59pm,2,2,88,"Not Applicable (Not Transported) ",88,Not Applicable (Not Transported),20,Police Pursuit Involved,0,None,0,None,1,1
2016,1,10647,Alabama,1,1,0,0,0,1,1,23,CHOCTAW (23),0,NOT APPLICABLE,4,10,October,2016,3,Tuesday,14,2:00pm-2:59pm,30,30,0,This section IS NOT on the NHS,1,Rural,7,Local,2,County Highway Agency,4,County Road,CR-BONNERTOWN RD,,0,None,31.93042222,31.93042222,-88.355100000,-88.355100000,0,No Special Jurisdiction,1,Rollover/Overturn,0,Not a Collision with Motor Vehicle In-Transport,0,No,1,Non-Junction,1,Not an Intersection,0,None,,,4,On Roadside,1,Daylight,1,Clear,0,No Additional Atmospheric Conditions,1,Clear,0,No,0000000,Not Applicable,99,Unknown,99,Unknown,99,Unknown EMS Scene Arrival Hour,99,Unknown EMS Scene Arrival Minutes,88,"Not Applicable (Not Transported) ",88,Not Applicable (Not Transported),0,None,0,None,0,None,1,1
2016,1,10648,Alabama,1,1,0,0,0,1,1,55,ETOWAH (55),1280,GADSDEN,4,10,October,2016,3,Tuesday,8,8:00am-8:59am,30,30,1,This section IS ON the NHS,2,Urban,3,Principal Arterial - Other,1,State Highway Agency,3,State Highway,SR-25,,0,None,33.99123611,33.99123611,-86.004308330,-86.004308330,0,No Special Jurisdiction,30,Utility Pole/Light Support,0,Not a Collision with Motor Vehicle In-Transport,0,No,1,Non-Junction,1,Not an Intersection,0,None,,,4,On Roadside,1,Daylight,1,Clear,0,No Additional Atmospheric Conditions,1,Clear,0,No,0000000,Not Applicable,8,8:00am-8:59am,35,35,8,8:00am-8:59am,39,39,88,"Not Applicable (Not Transported) ",88,Not Applicable (Not Transported),0,None,0,None,0,None,1,0
2016,1,10649,Alabama,2,2,0,0,0,2,2,7,BIBB (7),3240,WEST BLOCTON,4,10,October,2016,3,Tuesday,11,11:00am-11:59am,55,55,1,This section IS ON the NHS,1,Rural,3,Principal Arterial - Other,1,State Highway Agency,3,State Highway,SR-5,CR-27,995,995,33.13363611,33.13363611,-87.144655560,-87.144655560,0,No Special Jurisdiction,12,"Motor Vehicle In-Transport ",6,"Angle ",0,No,2,Intersection,2,Four-Way Intersection,0,None,,,1,On Roadway,1,Daylight,1,Clear,0,No Additional Atmospheric Conditions,1,Clear,0,No,0000000,Not Applicable,99,Unknown,99,Unknown,12,12:00pm-12:59pm,14,14,88,"Not Applicable (Not Transported) ",88,Not Applicable (Not Transported),0,None,0,None,0,None,1,0
2016,1,10650,Alabama,1,1,0,0,0,3,3,91,MARENGO (91),0,NOT APPLICABLE,6,10,October,2016,5,Thursday,14,2:00pm-2:59pm,45,45,1,This section IS ON the NHS,1,Rural,3,Principal Arterial - Other,1,State Highway Agency,3,State Highway,SR-13,,1304,1304,32.45340833,32.45340833,-87.788591670,-87.788591670,0,No Special Jurisdiction,1,Rollover/Overturn,0,Not a Collision with Motor Vehicle In-Transport,0,No,1,Non-Junction,1,Not an Intersection,0,None,,,4,On Roadside,1,Daylight,1,Clear,0,No Additional Atmospheric Conditions,1,Clear,0,No,0000000,Not Applicable,99,Unknown,99,Unknown,15,3:00pm-3:59pm,15,15,99,Unknown,99,Unknown EMS Hospital Arrival Time,0,None,0,None,0,None,1,0
2016,1,10651,Alabama,2,2,0,0,0,2,2,73,JEFFERSON (73),330,BESSEMER,6,10,October,2016,5,Thursday,17,5:00pm-5:59pm,20,20,0,This section IS NOT on the NHS,2,Urban,7,Local,4,City or Municipal Highway Agency,6,Local Street - Municipality,FLINT HILL RD,,0,None,33.35602778,33.35602778,-86.998488890,-86.998488890,0,No Special Jurisdiction,12,"Motor Vehicle In-Transport ",2,Front-to-Front,0,No,1,Non-Junction,1,Not an Intersection,0,None,,,1,On Roadway,1,Daylight,1,Clear,0,No Additional Atmospheric Conditions,1,Clear,0,No,0000000,Not Applicable,99,Unknown,99,Unknown,17,5:00pm-5:59pm,20,20,88,"Not Applicable (Not Transported) ",88,Not Applicable (Not Transported),0,None,0,None,0,None,1,0
2016,1,10652,Alabama,1,1,0,0,0,1,1,111,RANDOLPH (111),0,NOT APPLICABLE,6,10,October,2016,5,Thursday,13,1:00pm-1:59pm,20,20,0,This section IS NOT on the NHS,1,Rural,4,Minor Arterial,1,State Highway Agency,3,State Highway,SR-48,,267,267,33.31099722,33.31099722,-85.484680560,-85.484680560,0,No Special Jurisdiction,42,Tree (Standing Only),0,Not a Collision with Motor Vehicle In-Transport,0,No,1,Non-Junction,1,Not an Intersection,0,None,,,4,On Roadside,1,Daylight,1,Clear,0,No Additional Atmospheric Conditions,1,Clear,0,No,0000000,Not Applicable,99,Unknown,99,Unknown,13,1:00pm-1:59pm,40,40,88,"Not Applicable (Not Transported) ",88,Not Applicable (Not Transported),0,None,0,None,0,None,1,0
2016,1,10653,Alabama,3,3,0,0,0,4,4,107,PICKENS (107),0,NOT APPLICABLE,7,10,October,2016,6,Friday,19,7:00pm-7:59pm,0,0,1,This section IS ON the NHS,1,Rural,3,Principal Arterial - Other,1,State Highway Agency,2,U.S. Highway,US-SR 6,,277,277,33.29895000,33.29895000,-87.879125000,-87.879125000,0,No Special Jurisdiction,12,"Motor Vehicle In-Transport ",2,Front-to-Front,0,No,1,Non-Junction,1,Not an Intersection,0,None,,,1,On Roadway,2,Dark - Not Lighted,1,Clear,0,No Additional Atmospheric Conditions,1,Clear,0,No,0000000,Not Applicable,99,Unknown,99,Unknown,19,7:00pm-7:59pm,4,4,99,Unknown,99,Unknown EMS Hospital Arrival Time,0,None,0,None,0,None,1,0
2016,1,10654,Alabama,1,1,0,0,0,2,2,69,HOUSTON (69),0,NOT APPLICABLE,7,10,October,2016,6,Friday,0,0:00am-0:59am,55,55,0,This section IS NOT on the NHS,1,Rural,4,Minor Arterial,2,County Highway Agency,4,County Road,CR-HODGEVILLE RD,,0,None,31.15006667,31.15006667,-85.392150000,-85.392150000,0,No Special Jurisdiction,42,Tree (Standing Only),0,Not a Collision with Motor Vehicle In-Transport,0,No,1,Non-Junction,1,Not an Intersection,0,None,,,4,On Roadside,2,Dark - Not Lighted,1,Clear,0,No Additional Atmospheric Conditions,1,Clear,0,No,0000000,Not Applicable,99,Unknown,99,Unknown,1,1:00am-1:59am,10,10,99,Unknown,99,Unknown EMS Hospital Arrival Time,0,None,0,None,0,None,1,1
2016,1,10655,Alabama,1,1,0,0,0,1,1,65,HALE (65),0,NOT APPLICABLE,7,10,October,2016,6,Friday,0,0:00am-0:59am,45,45,0,This section IS NOT on the NHS,1,Rural,4,Minor Arterial,1,State Highway Agency,3,State Highway,SR-69,,1144,1144,32.78882222,32.78882222,-87.589933330,-87.589933330,0,No Special Jurisdiction,1,Rollover/Overturn,0,Not a Collision with Motor Vehicle In-Transport,0,No,1,Non-Junction,1,Not an Intersection,0,None,,,4,On Roadside,2,Dark - Not Lighted,1,Clear,0,No Additional Atmospheric Conditions,1,Clear,0,No,0000000,Not Applicable,99,Unknown,99,Unknown,99,Unknown EMS Scene Arrival Hour,99,Unknown EMS Scene Arrival Minutes,88,"Not Applicable (Not Transported) ",88,Not Applicable (Not Transported),0,None,0,None,0,None,1,0
2016,1,10656,Alabama,1,1,0,0,0,1,1,35,CONECUH (35),0,NOT APPLICABLE,8,10,October,2016,7,Saturday,23,11:00pm-11:59pm,30,30,0,This section IS NOT on the NHS,1,Rural,7,Local,2,County Highway Agency,4,County Road,CR-7,,0,None,31.36067778,31.36067778,-87.186325000,-87.186325000,0,No Special Jurisdiction,30,Utility Pole/Light Support,0,Not a Collision with Motor Vehicle In-Transport,0,No,1,Non-Junction,1,Not an Intersection,0,None,,,4,On Roadside,2,Dark - Not Lighted,1,Clear,0,No Additional Atmospheric Conditions,1,Clear,0,No,0000000,Not Applicable,99,Unknown,99,Unknown,23,11:00pm-11:59pm,54,54,99,Unknown,99,Unknown EMS Hospital Arrival Time,0,None,0,None,0,None,1,1
2016,1,10657,Alabama,1,1,0,0,0,7,7,31,COFFEE (31),0,NOT APPLICABLE,8,10,October,2016,7,Saturday,22,10:00pm-10:59pm,0,0,0,This section IS NOT on the NHS,1,Rural,4,Minor Arterial,1,State Highway Agency,3,State Highway,SR-167,,461,461,31.58841111,31.58841111,-85.940288890,-85.940288890,0,No Special Jurisdiction,42,Tree (Standing Only),0,Not a Collision with Motor Vehicle In-Transport,0,No,1,Non-Junction,1,Not an Intersection,1,Construction,,,4,On Roadside,2,Dark - Not Lighted,1,Clear,0,No Additional Atmospheric Conditions,1,Clear,0,No,0000000,Not Applicable,99,Unknown,99,Unknown,22,10:00pm-10:59pm,20,20,99,Unknown,99,Unknown EMS Hospital Arrival Time,0,None,0,None,0,None,2,0
2016,1,10658,Alabama,1,1,0,0,0,2,2,121,TALLADEGA (121),0,NOT APPLICABLE,8,10,October,2016,7,Saturday,22,10:00pm-10:59pm,25,25,0,This section IS NOT on the NHS,1,Rural,7,Local,2,County Highway Agency,4,County Road,CR-SHOCCO SPRINGS RD,,0,None,33.46280556,33.46280556,-86.173561110,-86.173561110,0,No Special Jurisdiction,34,Ditch,0,Not a Collision with Motor Vehicle In-Transport,0,No,1,Non-Junction,1,Not an Intersection,0,None,,,4,On Roadside,2,Dark - Not Lighted,1,Clear,0,No Additional Atmospheric Conditions,1,Clear,0,No,0000000,Not Applicable,99,Unknown,99,Unknown,22,10:00pm-10:59pm,35,35,99,Unknown,99,Unknown EMS Hospital Arrival Time,0,None,0,None,0,None,1,0
2016,1,10659,Alabama,1,1,0,0,0,1,1,89,MADISON (89),1730,HUNTSVILLE,8,10,October,2016,7,Saturday,22,10:00pm-10:59pm,13,13,0,This section IS NOT on the NHS,1,Rural,4,Minor Arterial,4,City or Municipal Highway Agency,6,Local Street - Municipality,BOB WADE LANE,,0,None,34.82619722,34.82619722,-86.621466670,-86.621466670,0,No Special Jurisdiction,30,Utility Pole/Light Support,0,Not a Collision with Motor Vehicle In-Transport,0,No,1,Non-Junction,1,Not an Intersection,0,None,,,4,On Roadside,3,Dark - Lighted,1,Clear,0,No Additional Atmospheric Conditions,1,Clear,0,No,0000000,Not Applicable,99,Unknown,99,Unknown,22,10:00pm-10:59pm,18,18,88,"Not Applicable (Not Transported) ",88,Not Applicable (Not Transported),0,None,0,None,0,None,1,1
2016,1,10660,Alabama,1,1,0,0,0,2,2,109,PIKE (109),0,NOT APPLICABLE,8,10,October,2016,7,Saturday,1,1:00am-1:59am,30,30,0,This section IS NOT on the NHS,1,Rural,6,Minor Collector,2,County Highway Agency,4,County Road,CR-5534,,0,None,31.75022500,31.75022500,-85.841102780,-85.841102780,0,No Special Jurisdiction,1,Rollover/Overturn,0,Not a Collision with Motor Vehicle In-Transport,0,No,1,Non-Junction,1,Not an Intersection,0,None,,,1,On Roadway,2,Dark - Not Lighted,1,Clear,0,No Additional Atmospheric Conditions,1,Clear,0,No,0000000,Not Applicable,99,Unknown,99,Unknown,2,2:00am-2:59am,39,39,99,Unknown,99,Unknown EMS Hospital Arrival Time,0,None,0,None,0,None,1,0
2016,1,10661,Alabama,1,1,0,0,0,1,1,89,MADISON (89),0,NOT APPLICABLE,9,10,October,2016,1,Sunday,8,8:00am-8:59am,30,30,1,This section IS ON the NHS,2,Urban,3,Principal Arterial - Other,1,State Highway Agency,2,U.S. Highway,US-SR 1,,3452,3452,34.87968333,34.87968333,-86.567888890,-86.567888890,0,No Special Jurisdiction,34,Ditch,0,Not a Collision with Motor Vehicle In-Transport,0,No,1,Non-Junction,1,Not an Intersection,0,None,,,4,On Roadside,1,Daylight,1,Clear,0,No Additional Atmospheric Conditions,1,Clear,0,No,0000000,Not Applicable,8,8:00am-8:59am,27,27,8,8:00am-8:59am,37,37,88,"Not Applicable (Not Transported) ",88,Not Applicable (Not Transported),0,None,0,None,0,None,1,0
2016,1,10662,Alabama,1,1,0,1,1,2,2,5,BARBOUR (5),1050,EUFAULA,9,10,October,2016,1,Sunday,21,9:00pm-9:59pm,0,0,1,This section IS ON the NHS,1,Rural,3,Principal Arterial - Other,1,State Highway Agency,2,U.S. Highway,US-SR 1,,660,660,31.88618333,31.88618333,-85.145388890,-85.145388890,0,No Special Jurisdiction,8,Pedestrian,0,Not a Collision with Motor Vehicle In-Transport,0,No,1,Non-Junction,1,Not an Intersection,0,None,,,1,On Roadway,3,Dark - Lighted,1,Clear,0,No Additional Atmospheric Conditions,1,Clear,0,No,0000000,Not Applicable,21,9:00pm-9:59pm,1,1,21,9:00pm-9:59pm,5,5,21,9:00pm-9:59pm,23,23,0,None,0,None,0,None,1,1
2016,1,10663,Alabama,1,1,0,0,0,1,1,73,JEFFERSON (73),1315,GARDENDALE,10,10,October,2016,2,Monday,3,3:00am-3:59am,53,53,0,This section IS NOT on the NHS,2,Urban,4,Minor Arterial,1,State Highway Agency,2,U.S. Highway,US-SR 3,,2890,2890,33.71608889,33.71608889,-86.823713890,-86.823713890,0,No Special Jurisdiction,32,Culvert,0,Not a Collision with Motor Vehicle In-Transport,0,No,1,Non-Junction,1,Not an Intersection,0,None,,,3,On Median,2,Dark - Not Lighted,1,Clear,0,No Additional Atmospheric Conditions,1,Clear,0,No,0000000,Not Applicable,99,Unknown,99,Unknown,4,4:00am-4:59am,5,5,88,"Not Applicable (Not Transported) ",88,Not Applicable (Not Transported),0,None,0,None,0,None,1,0
2016,1,10664,Alabama,2,2,0,0,0,2,2,121,TALLADEGA (121),680,CHILDERSBURG,10,10,October,2016,2,Monday,8,8:00am-8:59am,36,36,1,This section IS ON the NHS,1,Rural,3,Principal Arterial - Other,1,State Highway Agency,2,U.S. Highway,US-SR 38,FAYE S PERRY,0,None,33.25940000,33.25940000,-86.346933330,-86.346933330,0,No Special Jurisdiction,12,"Motor Vehicle In-Transport ",6,"Angle ",0,No,2,Intersection,3,T-Intersection,0,None,,,1,On Roadway,1,Daylight,1,Clear,0,No Additional Atmospheric Conditions,1,Clear,0,No,0000000,Not Applicable,99,Unknown,99,Unknown,8,8:00am-8:59am,37,37,99,Unknown,99,Unknown EMS Hospital Arrival Time,0,None,0,None,0,None,1,0
2016,1,10665,Alabama,2,2,0,0,0,4,4,9,BLOUNT (9),0,NOT APPLICABLE,10,10,October,2016,2,Monday,18,6:00pm-6:59pm,0,0,1,This section IS ON the NHS,1,Rural,3,Principal Arterial - Other,1,State Highway Agency,2,U.S. Highway,US-SR 74,,1010,1010,34.16090833,34.16090833,-86.488630560,-86.488630560,0,No Special Jurisdiction,12,"Motor Vehicle In-Transport ",1,"Front-to-Rear ",0,No,1,Non-Junction,1,Not an Intersection,0,None,,,1,On Roadway,1,Daylight,1,Clear,0,No Additional Atmospheric Conditions,1,Clear,0,No,0000000,Not Applicable,18,6:00pm-6:59pm,8,8,18,6:00pm-6:59pm,37,37,19,7:00pm-7:59pm,11,11,14,"Motor Vehicle struck by falling cargo,or something that came loose from or something that was set in motion by a vehicle",19,Recent/Previous Crash scene Nearby,0,None,1,0
2016,1,10666,Alabama,1,1,0,0,0,1,1,101,MONTGOMERY (101),2130,MONTGOMERY,10,10,October,2016,2,Monday,8,8:00am-8:59am,12,12,1,This section IS ON the NHS,1,Rural,2,Principal Arterial - Other Freeways and Expressways,1,State Highway Agency,3,State Highway,SR-152,,56,56,32.42202222,32.42202222,-86.246438890,-86.246438890,0,No Special Jurisdiction,42,Tree (Standing Only),0,Not a Collision with Motor Vehicle In-Transport,0,No,1,Non-Junction,1,Not an Intersection,0,None,,,3,On Median,1,Daylight,1,Clear,0,No Additional Atmospheric Conditions,1,Clear,0,No,0000000,Not Applicable,99,Unknown,99,Unknown,8,8:00am-8:59am,15,15,88,"Not Applicable (Not Transported) ",88,Not Applicable (Not Transported),0,None,0,None,0,None,1,0
2016,1,10667,Alabama,1,1,0,0,0,1,1,113,RUSSELL (113),0,NOT APPLICABLE,12,10,October,2016,4,Wednesday,11,11:00am-11:59am,15,15,0,This section IS NOT on the NHS,1,Rural,5,Major Collector,1,State Highway Agency,3,State Highway,SR-51,,926,926,32.34166389,32.34166389,-85.401172220,-85.401172220,0,No Special Jurisdiction,34,Ditch,0,Not a Collision with Motor Vehicle In-Transport,0,No,1,Non-Junction,1,Not an Intersection,0,None,,,4,On Roadside,1,Daylight,1,Clear,0,No Additional Atmospheric Conditions,1,Clear,0,No,0000000,Not Applicable,99,Unknown,99,Unknown,99,Unknown EMS Scene Arrival Hour,99,Unknown EMS Scene Arrival Minutes,88,"Not Applicable (Not Transported) ",88,Not Applicable (Not Transported),0,None,0,None,0,None,1,0
2016,1,10668,Alabama,1,1,0,0,0,1,1,95,MARSHALL (95),50,ALBERTVILLE,13,10,October,2016,5,Thursday,17,5:00pm-5:59pm,56,56,0,This section IS NOT on the NHS,1,Rural,4,Minor Arterial,1,State Highway Agency,3,State Highway,SR-205,,116,116,34.27643333,34.27643333,-86.253500000,-86.253500000,0,No Special Jurisdiction,30,Utility Pole/Light Support,0,Not a Collision with Motor Vehicle In-Transport,0,No,1,Non-Junction,1,Not an Intersection,0,None,,,4,On Roadside,1,Daylight,1,Clear,0,No Additional Atmospheric Conditions,1,Clear,0,No,0000000,Not Applicable,99,Unknown,99,Unknown,18,6:00pm-6:59pm,1,1,99,Unknown,99,Unknown EMS Hospital Arrival Time,0,None,0,None,0,None,1,0
2016,1,10669,Alabama,1,1,0,0,0,3,3,75,LAMAR (75),0,NOT APPLICABLE,13,10,October,2016,5,Thursday,22,10:00pm-10:59pm,30,30,0,This section IS NOT on the NHS,1,Rural,4,Minor Arterial,1,State Highway Agency,3,State Highway,SR-17,,2490,2490,33.83315278,33.83315278,-88.113863890,-88.113863890,0,No Special Jurisdiction,1,Rollover/Overturn,0,Not a Collision with Motor Vehicle In-Transport,0,No,1,Non-Junction,1,Not an Intersection,0,None,,,4,On Roadside,2,Dark - Not Lighted,1,Clear,0,No Additional Atmospheric Conditions,1,Clear,0,No,0000000,Not Applicable,22,10:00pm-10:59pm,41,41,22,10:00pm-10:59pm,53,53,23,11:00pm-11:59pm,27,27,20,Police Pursuit Involved,0,None,0,None,1,1
2016,1,10670,Alabama,1,1,0,0,0,1,1,31,COFFEE (31),0,NOT APPLICABLE,14,10,October,2016,6,Friday,99,Unknown Hours,99,Unknown Minutes,0,This section IS NOT on the NHS,1,Rural,6,Minor Collector,2,County Highway Agency,4,County Road,CR-349,,0,None,31.49221667,31.49221667,-86.098836110,-86.098836110,0,No Special Jurisdiction,3,Immersion or Partial Immersion,0,Not a Collision with Motor Vehicle In-Transport,0,No,1,Non-Junction,1,Not an Intersection,0,None,,,4,On Roadside,9,Unknown,1,Clear,0,No Additional Atmospheric Conditions,1,Clear,0,No,0000000,Not Applicable,99,Unknown,99,Unknown,11,11:00am-11:59am,14,14,88,"Not Applicable (Not Transported) ",88,Not Applicable (Not Transported),0,None,0,None,0,None,1,0
2016,1,10671,Alabama,1,1,0,0,0,1,1,111,RANDOLPH (111),2640,ROANOKE,14,10,October,2016,6,Friday,23,11:00pm-11:59pm,27,27,0,This section IS NOT on the NHS,1,Rural,7,Local,4,City or Municipal Highway Agency,6,Local Street - Municipality,SATTERWHITE ST,,0,None,33.14663333,33.14663333,-85.380088890,-85.380088890,0,No Special Jurisdiction,1,Rollover/Overturn,0,Not a Collision with Motor Vehicle In-Transport,0,No,1,Non-Junction,1,Not an Intersection,0,None,,,1,On Roadway,3,Dark - Lighted,1,Clear,0,No Additional Atmospheric Conditions,1,Clear,0,No,0000000,Not Applicable,23,11:00pm-11:59pm,26,26,23,11:00pm-11:59pm,32,32,88,"Not Applicable (Not Transported) ",88,Not Applicable (Not Transported),0,None,0,None,0,None,1,1
2016,1,10672,Alabama,1,1,0,1,1,1,1,69,HOUSTON (69),930,DOTHAN,14,10,October,2016,6,Friday,4,4:00am-4:59am,50,50,1,This section IS ON the NHS,2,Urban,3,Principal Arterial - Other,1,State Highway Agency,3,State Highway,SR-210,,126,126,31.19207500,31.19207500,-85.383013890,-85.383013890,0,No Special Jurisdiction,8,Pedestrian,0,Not a Collision with Motor Vehicle In-Transport,0,No,1,Non-Junction,1,Not an Intersection,0,None,,,1,On Roadway,2,Dark - Not Lighted,1,Clear,0,No Additional Atmospheric Conditions,1,Clear,0,No,0000000,Not Applicable,99,Unknown,99,Unknown,4,4:00am-4:59am,54,54,88,"Not Applicable (Not Transported) ",88,Not Applicable (Not Transported),0,None,0,None,0,None,1,0
2016,1,10673,Alabama,2,2,0,0,0,3,3,29,CLEBURNE (29),0,NOT APPLICABLE,14,10,October,2016,6,Friday,0,0:00am-0:59am,45,45,0,This section IS NOT on the NHS,1,Rural,4,Minor Arterial,1,State Highway Agency,3,State Highway,SR-46,,69,69,33.62628056,33.62628056,-85.477966670,-85.477966670,0,No Special Jurisdiction,12,"Motor Vehicle In-Transport ",2,Front-to-Front,0,No,1,Non-Junction,1,Not an Intersection,0,None,,,1,On Roadway,2,Dark - Not Lighted,1,Clear,0,No Additional Atmospheric Conditions,1,Clear,0,No,0000000,Not Applicable,99,Unknown,99,Unknown,0,0:00am-0:59am,52,52,88,"Not Applicable (Not Transported) ",88,Not Applicable (Not Transported),0,None,0,None,0,None,1,1